backbone,fusion,regressor,sample_idx,exp_id,top_path,side_path,volume,y_true,y_pred,residual,abs_error
densenet121,concat,linear,0,1,photos/top_view_images/P2260331.JPG,photos/side_view_images/P2260685.JPG,1.06,1.06,1.3033943176269531,0.24339431762695307,0.24339431762695307
densenet121,concat,linear,1,1,photos/top_view_images/P2260332.JPG,photos/side_view_images/P2260686.JPG,2.12,2.12,2.286489248275757,0.16648924827575673,0.16648924827575673
densenet121,concat,linear,2,1,photos/top_view_images/P2260333.JPG,photos/side_view_images/P2260687.JPG,3.18,3.18,2.5854341983795166,-0.5945658016204836,0.5945658016204836
densenet121,concat,linear,3,1,photos/top_view_images/P2260334.JPG,photos/side_view_images/P2260688.JPG,4.24,4.24,3.8428280353546143,-0.39717196464538596,0.39717196464538596
densenet121,concat,linear,4,2,photos/top_view_images/P2260335.JPG,photos/side_view_images/P2260689.JPG,1.06,1.06,0.9661846160888672,-0.09381538391113287,0.09381538391113287
densenet121,concat,linear,5,2,photos/top_view_images/P2260336.JPG,photos/side_view_images/P2260690.JPG,2.12,2.12,1.7421998977661133,-0.3778001022338868,0.3778001022338868
densenet121,concat,linear,6,2,photos/top_view_images/P2260337.JPG,photos/side_view_images/P2260692.JPG,3.18,3.18,2.8225457668304443,-0.3574542331695558,0.3574542331695558
densenet121,concat,linear,7,2,photos/top_view_images/P2260339.JPG,photos/side_view_images/P2260693.JPG,4.24,4.24,3.6914756298065186,-0.5485243701934817,0.5485243701934817
densenet121,concat,linear,8,3,photos/top_view_images/P2260340.JPG,photos/side_view_images/P2260694.JPG,1.06,1.06,1.7684754133224487,0.7084754133224487,0.7084754133224487
densenet121,concat,linear,9,3,photos/top_view_images/P2260341.JPG,photos/side_view_images/P2260695.JPG,2.12,2.12,2.36738657951355,0.2473865795135497,0.2473865795135497
densenet121,concat,linear,10,3,photos/top_view_images/P2260342.JPG,photos/side_view_images/P2260696.JPG,3.18,3.18,3.963719129562378,0.7837191295623778,0.7837191295623778
densenet121,concat,linear,11,3,photos/top_view_images/P2260343.JPG,photos/side_view_images/P2260697.JPG,4.24,4.24,4.8604841232299805,0.6204841232299803,0.6204841232299803
densenet121,concat,linear,12,4,photos/top_view_images/P2260345.JPG,photos/side_view_images/P2260699.JPG,1.06,1.06,1.5618281364440918,0.5018281364440917,0.5018281364440917
densenet121,concat,linear,13,4,photos/top_view_images/P2260346.JPG,photos/side_view_images/P2260700.JPG,2.12,2.12,2.0960230827331543,-0.02397691726684581,0.02397691726684581
densenet121,concat,linear,14,4,photos/top_view_images/P2260347.JPG,photos/side_view_images/P2260701.JPG,3.18,3.18,3.9015398025512695,0.7215398025512694,0.7215398025512694
densenet121,concat,linear,15,4,photos/top_view_images/P2260348.JPG,photos/side_view_images/P2260702.JPG,4.24,4.24,4.074184894561768,-0.16581510543823264,0.16581510543823264
densenet121,concat,linear,16,5,photos/top_view_images/P2260349.JPG,photos/side_view_images/P2260703.JPG,1.06,1.06,1.57918381690979,0.51918381690979,0.51918381690979
densenet121,concat,linear,17,5,photos/top_view_images/P2260350.JPG,photos/side_view_images/P2260704.JPG,2.12,2.12,2.3197500705718994,0.1997500705718993,0.1997500705718993
densenet121,concat,linear,18,5,photos/top_view_images/P2260351.JPG,photos/side_view_images/P2260705.JPG,3.18,3.18,3.983550548553467,0.8035505485534666,0.8035505485534666
densenet121,concat,linear,19,5,photos/top_view_images/P2260352.JPG,photos/side_view_images/P2260706.JPG,4.24,4.24,4.8546223640441895,0.6146223640441892,0.6146223640441892
densenet121,concat,linear,20,6,photos/top_view_images/P2270353.JPG,photos/side_view_images/P2270707.JPG,1.06,1.06,1.99805748462677,0.93805748462677,0.93805748462677
densenet121,concat,linear,21,6,photos/top_view_images/P2270354.JPG,photos/side_view_images/P2270708.JPG,2.12,2.12,2.824869155883789,0.704869155883789,0.704869155883789
densenet121,concat,linear,22,6,photos/top_view_images/P2270355.JPG,photos/side_view_images/P2270709.JPG,3.18,3.18,3.5092406272888184,0.3292406272888182,0.3292406272888182
densenet121,concat,linear,23,6,photos/top_view_images/P2270356.JPG,photos/side_view_images/P2270710.JPG,4.24,4.24,4.454330921173096,0.2143309211730955,0.2143309211730955
densenet121,concat,linear,24,7,photos/top_view_images/P2270357.JPG,photos/side_view_images/P2270712.JPG,1.06,1.06,1.216729760169983,0.15672976016998286,0.15672976016998286
densenet121,concat,linear,25,7,photos/top_view_images/P2270358.JPG,photos/side_view_images/P2270713.JPG,2.12,2.12,2.0955331325531006,-0.02446686744689952,0.02446686744689952
densenet121,concat,linear,26,7,photos/top_view_images/P2270359.JPG,photos/side_view_images/P2270714.JPG,3.18,3.18,3.1954236030578613,0.015423603057861168,0.015423603057861168
densenet121,concat,linear,27,7,photos/top_view_images/P2270360.JPG,photos/side_view_images/P2270715.JPG,4.24,4.24,4.184879779815674,-0.055120220184326385,0.055120220184326385
densenet121,concat,linear,28,8,photos/top_view_images/P2270361.JPG,photos/side_view_images/P2270716.JPG,1.06,1.06,0.6620800495147705,-0.39791995048522955,0.39791995048522955
densenet121,concat,linear,29,8,photos/top_view_images/P2270362.JPG,photos/side_view_images/P2270717.JPG,2.12,2.12,1.9035050868988037,-0.2164949131011964,0.2164949131011964
densenet121,concat,linear,30,8,photos/top_view_images/P2270363.JPG,photos/side_view_images/P2270718.JPG,3.18,3.18,3.235553503036499,0.055553503036498864,0.055553503036498864
densenet121,concat,linear,31,8,photos/top_view_images/P2270364.JPG,photos/side_view_images/P2270719.JPG,4.24,4.24,3.7916040420532227,-0.44839595794677756,0.44839595794677756
densenet121,concat,linear,32,9,photos/top_view_images/P2270365.JPG,photos/side_view_images/P2270720.JPG,1.06,1.06,1.8455615043640137,0.7855615043640136,0.7855615043640136
densenet121,concat,linear,33,9,photos/top_view_images/P2270366.JPG,photos/side_view_images/P2270721.JPG,2.12,2.12,2.552600383758545,0.4326003837585448,0.4326003837585448
densenet121,concat,linear,34,9,photos/top_view_images/P2270367.JPG,photos/side_view_images/P2270722.JPG,3.18,3.18,3.6325747966766357,0.4525747966766356,0.4525747966766356
densenet121,concat,linear,35,9,photos/top_view_images/P2270368.JPG,photos/side_view_images/P2270723.JPG,4.24,4.24,4.373297214508057,0.13329721450805643,0.13329721450805643
densenet121,concat,linear,36,10,photos/top_view_images/P2270369.JPG,photos/side_view_images/P2270724.JPG,1.06,1.06,1.8078516721725464,0.7478516721725463,0.7478516721725463
densenet121,concat,linear,37,10,photos/top_view_images/P2270370.JPG,photos/side_view_images/P2270725.JPG,2.12,2.12,2.6538658142089844,0.5338658142089843,0.5338658142089843
densenet121,concat,linear,38,10,photos/top_view_images/P2270371.JPG,photos/side_view_images/P2270726.JPG,3.18,3.18,3.3315036296844482,0.15150362968444808,0.15150362968444808
densenet121,concat,linear,39,10,photos/top_view_images/P2270372.JPG,photos/side_view_images/P2270727.JPG,4.24,4.24,4.734614849090576,0.49461484909057596,0.49461484909057596
densenet121,concat,linear,40,11,photos/top_view_images/P2270373.JPG,photos/side_view_images/P2270728.JPG,1.06,1.06,1.52021062374115,0.46021062374114985,0.46021062374114985
densenet121,concat,linear,41,11,photos/top_view_images/P2270374.JPG,photos/side_view_images/P2270729.JPG,2.12,2.12,2.8454384803771973,0.7254384803771972,0.7254384803771972
densenet121,concat,linear,42,11,photos/top_view_images/P2270375.JPG,photos/side_view_images/P2270730.JPG,3.18,3.18,3.6628406047821045,0.48284060478210433,0.48284060478210433
densenet121,concat,linear,43,11,photos/top_view_images/P2270376.JPG,photos/side_view_images/P2270731.JPG,4.24,4.24,3.895685911178589,-0.34431408882141135,0.34431408882141135
densenet121,concat,linear,44,12,photos/top_view_images/P2270377.JPG,photos/side_view_images/P2270732.JPG,1.06,1.06,1.542930006980896,0.48293000698089594,0.48293000698089594
densenet121,concat,linear,45,12,photos/top_view_images/P2270378.JPG,photos/side_view_images/P2270733.JPG,2.12,2.12,2.307483434677124,0.18748343467712392,0.18748343467712392
densenet121,concat,linear,46,12,photos/top_view_images/P2270379.JPG,photos/side_view_images/P2270734.JPG,3.18,3.18,3.6266443729400635,0.4466443729400633,0.4466443729400633
densenet121,concat,linear,47,12,photos/top_view_images/P2270381.JPG,photos/side_view_images/P2270736.JPG,4.24,4.24,4.51508903503418,0.2750890350341795,0.2750890350341795
densenet121,concat,linear,48,13,photos/top_view_images/P2270383.JPG,photos/side_view_images/P2270737.JPG,1.06,1.06,1.3073886632919312,0.2473886632919311,0.2473886632919311
densenet121,concat,linear,49,13,photos/top_view_images/P2270384.JPG,photos/side_view_images/P2270738.JPG,2.12,2.12,2.565976619720459,0.4459766197204589,0.4459766197204589
densenet121,concat,linear,50,13,photos/top_view_images/P2270385.JPG,photos/side_view_images/P2270739.JPG,3.18,3.18,3.3594746589660645,0.1794746589660643,0.1794746589660643
densenet121,concat,linear,51,14,photos/top_view_images/P3020386.JPG,photos/side_view_images/P3020741.JPG,1.06,1.06,1.7681478261947632,0.7081478261947631,0.7081478261947631
densenet121,concat,linear,52,14,photos/top_view_images/P3020387.JPG,photos/side_view_images/P3020742.JPG,2.12,2.12,2.4469971656799316,0.32699716567993153,0.32699716567993153
densenet121,concat,linear,53,14,photos/top_view_images/P3020388.JPG,photos/side_view_images/P3020743.JPG,3.18,3.18,3.9897704124450684,0.8097704124450682,0.8097704124450682
densenet121,concat,linear,54,14,photos/top_view_images/P3020389.JPG,photos/side_view_images/P3020744.JPG,4.24,4.24,4.864757061004639,0.6247570610046385,0.6247570610046385
densenet121,concat,linear,55,15,photos/top_view_images/P3020390.JPG,photos/side_view_images/P3020745.JPG,1.06,1.06,1.703969120979309,0.643969120979309,0.643969120979309
densenet121,concat,linear,56,15,photos/top_view_images/P3020391.JPG,photos/side_view_images/P3020746.JPG,2.12,2.12,3.2727973461151123,1.1527973461151122,1.1527973461151122
densenet121,concat,linear,57,15,photos/top_view_images/P3020392.JPG,photos/side_view_images/P3020747.JPG,3.18,3.18,4.015486717224121,0.8354867172241209,0.8354867172241209
densenet121,concat,linear,58,15,photos/top_view_images/P3020393.JPG,photos/side_view_images/P3020748.JPG,4.24,4.24,4.496951580047607,0.2569515800476072,0.2569515800476072
densenet121,concat,linear,59,16,photos/top_view_images/P3020394.JPG,photos/side_view_images/P3020749.JPG,1.06,1.06,0.8553834557533264,-0.20461654424667364,0.20461654424667364
densenet121,concat,linear,60,16,photos/top_view_images/P3020395.JPG,photos/side_view_images/P3020750.JPG,2.12,2.12,2.7103793621063232,0.5903793621063231,0.5903793621063231
densenet121,concat,linear,61,16,photos/top_view_images/P3020396.JPG,photos/side_view_images/P3020751.JPG,3.18,3.18,3.3247663974761963,0.14476639747619613,0.14476639747619613
densenet121,concat,linear,62,16,photos/top_view_images/P3020397.JPG,photos/side_view_images/P3020752.JPG,4.24,4.24,3.9406065940856934,-0.29939340591430685,0.29939340591430685
densenet121,concat,linear,63,17,photos/top_view_images/P3020398.JPG,photos/side_view_images/P3020753.JPG,1.06,1.06,1.4720263481140137,0.4120263481140136,0.4120263481140136
densenet121,concat,linear,64,17,photos/top_view_images/P3020399.JPG,photos/side_view_images/P3020754.JPG,2.12,2.12,2.9790658950805664,0.8590658950805663,0.8590658950805663
densenet121,concat,linear,65,17,photos/top_view_images/P3020400.JPG,photos/side_view_images/P3020755.JPG,3.18,3.18,3.6533803939819336,0.47338039398193343,0.47338039398193343
densenet121,concat,linear,66,17,photos/top_view_images/P3020401.JPG,photos/side_view_images/P3020756.JPG,4.24,4.24,4.756772518157959,0.5167725181579588,0.5167725181579588
densenet121,concat,linear,67,18,photos/top_view_images/P3020402.JPG,photos/side_view_images/P3020757.JPG,1.06,1.06,1.895572543144226,0.835572543144226,0.835572543144226
densenet121,concat,linear,68,18,photos/top_view_images/P3020403.JPG,photos/side_view_images/P3020758.JPG,2.12,2.12,2.6043717861175537,0.4843717861175536,0.4843717861175536
densenet121,concat,linear,69,18,photos/top_view_images/P3020404.JPG,photos/side_view_images/P3020759.JPG,3.18,3.18,3.977771520614624,0.7977715206146239,0.7977715206146239
densenet121,concat,linear,70,18,photos/top_view_images/P3020405.JPG,photos/side_view_images/P3020760.JPG,4.24,4.24,4.876858234405518,0.6368582344055174,0.6368582344055174
densenet121,concat,linear,71,19,photos/top_view_images/P3020406.JPG,photos/side_view_images/P3020761.JPG,1.06,1.06,1.362971305847168,0.3029713058471679,0.3029713058471679
densenet121,concat,linear,72,19,photos/top_view_images/P3020407.JPG,photos/side_view_images/P3020762.JPG,2.12,2.12,2.5481574535369873,0.4281574535369872,0.4281574535369872
densenet121,concat,linear,73,19,photos/top_view_images/P3020408.JPG,photos/side_view_images/P3020763.JPG,3.18,3.18,3.9778647422790527,0.7978647422790526,0.7978647422790526
densenet121,concat,linear,74,19,photos/top_view_images/P3020409.JPG,photos/side_view_images/P3020764.JPG,4.24,4.24,3.8124983310699463,-0.4275016689300539,0.4275016689300539
densenet121,concat,linear,75,20,photos/top_view_images/P3020410.JPG,photos/side_view_images/P3020765.JPG,1.06,1.06,1.6271846294403076,0.5671846294403076,0.5671846294403076
densenet121,concat,linear,76,20,photos/top_view_images/P3020411.JPG,photos/side_view_images/P3020766.JPG,2.12,2.12,3.258230209350586,1.1382302093505858,1.1382302093505858
densenet121,concat,linear,77,20,photos/top_view_images/P3020412.JPG,photos/side_view_images/P3020767.JPG,3.18,3.18,3.5788509845733643,0.3988509845733641,0.3988509845733641
densenet121,concat,linear,78,20,photos/top_view_images/P3020413.JPG,photos/side_view_images/P3020768.JPG,4.24,4.24,4.325976848602295,0.08597684860229471,0.08597684860229471
densenet121,concat,linear,79,21,photos/top_view_images/P3020414.JPG,photos/side_view_images/P3020769.JPG,1.06,1.06,1.976444959640503,0.9164449596405029,0.9164449596405029
densenet121,concat,linear,80,21,photos/top_view_images/P3020415.JPG,photos/side_view_images/P3020770.JPG,2.12,2.12,3.6828019618988037,1.5628019618988036,1.5628019618988036
densenet121,concat,linear,81,21,photos/top_view_images/P3020416.JPG,photos/side_view_images/P3020771.JPG,3.18,3.18,4.03280782699585,0.8528078269958494,0.8528078269958494
densenet121,concat,linear,82,21,photos/top_view_images/P3020417.JPG,photos/side_view_images/P3020772.JPG,4.24,4.24,4.167337894439697,-0.07266210556030295,0.07266210556030295
densenet121,concat,linear,83,22,photos/top_view_images/P3020418.JPG,photos/side_view_images/P3020773.JPG,1.06,1.06,0.697966456413269,-0.362033543586731,0.362033543586731
densenet121,concat,linear,84,22,photos/top_view_images/P3020419.JPG,photos/side_view_images/P3020774.JPG,2.12,2.12,1.9571572542190552,-0.16284274578094493,0.16284274578094493
densenet121,concat,linear,85,22,photos/top_view_images/P3020420.JPG,photos/side_view_images/P3020775.JPG,3.18,3.18,3.5269505977630615,0.34695059776306136,0.34695059776306136
densenet121,concat,linear,86,22,photos/top_view_images/P3020421.JPG,photos/side_view_images/P3020776.JPG,4.24,4.24,3.482935667037964,-0.7570643329620363,0.7570643329620363
densenet121,concat,linear,87,23,photos/top_view_images/P3020422.JPG,photos/side_view_images/P3020777.JPG,1.06,1.06,1.5533812046051025,0.4933812046051025,0.4933812046051025
densenet121,concat,linear,88,23,photos/top_view_images/P3020423.JPG,photos/side_view_images/P3020778.JPG,2.12,2.12,2.5299904346466064,0.40999043464660634,0.40999043464660634
densenet121,concat,linear,89,23,photos/top_view_images/P3020424.JPG,photos/side_view_images/P3020779.JPG,3.18,3.18,3.836172580718994,0.656172580718994,0.656172580718994
densenet121,concat,linear,90,23,photos/top_view_images/P3020425.JPG,photos/side_view_images/P3020780.JPG,4.24,4.24,4.102276802062988,-0.13772319793701193,0.13772319793701193
densenet121,concat,linear,91,24,photos/top_view_images/P3020426.JPG,photos/side_view_images/P3020781.JPG,1.06,1.06,1.517366647720337,0.45736664772033686,0.45736664772033686
densenet121,concat,linear,92,24,photos/top_view_images/P3020427.JPG,photos/side_view_images/P3020782.JPG,2.12,2.12,2.7626397609710693,0.6426397609710692,0.6426397609710692
densenet121,concat,linear,93,24,photos/top_view_images/P3020428.JPG,photos/side_view_images/P3020783.JPG,3.18,3.18,3.3720667362213135,0.19206673622131332,0.19206673622131332
densenet121,concat,linear,94,24,photos/top_view_images/P3020429.JPG,photos/side_view_images/P3020784.JPG,4.24,4.24,4.315261363983154,0.07526136398315408,0.07526136398315408
densenet121,concat,linear,95,25,photos/top_view_images/P3020430.JPG,photos/side_view_images/P3020785.JPG,1.06,1.06,0.9065687656402588,-0.15343123435974126,0.15343123435974126
densenet121,concat,linear,96,25,photos/top_view_images/P3020431.JPG,photos/side_view_images/P3020786.JPG,2.12,2.12,2.159507989883423,0.039507989883422745,0.039507989883422745
densenet121,concat,linear,97,25,photos/top_view_images/P3020432.JPG,photos/side_view_images/P3020787.JPG,3.18,3.18,2.393519878387451,-0.786480121612549,0.786480121612549
densenet121,concat,linear,98,25,photos/top_view_images/P3020433.JPG,photos/side_view_images/P3020788.JPG,4.24,4.24,3.509180784225464,-0.7308192157745363,0.7308192157745363
densenet121,concat,linear,99,26,photos/top_view_images/P3020434.JPG,photos/side_view_images/P3020789.JPG,1.06,1.06,2.126485824584961,1.0664858245849609,1.0664858245849609
densenet121,concat,linear,100,26,photos/top_view_images/P3020435.JPG,photos/side_view_images/P3020790.JPG,2.12,2.12,2.7274608612060547,0.6074608612060546,0.6074608612060546
densenet121,concat,linear,101,26,photos/top_view_images/P3020436.JPG,photos/side_view_images/P3020791.JPG,3.18,3.18,4.186304092407227,1.0063040924072264,1.0063040924072264
densenet121,concat,linear,102,26,photos/top_view_images/P3020437.JPG,photos/side_view_images/P3020792.JPG,4.24,4.24,4.42266321182251,0.18266321182250955,0.18266321182250955
densenet121,concat,linear,103,27,photos/top_view_images/P3020438.JPG,photos/side_view_images/P3020793.JPG,1.06,1.06,1.5579091310501099,0.4979091310501098,0.4979091310501098
densenet121,concat,linear,104,27,photos/top_view_images/P3020439.JPG,photos/side_view_images/P3020794.JPG,2.12,2.12,2.0844244956970215,-0.03557550430297862,0.03557550430297862
densenet121,concat,linear,105,27,photos/top_view_images/P3020440.JPG,photos/side_view_images/P3020795.JPG,3.18,3.18,3.7117748260498047,0.5317748260498045,0.5317748260498045
densenet121,concat,linear,106,27,photos/top_view_images/P3020441.JPG,photos/side_view_images/P3020796.JPG,4.24,4.24,4.135533809661865,-0.10446619033813498,0.10446619033813498
densenet121,concat,linear,107,28,photos/top_view_images/P3030442.JPG,photos/side_view_images/P3030797.JPG,1.06,1.06,0.8454865217208862,-0.21451347827911382,0.21451347827911382
densenet121,concat,linear,108,28,photos/top_view_images/P3030443.JPG,photos/side_view_images/P3030798.JPG,2.12,2.12,2.088005781173706,-0.03199421882629405,0.03199421882629405
densenet121,concat,linear,109,28,photos/top_view_images/P3030444.JPG,photos/side_view_images/P3030799.JPG,3.18,3.18,2.9952149391174316,-0.18478506088256852,0.18478506088256852
densenet121,concat,linear,110,28,photos/top_view_images/P3030445.JPG,photos/side_view_images/P3030800.JPG,4.24,4.24,3.6073901653289795,-0.6326098346710207,0.6326098346710207
densenet121,concat,linear,111,29,photos/top_view_images/P3030446.JPG,photos/side_view_images/P3030801.JPG,1.06,1.06,1.6036028861999512,0.5436028861999511,0.5436028861999511
densenet121,concat,linear,112,29,photos/top_view_images/P3030447.JPG,photos/side_view_images/P3030802.JPG,2.12,2.12,2.7461893558502197,0.6261893558502196,0.6261893558502196
densenet121,concat,linear,113,29,photos/top_view_images/P3030448.JPG,photos/side_view_images/P3030803.JPG,3.18,3.18,3.7362260818481445,0.5562260818481444,0.5562260818481444
densenet121,concat,linear,114,29,photos/top_view_images/P3030449.JPG,photos/side_view_images/P3030804.JPG,4.24,4.24,4.471978664398193,0.23197866439819315,0.23197866439819315
densenet121,concat,linear,115,30,photos/top_view_images/P3030450.JPG,photos/side_view_images/P3030805.JPG,1.06,1.06,1.5450506210327148,0.4850506210327148,0.4850506210327148
densenet121,concat,linear,116,30,photos/top_view_images/P3030451.JPG,photos/side_view_images/P3030806.JPG,2.12,2.12,2.8077821731567383,0.6877821731567382,0.6877821731567382
densenet121,concat,linear,117,30,photos/top_view_images/P3030452.JPG,photos/side_view_images/P3030807.JPG,3.18,3.18,3.340165138244629,0.16016513824462875,0.16016513824462875
densenet121,concat,linear,118,30,photos/top_view_images/P3030453.JPG,photos/side_view_images/P3030808.JPG,4.24,4.24,3.682823419570923,-0.5571765804290774,0.5571765804290774
densenet121,concat,linear,119,31,photos/top_view_images/P3030454.JPG,photos/side_view_images/P3030809.JPG,1.06,1.06,1.2485123872756958,0.18851238727569575,0.18851238727569575
densenet121,concat,linear,120,31,photos/top_view_images/P3030455.JPG,photos/side_view_images/P3030810.JPG,2.12,2.12,1.8271174430847168,-0.2928825569152833,0.2928825569152833
densenet121,concat,linear,121,31,photos/top_view_images/P3030456.JPG,photos/side_view_images/P3030811.JPG,3.18,3.18,3.2278878688812256,0.047887868881225426,0.047887868881225426
densenet121,concat,linear,122,31,photos/top_view_images/P3030457.JPG,photos/side_view_images/P3030812.JPG,4.24,4.24,4.265213489532471,0.02521348953247049,0.02521348953247049
densenet121,concat,linear,123,32,photos/top_view_images/P3050458.JPG,photos/side_view_images/P3050813.JPG,1.06,1.06,1.8636056184768677,0.8036056184768676,0.8036056184768676
densenet121,concat,linear,124,32,photos/top_view_images/P3050459.JPG,photos/side_view_images/P3050814.JPG,2.12,2.12,3.4649131298065186,1.3449131298065184,1.3449131298065184
densenet121,concat,linear,125,32,photos/top_view_images/P3050460.JPG,photos/side_view_images/P3050815.JPG,3.18,3.18,4.5802388191223145,1.4002388191223143,1.4002388191223143
densenet121,concat,linear,126,32,photos/top_view_images/P3050462.JPG,photos/side_view_images/P3050817.JPG,4.24,4.24,4.511484622955322,0.27148462295532205,0.27148462295532205
densenet121,concat,linear,127,33,photos/top_view_images/P3050463.JPG,photos/side_view_images/P3050818.JPG,1.06,1.06,1.4026964902877808,0.3426964902877807,0.3426964902877807
densenet121,concat,linear,128,33,photos/top_view_images/P3050464.JPG,photos/side_view_images/P3050819.JPG,2.12,2.12,2.4760611057281494,0.3560611057281493,0.3560611057281493
densenet121,concat,linear,129,34,photos/top_view_images/P3050467.JPG,photos/side_view_images/P3050823.JPG,1.06,1.06,2.3919517993927,1.3319517993927001,1.3319517993927001
densenet121,concat,linear,130,34,photos/top_view_images/P3050468.JPG,photos/side_view_images/P3050824.JPG,2.12,2.12,3.130408525466919,1.0104085254669188,1.0104085254669188
densenet121,concat,linear,131,34,photos/top_view_images/P3050469.JPG,photos/side_view_images/P3050825.JPG,3.18,3.18,3.840339422225952,0.660339422225952,0.660339422225952
densenet121,concat,linear,132,34,photos/top_view_images/P3050470.JPG,photos/side_view_images/P3050826.JPG,4.24,4.24,4.552103519439697,0.31210351943969705,0.31210351943969705
densenet121,concat,linear,133,35,photos/top_view_images/P3050471.JPG,photos/side_view_images/P3050827.JPG,1.06,1.06,1.511422038078308,0.45142203807830805,0.45142203807830805
densenet121,concat,linear,134,35,photos/top_view_images/P3050472.JPG,photos/side_view_images/P3050828.JPG,2.12,2.12,2.805799722671509,0.6857997226715087,0.6857997226715087
densenet121,concat,linear,135,35,photos/top_view_images/P3050473.JPG,photos/side_view_images/P3050829.JPG,3.18,3.18,3.676100015640259,0.49610001564025863,0.49610001564025863
densenet121,concat,linear,136,35,photos/top_view_images/P3050474.JPG,photos/side_view_images/P3050830.JPG,4.24,4.24,4.35374116897583,0.11374116897582986,0.11374116897582986
densenet121,concat,linear,137,36,photos/top_view_images/P3050475.JPG,photos/side_view_images/P3050831.JPG,1.06,1.06,1.7151107788085938,0.6551107788085937,0.6551107788085937
densenet121,concat,linear,138,36,photos/top_view_images/P3050476.JPG,photos/side_view_images/P3050832.JPG,2.12,2.12,2.694209337234497,0.574209337234497,0.574209337234497
densenet121,concat,linear,139,36,photos/top_view_images/P3050477.JPG,photos/side_view_images/P3050833.JPG,3.18,3.18,3.203413724899292,0.023413724899291832,0.023413724899291832
densenet121,concat,linear,140,36,photos/top_view_images/P3050478.JPG,photos/side_view_images/P3050834.JPG,4.24,4.24,4.311424732208252,0.07142473220825174,0.07142473220825174
densenet121,concat,linear,141,37,photos/top_view_images/P3050479.JPG,photos/side_view_images/P3050835.JPG,1.06,1.06,2.0517737865448,0.9917737865447998,0.9917737865447998
densenet121,concat,linear,142,37,photos/top_view_images/P3050480.JPG,photos/side_view_images/P3050836.JPG,2.12,2.12,2.540250778198242,0.4202507781982421,0.4202507781982421
densenet121,concat,linear,143,37,photos/top_view_images/P3050481.JPG,photos/side_view_images/P3050837.JPG,3.18,3.18,3.7661242485046387,0.5861242485046385,0.5861242485046385
densenet121,concat,linear,144,37,photos/top_view_images/P3050482.JPG,photos/side_view_images/P3050838.JPG,4.24,4.24,4.273380756378174,0.033380756378173615,0.033380756378173615
densenet121,concat,linear,145,38,photos/top_view_images/P3050484.JPG,photos/side_view_images/P3050840.JPG,1.06,1.06,1.2348467111587524,0.1748467111587524,0.1748467111587524
densenet121,concat,linear,146,38,photos/top_view_images/P3050485.JPG,photos/side_view_images/P3050841.JPG,2.12,2.12,1.8702644109725952,-0.2497355890274049,0.2497355890274049
densenet121,concat,linear,147,38,photos/top_view_images/P3050486.JPG,photos/side_view_images/P3050842.JPG,3.18,3.18,3.0003714561462402,-0.17962854385375993,0.17962854385375993
densenet121,concat,linear,148,38,photos/top_view_images/P3050487.JPG,photos/side_view_images/P3050843.JPG,4.24,4.24,3.9044854640960693,-0.3355145359039309,0.3355145359039309
densenet121,concat,linear,149,39,photos/top_view_images/P3050488.JPG,photos/side_view_images/P3050844.JPG,1.06,1.06,1.4495854377746582,0.38958543777465815,0.38958543777465815
densenet121,concat,linear,150,39,photos/top_view_images/P3050489.JPG,photos/side_view_images/P3050845.JPG,2.12,2.12,2.9118075370788574,0.7918075370788573,0.7918075370788573
densenet121,concat,linear,151,39,photos/top_view_images/P3050490.JPG,photos/side_view_images/P3050846.JPG,3.18,3.18,3.877316474914551,0.6973164749145506,0.6973164749145506
densenet121,concat,linear,152,39,photos/top_view_images/P3050491.JPG,photos/side_view_images/P3050847.JPG,4.24,4.24,4.479423522949219,0.23942352294921854,0.23942352294921854
densenet121,concat,linear,153,40,photos/top_view_images/P3050492.JPG,photos/side_view_images/P3050848.JPG,1.06,1.06,1.5622972249984741,0.5022972249984741,0.5022972249984741
densenet121,concat,linear,154,40,photos/top_view_images/P3050493.JPG,photos/side_view_images/P3050849.JPG,2.12,2.12,2.4546494483947754,0.3346494483947753,0.3346494483947753
densenet121,concat,linear,155,40,photos/top_view_images/P3050494.JPG,photos/side_view_images/P3050850.JPG,3.18,3.18,3.3060431480407715,0.12604314804077132,0.12604314804077132
densenet121,concat,linear,156,40,photos/top_view_images/P3050495.JPG,photos/side_view_images/P3050851.JPG,4.24,4.24,3.401550531387329,-0.8384494686126711,0.8384494686126711
densenet121,concat,linear,157,41,photos/top_view_images/P3050496.JPG,photos/side_view_images/P3050852.JPG,1.06,1.06,1.8509414196014404,0.7909414196014404,0.7909414196014404
densenet121,concat,linear,158,41,photos/top_view_images/P3050497.JPG,photos/side_view_images/P3050853.JPG,2.12,2.12,2.162706136703491,0.042706136703491104,0.042706136703491104
densenet121,concat,linear,159,41,photos/top_view_images/P3050498.JPG,photos/side_view_images/P3050854.JPG,3.18,3.18,3.2170937061309814,0.037093706130981285,0.037093706130981285
densenet121,concat,linear,160,41,photos/top_view_images/P3050499.JPG,photos/side_view_images/P3050855.JPG,4.24,4.24,4.191494464874268,-0.048505535125732635,0.048505535125732635
densenet121,concat,linear,161,42,photos/top_view_images/P3050500.JPG,photos/side_view_images/P3050857.JPG,2.12,2.12,1.7895138263702393,-0.33048617362976085,0.33048617362976085
densenet121,concat,linear,162,42,photos/top_view_images/P3050501.JPG,photos/side_view_images/P3050858.JPG,3.18,3.18,2.8157827854156494,-0.36421721458435075,0.36421721458435075
densenet121,concat,linear,163,43,photos/top_view_images/P3060503.JPG,photos/side_view_images/P3060859.JPG,1.06,1.06,1.2665358781814575,0.20653587818145747,0.20653587818145747
densenet121,concat,linear,164,43,photos/top_view_images/P3060504.JPG,photos/side_view_images/P3060860.JPG,2.12,2.12,2.2063233852386475,0.08632338523864735,0.08632338523864735
densenet121,concat,linear,165,43,photos/top_view_images/P3060505.JPG,photos/side_view_images/P3060861.JPG,3.18,3.18,2.8150570392608643,-0.3649429607391359,0.3649429607391359
densenet121,concat,linear,166,43,photos/top_view_images/P3060506.JPG,photos/side_view_images/P3060862.JPG,4.24,4.24,3.35872220993042,-0.8812777900695803,0.8812777900695803
densenet121,concat,linear,167,44,photos/top_view_images/P3060507.JPG,photos/side_view_images/P3060863.JPG,1.06,1.06,1.4982695579528809,0.4382695579528808,0.4382695579528808
densenet121,concat,linear,168,44,photos/top_view_images/P3060508.JPG,photos/side_view_images/P3060864.JPG,2.12,2.12,2.41403865814209,0.29403865814208974,0.29403865814208974
densenet121,concat,linear,169,44,photos/top_view_images/P3060509.JPG,photos/side_view_images/P3060865.JPG,3.18,3.18,2.9539339542388916,-0.22606604576110856,0.22606604576110856
densenet121,concat,linear,170,44,photos/top_view_images/P3060510.JPG,photos/side_view_images/P3060866.JPG,4.24,4.24,3.5782060623168945,-0.6617939376831057,0.6617939376831057
densenet121,concat,linear,171,45,photos/top_view_images/P3060511.JPG,photos/side_view_images/P3060867.JPG,1.06,1.06,1.507750153541565,0.4477501535415649,0.4477501535415649
densenet121,concat,linear,172,45,photos/top_view_images/P3060512.JPG,photos/side_view_images/P3060868.JPG,2.12,2.12,2.1001031398773193,-0.01989686012268077,0.01989686012268077
densenet121,concat,linear,173,45,photos/top_view_images/P3060513.JPG,photos/side_view_images/P3060869.JPG,3.18,3.18,3.220410108566284,0.04041010856628402,0.04041010856628402
densenet121,concat,linear,174,45,photos/top_view_images/P3060514.JPG,photos/side_view_images/P3060870.JPG,4.24,4.24,4.26204252243042,0.02204252243041971,0.02204252243041971
densenet121,concat,linear,175,46,photos/top_view_images/P3060515.JPG,photos/side_view_images/P3060871.JPG,1.06,1.06,1.6485209465026855,0.5885209465026855,0.5885209465026855
densenet121,concat,linear,176,46,photos/top_view_images/P3060516.JPG,photos/side_view_images/P3060872.JPG,2.12,2.12,2.2796549797058105,0.15965497970581044,0.15965497970581044
densenet121,concat,linear,177,46,photos/top_view_images/P3060517.JPG,photos/side_view_images/P3060873.JPG,3.18,3.18,3.200361967086792,0.020361967086791832,0.020361967086791832
densenet121,concat,linear,178,46,photos/top_view_images/P3060518.JPG,photos/side_view_images/P3060874.JPG,4.24,4.24,3.5794517993927,-0.6605482006073,0.6605482006073
densenet121,concat,linear,179,47,photos/top_view_images/P3060519.JPG,photos/side_view_images/P3060875.JPG,1.06,1.06,1.7916463613510132,0.7316463613510131,0.7316463613510131
densenet121,concat,linear,180,47,photos/top_view_images/P3060520.JPG,photos/side_view_images/P3060876.JPG,2.12,2.12,2.835016965866089,0.7150169658660888,0.7150169658660888
densenet121,concat,linear,181,47,photos/top_view_images/P3060521.JPG,photos/side_view_images/P3060877.JPG,3.18,3.18,3.0668976306915283,-0.11310236930847184,0.11310236930847184
densenet121,concat,linear,182,47,photos/top_view_images/P3060522.JPG,photos/side_view_images/P3060878.JPG,4.24,4.24,2.971869468688965,-1.2681305313110354,1.2681305313110354
densenet121,concat,linear,183,48,photos/top_view_images/P3060523.JPG,photos/side_view_images/P3060879.JPG,1.06,1.06,1.409307599067688,0.34930759906768793,0.34930759906768793
densenet121,concat,linear,184,48,photos/top_view_images/P3060524.JPG,photos/side_view_images/P3060880.JPG,2.12,2.12,2.2897164821624756,0.16971648216247548,0.16971648216247548
densenet121,concat,linear,185,48,photos/top_view_images/P3060525.JPG,photos/side_view_images/P3060881.JPG,3.18,3.18,2.861316442489624,-0.31868355751037614,0.31868355751037614
densenet121,concat,linear,186,48,photos/top_view_images/P3060526.JPG,photos/side_view_images/P3060882.JPG,4.24,4.24,3.223386287689209,-1.0166137123107912,1.0166137123107912
densenet121,concat,linear,187,49,photos/top_view_images/P3060527.JPG,photos/side_view_images/P3060883.JPG,1.06,1.06,1.2212082147598267,0.1612082147598266,0.1612082147598266
densenet121,concat,linear,188,49,photos/top_view_images/P3060528.JPG,photos/side_view_images/P3060884.JPG,2.12,2.12,2.186864137649536,0.06686413764953603,0.06686413764953603
densenet121,concat,linear,189,49,photos/top_view_images/P3060529.JPG,photos/side_view_images/P3060885.JPG,3.18,3.18,3.146718740463257,-0.033281259536743324,0.033281259536743324
densenet121,concat,linear,190,49,photos/top_view_images/P3060530.JPG,photos/side_view_images/P3060886.JPG,4.24,4.24,3.3146450519561768,-0.9253549480438235,0.9253549480438235
densenet121,concat,linear,191,50,photos/top_view_images/P3060531.JPG,photos/side_view_images/P3060887.JPG,1.06,1.06,1.990593671798706,0.930593671798706,0.930593671798706
densenet121,concat,linear,192,50,photos/top_view_images/P3060532.JPG,photos/side_view_images/P3060888.JPG,2.12,2.12,2.7915444374084473,0.6715444374084472,0.6715444374084472
densenet121,concat,linear,193,50,photos/top_view_images/P3060533.JPG,photos/side_view_images/P3060889.JPG,3.18,3.18,3.4747567176818848,0.2947567176818846,0.2947567176818846
densenet121,concat,linear,194,50,photos/top_view_images/P3060534.JPG,photos/side_view_images/P3060890.JPG,4.24,4.24,3.884622812271118,-0.35537718772888205,0.35537718772888205
densenet121,concat,linear,195,51,photos/top_view_images/P3060535.JPG,photos/side_view_images/P3060891.JPG,1.06,1.06,1.2153875827789307,0.1553875827789306,0.1553875827789306
densenet121,concat,linear,196,51,photos/top_view_images/P3060536.JPG,photos/side_view_images/P3060892.JPG,2.12,2.12,2.1757988929748535,0.05579889297485341,0.05579889297485341
densenet121,concat,linear,197,51,photos/top_view_images/P3060537.JPG,photos/side_view_images/P3060893.JPG,3.18,3.18,2.851693868637085,-0.3283061313629152,0.3283061313629152
densenet121,concat,linear,198,51,photos/top_view_images/P3060538.JPG,photos/side_view_images/P3060894.JPG,4.24,4.24,3.5593035221099854,-0.6806964778900149,0.6806964778900149
densenet121,concat,linear,199,52,photos/top_view_images/P3060539.JPG,photos/side_view_images/P3060895.JPG,1.06,1.06,1.6707355976104736,0.6107355976104736,0.6107355976104736
densenet121,concat,linear,200,52,photos/top_view_images/P3060540.JPG,photos/side_view_images/P3060896.JPG,2.12,2.12,2.994105339050293,0.8741053390502929,0.8741053390502929
densenet121,concat,linear,201,52,photos/top_view_images/P3060541.JPG,photos/side_view_images/P3060897.JPG,3.18,3.18,3.5267281532287598,0.3467281532287596,0.3467281532287596
densenet121,concat,linear,202,52,photos/top_view_images/P3060542.JPG,photos/side_view_images/P3060898.JPG,4.24,4.24,3.930105686187744,-0.3098943138122561,0.3098943138122561
densenet121,concat,linear,203,53,photos/top_view_images/P3060543.JPG,photos/side_view_images/P3060899.JPG,1.06,1.06,1.772932529449463,0.7129325294494628,0.7129325294494628
densenet121,concat,linear,204,53,photos/top_view_images/P3060544.JPG,photos/side_view_images/P3060900.JPG,2.12,2.12,2.4508121013641357,0.33081210136413564,0.33081210136413564
densenet121,concat,linear,205,53,photos/top_view_images/P3060545.JPG,photos/side_view_images/P3060901.JPG,3.18,3.18,2.8530008792877197,-0.32699912071228043,0.32699912071228043
densenet121,concat,linear,206,53,photos/top_view_images/P3060546.JPG,photos/side_view_images/P3060902.JPG,4.24,4.24,3.8302905559539795,-0.4097094440460207,0.4097094440460207
densenet121,concat,linear,207,54,photos/top_view_images/P3060547.JPG,photos/side_view_images/P3060903.JPG,1.06,1.06,1.8288508653640747,0.7688508653640747,0.7688508653640747
densenet121,concat,linear,208,54,photos/top_view_images/P3060548.JPG,photos/side_view_images/P3060904.JPG,2.12,2.12,3.3861758708953857,1.2661758708953856,1.2661758708953856
densenet121,concat,linear,209,54,photos/top_view_images/P3060549.JPG,photos/side_view_images/P3060905.JPG,3.18,3.18,3.740468740463257,0.5604687404632567,0.5604687404632567
densenet121,concat,linear,210,55,photos/top_view_images/P3060550.JPG,photos/side_view_images/P3060906.JPG,1.06,1.06,1.9171583652496338,0.8571583652496337,0.8571583652496337
densenet121,concat,linear,211,55,photos/top_view_images/P3060551.JPG,photos/side_view_images/P3060907.JPG,2.12,2.12,2.910209894180298,0.7902098941802977,0.7902098941802977
densenet121,concat,linear,212,55,photos/top_view_images/P3060552.JPG,photos/side_view_images/P3060908.JPG,3.18,3.18,3.5844638347625732,0.4044638347625731,0.4044638347625731
densenet121,concat,linear,213,55,photos/top_view_images/P3060553.JPG,photos/side_view_images/P3060909.JPG,4.24,4.24,4.115694046020508,-0.1243059539794924,0.1243059539794924
densenet121,concat,linear,214,56,photos/top_view_images/P3060554.JPG,photos/side_view_images/P3060910.JPG,1.06,1.06,1.6359519958496094,0.5759519958496093,0.5759519958496093
densenet121,concat,linear,215,56,photos/top_view_images/P3060555.JPG,photos/side_view_images/P3060911.JPG,2.12,2.12,2.903395652770996,0.783395652770996,0.783395652770996
densenet121,concat,linear,216,56,photos/top_view_images/P3060556.JPG,photos/side_view_images/P3060912.JPG,3.18,3.18,2.830703020095825,-0.34929697990417496,0.34929697990417496
densenet121,concat,linear,217,57,photos/top_view_images/P3090558.JPG,photos/side_view_images/P3090914.JPG,1.06,1.06,1.3143818378448486,0.2543818378448486,0.2543818378448486
densenet121,concat,linear,218,57,photos/top_view_images/P3090559.JPG,photos/side_view_images/P3090915.JPG,2.12,2.12,2.060015916824341,-0.059984083175659286,0.059984083175659286
densenet121,concat,linear,219,57,photos/top_view_images/P3090560.JPG,photos/side_view_images/P3090916.JPG,3.18,3.18,2.2905666828155518,-0.8894333171844484,0.8894333171844484
densenet121,concat,linear,220,57,photos/top_view_images/P3090561.JPG,photos/side_view_images/P3090917.JPG,4.24,4.24,4.4428606033325195,0.20286060333251932,0.20286060333251932
densenet121,concat,linear,221,58,photos/top_view_images/P3090562.JPG,photos/side_view_images/P3090918.JPG,1.06,1.06,1.72089684009552,0.66089684009552,0.66089684009552
densenet121,concat,linear,222,58,photos/top_view_images/P3090563.JPG,photos/side_view_images/P3090919.JPG,2.12,2.12,2.6357898712158203,0.5157898712158202,0.5157898712158202
densenet121,concat,linear,223,58,photos/top_view_images/P3090564.JPG,photos/side_view_images/P3090920.JPG,3.18,3.18,3.108485460281372,-0.07151453971862809,0.07151453971862809
densenet121,concat,linear,224,58,photos/top_view_images/P3090565.JPG,photos/side_view_images/P3090921.JPG,4.24,4.24,4.239354610443115,-0.0006453895568849788,0.0006453895568849788
densenet121,concat,linear,225,59,photos/top_view_images/P3090566.JPG,photos/side_view_images/P3090922.JPG,1.06,1.06,0.7686493992805481,-0.29135060071945196,0.29135060071945196
densenet121,concat,linear,226,59,photos/top_view_images/P3090567.JPG,photos/side_view_images/P3090923.JPG,2.12,2.12,1.9059478044509888,-0.21405219554901134,0.21405219554901134
densenet121,concat,linear,227,59,photos/top_view_images/P3090568.JPG,photos/side_view_images/P3090924.JPG,3.18,3.18,3.121337652206421,-0.05866234779357926,0.05866234779357926
densenet121,concat,linear,228,59,photos/top_view_images/P3090569.JPG,photos/side_view_images/P3090925.JPG,4.24,4.24,3.6518661975860596,-0.5881338024139406,0.5881338024139406
densenet121,concat,linear,229,60,photos/top_view_images/P3090570.JPG,photos/side_view_images/P3090926.JPG,1.06,1.06,1.1745567321777344,0.11455673217773432,0.11455673217773432
densenet121,concat,linear,230,60,photos/top_view_images/P3090571.JPG,photos/side_view_images/P3090927.JPG,2.12,2.12,2.4685769081115723,0.34857690811157216,0.34857690811157216
densenet121,concat,linear,231,60,photos/top_view_images/P3090572.JPG,photos/side_view_images/P3090928.JPG,3.18,3.18,3.263394832611084,0.08339483261108382,0.08339483261108382
densenet121,concat,linear,232,60,photos/top_view_images/P3090573.JPG,photos/side_view_images/P3090929.JPG,4.24,4.24,4.2266154289245605,-0.013384571075439666,0.013384571075439666
densenet121,concat,linear,233,61,photos/top_view_images/P3090574.JPG,photos/side_view_images/P3090930.JPG,1.06,1.06,1.273532748222351,0.21353274822235102,0.21353274822235102
densenet121,concat,linear,234,61,photos/top_view_images/P3090575.JPG,photos/side_view_images/P3090931.JPG,2.12,2.12,2.3048174381256104,0.18481743812561024,0.18481743812561024
densenet121,concat,linear,235,61,photos/top_view_images/P3090576.JPG,photos/side_view_images/P3090932.JPG,3.18,3.18,2.783872127532959,-0.3961278724670412,0.3961278724670412
densenet121,concat,linear,236,61,photos/top_view_images/P3090577.JPG,photos/side_view_images/P3090933.JPG,4.24,4.24,3.663041353225708,-0.5769586467742922,0.5769586467742922
densenet121,concat,linear,237,62,photos/top_view_images/P3090578.JPG,photos/side_view_images/P3090934.JPG,1.06,1.06,1.9690226316452026,0.9090226316452026,0.9090226316452026
densenet121,concat,linear,238,62,photos/top_view_images/P3090579.JPG,photos/side_view_images/P3090935.JPG,2.12,2.12,2.6332993507385254,0.5132993507385253,0.5132993507385253
densenet121,concat,linear,239,62,photos/top_view_images/P3090580.JPG,photos/side_view_images/P3090936.JPG,3.18,3.18,4.076458930969238,0.8964589309692381,0.8964589309692381
densenet121,concat,linear,240,62,photos/top_view_images/P3090581.JPG,photos/side_view_images/P3090937.JPG,4.24,4.24,4.066249370574951,-0.17375062942504904,0.17375062942504904
densenet121,concat,linear,241,63,photos/top_view_images/P3090582.JPG,photos/side_view_images/P3090938.JPG,1.06,1.06,1.9018638134002686,0.8418638134002685,0.8418638134002685
densenet121,concat,linear,242,63,photos/top_view_images/P3090583.JPG,photos/side_view_images/P3090939.JPG,3.18,3.18,2.8926382064819336,-0.28736179351806657,0.28736179351806657
densenet121,concat,linear,243,63,photos/top_view_images/P3090584.JPG,photos/side_view_images/P3090940.JPG,4.24,4.24,3.542715549468994,-0.6972844505310061,0.6972844505310061
densenet121,concat,linear,244,64,photos/top_view_images/P3090585.JPG,photos/side_view_images/P3090941.JPG,1.06,1.06,1.6184155941009521,0.5584155941009521,0.5584155941009521
densenet121,concat,linear,245,64,photos/top_view_images/P3090586.JPG,photos/side_view_images/P3090942.JPG,2.12,2.12,2.37758469581604,0.25758469581603993,0.25758469581603993
densenet121,concat,linear,246,64,photos/top_view_images/P3090587.JPG,photos/side_view_images/P3090943.JPG,3.18,3.18,3.5615031719207764,0.3815031719207762,0.3815031719207762
densenet121,concat,linear,247,64,photos/top_view_images/P3090588.JPG,photos/side_view_images/P3090944.JPG,4.24,4.24,3.7091972827911377,-0.5308027172088625,0.5308027172088625
densenet121,concat,linear,248,65,photos/top_view_images/P3090589.JPG,photos/side_view_images/P3090945.JPG,1.06,1.06,1.4101423025131226,0.3501423025131225,0.3501423025131225
densenet121,concat,linear,249,65,photos/top_view_images/P3090590.JPG,photos/side_view_images/P3090946.JPG,2.12,2.12,2.5908803939819336,0.4708803939819335,0.4708803939819335
densenet121,concat,linear,250,65,photos/top_view_images/P3090591.JPG,photos/side_view_images/P3090947.JPG,3.18,3.18,3.8812355995178223,0.7012355995178221,0.7012355995178221
densenet121,concat,linear,251,65,photos/top_view_images/P3090592.JPG,photos/side_view_images/P3090948.JPG,4.24,4.24,4.85242223739624,0.61242223739624,0.61242223739624
densenet121,concat,linear,252,66,photos/top_view_images/P3090593.JPG,photos/side_view_images/P3090949.JPG,1.06,1.06,1.6673115491867065,0.6073115491867065,0.6073115491867065
densenet121,concat,linear,253,66,photos/top_view_images/P3090594.JPG,photos/side_view_images/P3090950.JPG,2.12,2.12,2.7675704956054688,0.6475704956054686,0.6475704956054686
densenet121,concat,linear,254,66,photos/top_view_images/P3090596.JPG,photos/side_view_images/P3090952.JPG,3.18,3.18,3.3149936199188232,0.13499361991882308,0.13499361991882308
densenet121,concat,linear,255,66,photos/top_view_images/P3090597.JPG,photos/side_view_images/P3090953.JPG,4.24,4.24,4.360372066497803,0.12037206649780252,0.12037206649780252
densenet121,concat,linear,256,67,photos/top_view_images/P3090598.JPG,photos/side_view_images/P3090954.JPG,1.06,1.06,0.9722625017166138,-0.08773749828338628,0.08773749828338628
densenet121,concat,linear,257,67,photos/top_view_images/P3090599.JPG,photos/side_view_images/P3090955.JPG,2.12,2.12,1.3752057552337646,-0.7447942447662355,0.7447942447662355
densenet121,concat,linear,258,67,photos/top_view_images/P3090600.JPG,photos/side_view_images/P3090956.JPG,3.18,3.18,3.3452980518341064,0.16529805183410629,0.16529805183410629
densenet121,concat,linear,259,67,photos/top_view_images/P3090601.JPG,photos/side_view_images/P3090957.JPG,4.24,4.24,3.869556188583374,-0.3704438114166262,0.3704438114166262
densenet121,concat,linear,260,68,photos/top_view_images/P3090602.JPG,photos/side_view_images/P3090958.JPG,1.06,1.06,1.7189544439315796,0.6589544439315795,0.6589544439315795
densenet121,concat,linear,261,68,photos/top_view_images/P3090603.JPG,photos/side_view_images/P3090959.JPG,2.12,2.12,2.570791721343994,0.45079172134399403,0.45079172134399403
densenet121,concat,linear,262,68,photos/top_view_images/P3090604.JPG,photos/side_view_images/P3090960.JPG,3.18,3.18,3.951733112335205,0.7717331123352049,0.7717331123352049
densenet121,concat,linear,263,68,photos/top_view_images/P3090605.JPG,photos/side_view_images/P3090961.JPG,4.24,4.24,4.182033061981201,-0.05796693801879904,0.05796693801879904
densenet121,concat,linear,264,69,photos/top_view_images/P3090606.JPG,photos/side_view_images/P3090962.JPG,1.06,1.06,1.7308030128479004,0.6708030128479003,0.6708030128479003
densenet121,concat,linear,265,69,photos/top_view_images/P3090607.JPG,photos/side_view_images/P3090963.JPG,2.12,2.12,2.596735954284668,0.47673595428466786,0.47673595428466786
densenet121,concat,linear,266,69,photos/top_view_images/P3090608.JPG,photos/side_view_images/P3090964.JPG,3.18,3.18,3.379586696624756,0.1995866966247557,0.1995866966247557
densenet121,concat,linear,267,69,photos/top_view_images/P3090609.JPG,photos/side_view_images/P3090965.JPG,4.24,4.24,4.288815021514893,0.048815021514892365,0.048815021514892365
densenet121,concat,linear,268,70,photos/top_view_images/P3090610.JPG,photos/side_view_images/P3090966.JPG,1.06,1.06,1.069382905960083,0.009382905960082955,0.009382905960082955
densenet121,concat,linear,269,70,photos/top_view_images/P3090612.JPG,photos/side_view_images/P3090967.JPG,2.12,2.12,2.890536069869995,0.770536069869995,0.770536069869995
densenet121,concat,linear,270,70,photos/top_view_images/P3090613.JPG,photos/side_view_images/P3090968.JPG,3.18,3.18,2.9034619331359863,-0.27653806686401383,0.27653806686401383
densenet121,concat,linear,271,70,photos/top_view_images/P3090614.JPG,photos/side_view_images/P3090969.JPG,4.24,4.24,4.252707004547119,0.012707004547118927,0.012707004547118927
densenet121,concat,linear,272,71,photos/top_view_images/P3090615.JPG,photos/side_view_images/P3090970.JPG,1.06,1.06,1.5407747030258179,0.4807747030258178,0.4807747030258178
densenet121,concat,linear,273,71,photos/top_view_images/P3090616.JPG,photos/side_view_images/P3090971.JPG,2.12,2.12,2.2951741218566895,0.17517412185668935,0.17517412185668935
densenet121,concat,linear,274,71,photos/top_view_images/P3090617.JPG,photos/side_view_images/P3090972.JPG,3.18,3.18,3.2913284301757812,0.11132843017578109,0.11132843017578109
densenet121,concat,linear,275,71,photos/top_view_images/P3090618.JPG,photos/side_view_images/P3090973.JPG,4.24,4.24,4.552661418914795,0.3126614189147947,0.3126614189147947
densenet121,concat,linear,276,72,photos/top_view_images/P3090619.JPG,photos/side_view_images/P3090974.JPG,1.06,1.06,1.0952036380767822,0.03520363807678217,0.03520363807678217
densenet121,concat,linear,277,72,photos/top_view_images/P3090620.JPG,photos/side_view_images/P3090975.JPG,2.12,2.12,2.1843957901000977,0.06439579010009755,0.06439579010009755
densenet121,concat,linear,278,72,photos/top_view_images/P3090621.JPG,photos/side_view_images/P3090976.JPG,3.18,3.18,2.570312023162842,-0.6096879768371584,0.6096879768371584
densenet121,concat,linear,279,72,photos/top_view_images/P3090622.JPG,photos/side_view_images/P3090977.JPG,4.24,4.24,3.3568546772003174,-0.8831453227996828,0.8831453227996828
densenet121,concat,linear,280,73,photos/top_view_images/P3090623.JPG,photos/side_view_images/P3090978.JPG,1.06,1.06,1.598453164100647,0.5384531641006469,0.5384531641006469
densenet121,concat,linear,281,73,photos/top_view_images/P3090624.JPG,photos/side_view_images/P3090979.JPG,2.12,2.12,2.5347397327423096,0.41473973274230946,0.41473973274230946
densenet121,concat,linear,282,73,photos/top_view_images/P3090625.JPG,photos/side_view_images/P3090980.JPG,3.18,3.18,3.674243211746216,0.49424321174621566,0.49424321174621566
densenet121,concat,linear,283,73,photos/top_view_images/P3090626.JPG,photos/side_view_images/P3090981.JPG,4.24,4.24,4.229828357696533,-0.01017164230346701,0.01017164230346701
densenet121,concat,linear,284,74,photos/top_view_images/P3090627.JPG,photos/side_view_images/P3090982.JPG,1.06,1.06,1.5106265544891357,0.4506265544891357,0.4506265544891357
densenet121,concat,linear,285,74,photos/top_view_images/P3090628.JPG,photos/side_view_images/P3090983.JPG,2.12,2.12,2.2635438442230225,0.14354384422302235,0.14354384422302235
densenet121,concat,linear,286,74,photos/top_view_images/P3090629.JPG,photos/side_view_images/P3090984.JPG,3.18,3.18,2.9840214252471924,-0.19597857475280778,0.19597857475280778
densenet121,concat,linear,287,74,photos/top_view_images/P3090630.JPG,photos/side_view_images/P3090985.JPG,4.24,4.24,4.1948065757751465,-0.04519342422485373,0.04519342422485373
densenet121,concat,linear,288,75,photos/top_view_images/P3100631.JPG,photos/side_view_images/P3100986.JPG,1.06,1.06,1.293341040611267,0.23334104061126704,0.23334104061126704
densenet121,concat,linear,289,75,photos/top_view_images/P3100632.JPG,photos/side_view_images/P3100987.JPG,2.12,2.12,2.250577688217163,0.13057768821716298,0.13057768821716298
densenet121,concat,linear,290,75,photos/top_view_images/P3100633.JPG,photos/side_view_images/P3100988.JPG,3.18,3.18,2.8171896934509277,-0.3628103065490724,0.3628103065490724
densenet121,concat,linear,291,75,photos/top_view_images/P3100634.JPG,photos/side_view_images/P3100989.JPG,4.24,4.24,3.8054959774017334,-0.4345040225982668,0.4345040225982668
densenet121,concat,linear,292,76,photos/top_view_images/P3100635.JPG,photos/side_view_images/P3100990.JPG,1.06,1.06,1.9994252920150757,0.9394252920150756,0.9394252920150756
densenet121,concat,linear,293,76,photos/top_view_images/P3100636.JPG,photos/side_view_images/P3100991.JPG,2.12,2.12,2.67110013961792,0.5511001396179198,0.5511001396179198
densenet121,concat,linear,294,76,photos/top_view_images/P3100637.JPG,photos/side_view_images/P3100992.JPG,3.18,3.18,3.8148319721221924,0.6348319721221922,0.6348319721221922
densenet121,concat,linear,295,76,photos/top_view_images/P3100638.JPG,photos/side_view_images/P3100993.JPG,4.24,4.24,4.75006628036499,0.51006628036499,0.51006628036499
densenet121,concat,linear,296,77,photos/top_view_images/P3100639.JPG,photos/side_view_images/P3100994.JPG,1.06,1.06,1.3417812585830688,0.2817812585830688,0.2817812585830688
densenet121,concat,linear,297,77,photos/top_view_images/P3100640.JPG,photos/side_view_images/P3100995.JPG,2.12,2.12,1.779955267906189,-0.34004473209381114,0.34004473209381114
densenet121,concat,linear,298,77,photos/top_view_images/P3100641.JPG,photos/side_view_images/P3100996.JPG,3.18,3.18,3.5114004611968994,0.33140046119689925,0.33140046119689925
densenet121,concat,linear,299,78,photos/top_view_images/P3100643.JPG,photos/side_view_images/P3100997.JPG,1.06,1.06,1.603266716003418,0.5432667160034179,0.5432667160034179
densenet121,concat,linear,300,78,photos/top_view_images/P3100644.JPG,photos/side_view_images/P3100998.JPG,2.12,2.12,2.5264711380004883,0.4064711380004882,0.4064711380004882
densenet121,concat,linear,301,78,photos/top_view_images/P3100645.JPG,photos/side_view_images/P3100999.JPG,3.18,3.18,3.2549219131469727,0.0749219131469725,0.0749219131469725
densenet121,concat,linear,302,78,photos/top_view_images/P3100646.JPG,photos/side_view_images/P3101000.JPG,4.24,4.24,3.9695661067962646,-0.27043389320373556,0.27043389320373556
densenet121,concat,linear,303,79,photos/top_view_images/P3100647.JPG,photos/side_view_images/P3101001.JPG,1.06,1.06,1.8181074857711792,0.7581074857711791,0.7581074857711791
densenet121,concat,linear,304,79,photos/top_view_images/P3100648.JPG,photos/side_view_images/P3101002.JPG,2.12,2.12,2.906442403793335,0.7864424037933349,0.7864424037933349
densenet121,concat,linear,305,79,photos/top_view_images/P3100649.JPG,photos/side_view_images/P3101003.JPG,3.18,3.18,4.298577785491943,1.1185777854919432,1.1185777854919432
densenet121,concat,linear,306,80,photos/top_view_images/P3100650.JPG,photos/side_view_images/P3101004.JPG,1.06,1.06,2.057131052017212,0.9971310520172119,0.9971310520172119
densenet121,concat,linear,307,80,photos/top_view_images/P3100651.JPG,photos/side_view_images/P3101005.JPG,2.12,2.12,3.543139934539795,1.4231399345397948,1.4231399345397948
densenet121,concat,linear,308,80,photos/top_view_images/P3100652.JPG,photos/side_view_images/P3101006.JPG,3.18,3.18,4.165368556976318,0.9853685569763182,0.9853685569763182
densenet121,concat,linear,309,80,photos/top_view_images/P3100653.JPG,photos/side_view_images/P3101007.JPG,4.24,4.24,5.105735778808594,0.8657357788085935,0.8657357788085935
densenet121,concat,linear,310,81,photos/top_view_images/P3100654.JPG,photos/side_view_images/P3101008.JPG,1.06,1.06,2.12288236618042,1.0628823661804199,1.0628823661804199
densenet121,concat,linear,311,81,photos/top_view_images/P3100655.JPG,photos/side_view_images/P3101009.JPG,2.12,2.12,3.131260633468628,1.0112606334686278,1.0112606334686278
densenet121,concat,linear,312,81,photos/top_view_images/P3100656.JPG,photos/side_view_images/P3101010.JPG,3.18,3.18,4.451205253601074,1.271205253601074,1.271205253601074
densenet121,concat,linear,313,81,photos/top_view_images/P3100657.JPG,photos/side_view_images/P3101011.JPG,4.24,4.24,4.184803009033203,-0.05519699096679709,0.05519699096679709
densenet121,concat,linear,314,82,photos/top_view_images/P3120658.JPG,photos/side_view_images/P3121012.JPG,1.06,1.06,1.0523167848587036,-0.00768321514129644,0.00768321514129644
densenet121,concat,linear,315,82,photos/top_view_images/P3120659.JPG,photos/side_view_images/P3121013.JPG,2.12,2.12,2.0618717670440674,-0.058128232955932724,0.058128232955932724
densenet121,concat,linear,316,82,photos/top_view_images/P3120660.JPG,photos/side_view_images/P3121014.JPG,3.18,3.18,2.7848851680755615,-0.39511483192443864,0.39511483192443864
densenet121,concat,linear,317,82,photos/top_view_images/P3120661.JPG,photos/side_view_images/P3121015.JPG,4.24,4.24,3.8794095516204834,-0.3605904483795168,0.3605904483795168
densenet121,concat,linear,318,83,photos/top_view_images/P3120662.JPG,photos/side_view_images/P3121016.JPG,1.06,1.06,1.8419175148010254,0.7819175148010253,0.7819175148010253
densenet121,concat,linear,319,83,photos/top_view_images/P3120663.JPG,photos/side_view_images/P3121017.JPG,2.12,2.12,2.6372461318969727,0.5172461318969725,0.5172461318969725
densenet121,concat,linear,320,83,photos/top_view_images/P3120664.JPG,photos/side_view_images/P3121018.JPG,3.18,3.18,3.790834903717041,0.6108349037170409,0.6108349037170409
densenet121,concat,linear,321,83,photos/top_view_images/P3120665.JPG,photos/side_view_images/P3121019.JPG,4.24,4.24,4.60803747177124,0.36803747177124,0.36803747177124
densenet121,concat,linear,322,84,photos/top_view_images/P3120666.JPG,photos/side_view_images/P3121020.JPG,1.06,1.06,2.470909833908081,1.410909833908081,1.410909833908081
densenet121,concat,linear,323,84,photos/top_view_images/P3120667.JPG,photos/side_view_images/P3121021.JPG,2.12,2.12,3.7371513843536377,1.6171513843536376,1.6171513843536376
densenet121,concat,linear,324,84,photos/top_view_images/P3120668.JPG,photos/side_view_images/P3121022.JPG,3.18,3.18,3.8987791538238525,0.7187791538238524,0.7187791538238524
densenet121,concat,linear,325,84,photos/top_view_images/P3120669.JPG,photos/side_view_images/P3121023.JPG,4.24,4.24,4.424965858459473,0.18496585845947244,0.18496585845947244
densenet121,concat,linear,326,85,photos/top_view_images/P3120670.JPG,photos/side_view_images/P3121024.JPG,1.06,1.06,1.330331802368164,0.270331802368164,0.270331802368164
densenet121,concat,linear,327,85,photos/top_view_images/P3120671.JPG,photos/side_view_images/P3121025.JPG,2.12,2.12,2.564251661300659,0.4442516613006591,0.4442516613006591
densenet121,concat,linear,328,85,photos/top_view_images/P3120672.JPG,photos/side_view_images/P3121026.JPG,3.18,3.18,4.105821132659912,0.925821132659912,0.925821132659912
densenet121,concat,linear,329,85,photos/top_view_images/P3120673.JPG,photos/side_view_images/P3121027.JPG,4.24,4.24,3.4439666271209717,-0.7960333728790285,0.7960333728790285
densenet121,concat,linear,330,86,photos/top_view_images/P3120674.JPG,photos/side_view_images/P3121028.JPG,1.06,1.06,1.4122670888900757,0.35226708889007563,0.35226708889007563
densenet121,concat,linear,331,86,photos/top_view_images/P3120675.JPG,photos/side_view_images/P3121029.JPG,2.12,2.12,2.5178780555725098,0.39787805557250966,0.39787805557250966
densenet121,concat,linear,332,86,photos/top_view_images/P3120676.JPG,photos/side_view_images/P3121030.JPG,3.18,3.18,3.029226303100586,-0.15077369689941422,0.15077369689941422
densenet121,concat,linear,333,86,photos/top_view_images/P3120677.JPG,photos/side_view_images/P3121031.JPG,4.24,4.24,3.5265302658081055,-0.7134697341918947,0.7134697341918947
densenet121,concat,linear,334,87,photos/top_view_images/P3120678.JPG,photos/side_view_images/P3121032.JPG,1.06,1.06,2.226022720336914,1.166022720336914,1.166022720336914
densenet121,concat,linear,335,87,photos/top_view_images/P3120679.JPG,photos/side_view_images/P3121033.JPG,2.12,2.12,2.8687143325805664,0.7487143325805663,0.7487143325805663
densenet121,concat,linear,336,87,photos/top_view_images/P3120680.JPG,photos/side_view_images/P3121034.JPG,3.18,3.18,4.3058366775512695,1.1258366775512694,1.1258366775512694
densenet121,concat,linear,337,87,photos/top_view_images/P3120681.JPG,photos/side_view_images/P3121035.JPG,4.24,4.24,4.489211082458496,0.24921108245849588,0.24921108245849588
densenet121,concat,linear,338,88,photos/top_view_images/P3120682.JPG,photos/side_view_images/P3121036.JPG,1.06,1.06,0.9650193452835083,-0.09498065471649175,0.09498065471649175
densenet121,concat,linear,339,88,photos/top_view_images/P3120683.JPG,photos/side_view_images/P3121037.JPG,2.12,2.12,1.9736859798431396,-0.14631402015686046,0.14631402015686046
densenet121,concat,linear,340,88,photos/top_view_images/P3120684.JPG,photos/side_view_images/P3121038.JPG,3.18,3.18,2.7978355884552,-0.38216441154479996,0.38216441154479996
densenet121,concat,linear,341,88,photos/top_view_images/P3120685.JPG,photos/side_view_images/P3121039.JPG,4.24,4.24,3.7434468269348145,-0.49655317306518576,0.49655317306518576
densenet121,concat,linear,342,89,photos/top_view_images/P3120686.JPG,photos/side_view_images/P3121040.JPG,1.06,1.06,1.4868886470794678,0.4268886470794677,0.4268886470794677
densenet121,concat,linear,343,89,photos/top_view_images/P3120687.JPG,photos/side_view_images/P3121041.JPG,2.12,2.12,2.162524700164795,0.042524700164794815,0.042524700164794815
densenet121,concat,linear,344,89,photos/top_view_images/P3120688.JPG,photos/side_view_images/P3121042.JPG,3.18,3.18,3.121756076812744,-0.05824392318725602,0.05824392318725602
densenet121,concat,linear,345,89,photos/top_view_images/P3120689.JPG,photos/side_view_images/P3121043.JPG,4.24,4.24,3.3429009914398193,-0.8970990085601809,0.8970990085601809
densenet121,concat,linear,346,90,photos/top_view_images/P3120690.JPG,photos/side_view_images/P3121044.JPG,1.06,1.06,1.419024109840393,0.359024109840393,0.359024109840393
densenet121,concat,linear,347,90,photos/top_view_images/P3120691.JPG,photos/side_view_images/P3121045.JPG,2.12,2.12,2.7186567783355713,0.5986567783355712,0.5986567783355712
densenet121,concat,linear,348,90,photos/top_view_images/P3120692.JPG,photos/side_view_images/P3121046.JPG,3.18,3.18,3.475980520248413,0.2959805202484129,0.2959805202484129
densenet121,concat,linear,349,90,photos/top_view_images/P3120693.JPG,photos/side_view_images/P3121047.JPG,4.24,4.24,4.366555690765381,0.12655569076538065,0.12655569076538065
densenet121,concat,linear,350,91,photos/top_view_images/P3120694.JPG,photos/side_view_images/P3121048.JPG,1.06,1.06,1.0938225984573364,0.03382259845733637,0.03382259845733637
densenet121,concat,linear,351,91,photos/top_view_images/P3120695.JPG,photos/side_view_images/P3121049.JPG,2.12,2.12,1.5313793420791626,-0.5886206579208375,0.5886206579208375
densenet121,concat,linear,352,91,photos/top_view_images/P3120696.JPG,photos/side_view_images/P3121050.JPG,3.18,3.18,3.2152116298675537,0.03521162986755355,0.03521162986755355
densenet121,concat,linear,353,91,photos/top_view_images/P3120697.JPG,photos/side_view_images/P3121051.JPG,4.24,4.24,4.12628173828125,-0.11371826171875021,0.11371826171875021
densenet121,concat,linear,354,92,photos/top_view_images/P3120698.JPG,photos/side_view_images/P3121052.JPG,1.06,1.06,1.5706440210342407,0.5106440210342407,0.5106440210342407
densenet121,concat,linear,355,92,photos/top_view_images/P3120699.JPG,photos/side_view_images/P3121053.JPG,2.12,2.12,2.6110987663269043,0.4910987663269042,0.4910987663269042
densenet121,concat,linear,356,92,photos/top_view_images/P3120700.JPG,photos/side_view_images/P3121054.JPG,3.18,3.18,3.8946704864501953,0.7146704864501952,0.7146704864501952
densenet121,concat,linear,357,92,photos/top_view_images/P3120701.JPG,photos/side_view_images/P3121055.JPG,4.24,4.24,4.375288009643555,0.13528800964355447,0.13528800964355447
densenet121,concat,linear,358,93,photos/top_view_images/P3120702.JPG,photos/side_view_images/P3121056.JPG,1.06,1.06,1.556200623512268,0.496200623512268,0.496200623512268
densenet121,concat,linear,359,93,photos/top_view_images/P3120703.JPG,photos/side_view_images/P3121057.JPG,2.12,2.12,1.9018079042434692,-0.21819209575653087,0.21819209575653087
densenet121,concat,linear,360,93,photos/top_view_images/P3120704.JPG,photos/side_view_images/P3121058.JPG,3.18,3.18,3.090102195739746,-0.08989780426025407,0.08989780426025407
densenet121,concat,linear,361,93,photos/top_view_images/P3120705.JPG,photos/side_view_images/P3121059.JPG,4.24,4.24,4.141491413116455,-0.09850858688354514,0.09850858688354514
densenet121,concat,linear,362,94,photos/top_view_images/P3120706.JPG,photos/side_view_images/P3121060.JPG,1.06,1.06,1.7880851030349731,0.7280851030349731,0.7280851030349731
densenet121,concat,linear,363,94,photos/top_view_images/P3120707.JPG,photos/side_view_images/P3121061.JPG,2.12,2.12,1.872851014137268,-0.24714898586273204,0.24714898586273204
densenet121,concat,linear,364,94,photos/top_view_images/P3120708.JPG,photos/side_view_images/P3121062.JPG,3.18,3.18,2.8333163261413574,-0.34668367385864274,0.34668367385864274
densenet121,concat,linear,365,94,photos/top_view_images/P3120709.JPG,photos/side_view_images/P3121063.JPG,4.24,4.24,4.033566951751709,-0.20643304824829123,0.20643304824829123
densenet121,concat,linear,366,95,photos/top_view_images/P3120710.JPG,photos/side_view_images/P3121064.JPG,1.06,1.06,1.3445075750350952,0.28450757503509516,0.28450757503509516
densenet121,concat,linear,367,95,photos/top_view_images/P3120711.JPG,photos/side_view_images/P3121065.JPG,2.12,2.12,2.356482982635498,0.23648298263549794,0.23648298263549794
densenet121,concat,linear,368,95,photos/top_view_images/P3120712.JPG,photos/side_view_images/P3121066.JPG,3.18,3.18,3.6145951747894287,0.43459517478942855,0.43459517478942855
densenet121,concat,linear,369,95,photos/top_view_images/P3120713.JPG,photos/side_view_images/P3121067.JPG,4.24,4.24,3.881418228149414,-0.35858177185058615,0.35858177185058615
densenet121,concat,linear,370,96,photos/top_view_images/P3130714.JPG,photos/side_view_images/P3131068.JPG,1.06,1.06,1.379835844039917,0.31983584403991694,0.31983584403991694
densenet121,concat,linear,371,96,photos/top_view_images/P3130715.JPG,photos/side_view_images/P3131069.JPG,2.12,2.12,1.8323758840560913,-0.2876241159439088,0.2876241159439088
densenet121,concat,linear,372,96,photos/top_view_images/P3130716.JPG,photos/side_view_images/P3131070.JPG,3.18,3.18,3.0890109539031982,-0.09098904609680192,0.09098904609680192
densenet121,concat,linear,373,96,photos/top_view_images/P3130717.JPG,photos/side_view_images/P3131071.JPG,4.24,4.24,4.22196626663208,-0.018033733367920135,0.018033733367920135
densenet121,concat,linear,374,97,photos/top_view_images/P3130718.JPG,photos/side_view_images/P3131072.JPG,1.06,1.06,1.639930009841919,0.5799300098419189,0.5799300098419189
densenet121,concat,linear,375,97,photos/top_view_images/P3130719.JPG,photos/side_view_images/P3131073.JPG,2.12,2.12,2.8025262355804443,0.6825262355804442,0.6825262355804442
densenet121,concat,linear,376,97,photos/top_view_images/P3130720.JPG,photos/side_view_images/P3131074.JPG,3.18,3.18,4.212723255157471,1.0327232551574705,1.0327232551574705
densenet121,concat,linear,377,97,photos/top_view_images/P3130721.JPG,photos/side_view_images/P3131075.JPG,4.24,4.24,4.791309833526611,0.5513098335266111,0.5513098335266111
densenet121,concat,linear,378,98,photos/top_view_images/P3130722.JPG,photos/side_view_images/P3131076.JPG,1.06,1.06,1.5191478729248047,0.45914787292480463,0.45914787292480463
densenet121,concat,linear,379,98,photos/top_view_images/P3130723.JPG,photos/side_view_images/P3131077.JPG,2.12,2.12,1.8873744010925293,-0.2326255989074708,0.2326255989074708
densenet121,concat,linear,380,98,photos/top_view_images/P3130724.JPG,photos/side_view_images/P3131078.JPG,3.18,3.18,2.5983176231384277,-0.5816823768615724,0.5816823768615724
densenet121,concat,linear,381,98,photos/top_view_images/P3130725.JPG,photos/side_view_images/P3131079.JPG,4.24,4.24,3.3242478370666504,-0.9157521629333498,0.9157521629333498
densenet121,concat,linear,382,99,photos/top_view_images/P3130726.JPG,photos/side_view_images/P3131080.JPG,1.06,1.06,1.3451489210128784,0.28514892101287836,0.28514892101287836
densenet121,concat,linear,383,99,photos/top_view_images/P3130727.JPG,photos/side_view_images/P3131081.JPG,2.12,2.12,2.04345440864563,-0.07654559135437022,0.07654559135437022
densenet121,concat,linear,384,99,photos/top_view_images/P3130728.JPG,photos/side_view_images/P3131082.JPG,3.18,3.18,2.7712738513946533,-0.40872614860534684,0.40872614860534684
densenet121,concat,linear,385,99,photos/top_view_images/P3130729.JPG,photos/side_view_images/P3131083.JPG,4.24,4.24,3.530473470687866,-0.709526529312134,0.709526529312134
densenet121,concat,linear,386,100,photos/top_view_images/P3130730.JPG,photos/side_view_images/P3131084.JPG,1.06,1.06,1.0866771936416626,0.026677193641662544,0.026677193641662544
densenet121,concat,linear,387,100,photos/top_view_images/P3130731.JPG,photos/side_view_images/P3131085.JPG,2.12,2.12,2.3992414474487305,0.27924144744873036,0.27924144744873036
densenet121,concat,linear,388,100,photos/top_view_images/P3130732.JPG,photos/side_view_images/P3131086.JPG,3.18,3.18,3.7751896381378174,0.5951896381378172,0.5951896381378172
densenet121,concat,linear,389,100,photos/top_view_images/P3130733.JPG,photos/side_view_images/P3131087.JPG,4.24,4.24,4.281498432159424,0.041498432159423615,0.041498432159423615
densenet121,concat,linear,390,101,photos/top_view_images/P3130734.JPG,photos/side_view_images/P3131088.JPG,1.06,1.06,1.6577258110046387,0.5977258110046386,0.5977258110046386
densenet121,concat,linear,391,101,photos/top_view_images/P3130735.JPG,photos/side_view_images/P3131089.JPG,2.12,2.12,2.8361353874206543,0.7161353874206542,0.7161353874206542
densenet121,concat,linear,392,101,photos/top_view_images/P3130736.JPG,photos/side_view_images/P3131090.JPG,3.18,3.18,3.6260826587677,0.44608265876770004,0.44608265876770004
densenet121,concat,linear,393,102,photos/top_view_images/P3130737.JPG,photos/side_view_images/P3131091.JPG,1.06,1.06,1.6532171964645386,0.5932171964645385,0.5932171964645385
densenet121,concat,linear,394,102,photos/top_view_images/P3130738.JPG,photos/side_view_images/P3131092.JPG,2.12,2.12,2.4990134239196777,0.37901342391967763,0.37901342391967763
densenet121,concat,linear,395,102,photos/top_view_images/P3130739.JPG,photos/side_view_images/P3131093.JPG,3.18,3.18,3.3428397178649902,0.16283971786499007,0.16283971786499007
densenet121,concat,linear,396,102,photos/top_view_images/P3130740.JPG,photos/side_view_images/P3131094.JPG,4.24,4.24,3.7538962364196777,-0.4861037635803225,0.4861037635803225
densenet121,concat,linear,397,103,photos/top_view_images/P3130741.JPG,photos/side_view_images/P3131095.JPG,1.06,1.06,1.1446270942687988,0.08462709426879877,0.08462709426879877
densenet121,concat,linear,398,103,photos/top_view_images/P3130742.JPG,photos/side_view_images/P3131096.JPG,2.12,2.12,2.1604177951812744,0.04041779518127431,0.04041779518127431
densenet121,concat,linear,399,103,photos/top_view_images/P3130743.JPG,photos/side_view_images/P3131097.JPG,3.18,3.18,2.535301923751831,-0.6446980762481691,0.6446980762481691
densenet121,concat,linear,400,103,photos/top_view_images/P3130744.JPG,photos/side_view_images/P3131098.JPG,4.24,4.24,4.293142318725586,0.053142318725585724,0.053142318725585724
densenet121,concat,linear,401,104,photos/top_view_images/P3130745.JPG,photos/side_view_images/P3131099.JPG,1.06,1.06,1.8246668577194214,0.7646668577194213,0.7646668577194213
densenet121,concat,linear,402,104,photos/top_view_images/P3130746.JPG,photos/side_view_images/P3131100.JPG,2.12,2.12,2.6822354793548584,0.5622354793548583,0.5622354793548583
densenet121,concat,linear,403,104,photos/top_view_images/P3130747.JPG,photos/side_view_images/P3131101.JPG,3.18,3.18,3.964730978012085,0.7847309780120848,0.7847309780120848
densenet121,concat,linear,404,104,photos/top_view_images/P3130748.JPG,photos/side_view_images/P3131102.JPG,4.24,4.24,4.241897106170654,0.0018971061706540837,0.0018971061706540837
densenet121,concat,linear,405,105,photos/top_view_images/P3130749.JPG,photos/side_view_images/P3131103.JPG,1.06,1.06,1.735748291015625,0.675748291015625,0.675748291015625
densenet121,concat,linear,406,105,photos/top_view_images/P3130750.JPG,photos/side_view_images/P3131104.JPG,2.12,2.12,2.9764227867126465,0.8564227867126464,0.8564227867126464
densenet121,concat,linear,407,105,photos/top_view_images/P3130751.JPG,photos/side_view_images/P3131105.JPG,3.18,3.18,3.731658697128296,0.5516586971282957,0.5516586971282957
densenet121,concat,linear,408,105,photos/top_view_images/P3130752.JPG,photos/side_view_images/P3131106.JPG,4.24,4.24,4.162135601043701,-0.07786439895629904,0.07786439895629904
densenet121,concat,linear,409,106,photos/top_view_images/P3130753.JPG,photos/side_view_images/P3131107.JPG,1.06,1.06,1.5447403192520142,0.4847403192520141,0.4847403192520141
densenet121,concat,linear,410,106,photos/top_view_images/P3130754.JPG,photos/side_view_images/P3131108.JPG,2.12,2.12,2.3964157104492188,0.27641571044921864,0.27641571044921864
densenet121,concat,linear,411,106,photos/top_view_images/P3130755.JPG,photos/side_view_images/P3131109.JPG,3.18,3.18,3.2796735763549805,0.09967357635498031,0.09967357635498031
densenet121,concat,linear,412,106,photos/top_view_images/P3130756.JPG,photos/side_view_images/P3131110.JPG,4.24,4.24,4.081307411193848,-0.15869258880615256,0.15869258880615256
densenet121,concat,linear,413,107,photos/top_view_images/P3130757.JPG,photos/side_view_images/P3131111.JPG,1.06,1.06,1.2875925302505493,0.22759253025054926,0.22759253025054926
densenet121,concat,linear,414,107,photos/top_view_images/P3130758.JPG,photos/side_view_images/P3131112.JPG,2.12,2.12,2.4684829711914062,0.34848297119140614,0.34848297119140614
densenet121,concat,linear,415,107,photos/top_view_images/P3130759.JPG,photos/side_view_images/P3131113.JPG,3.18,3.18,3.3816895484924316,0.20168954849243148,0.20168954849243148
densenet121,concat,linear,416,107,photos/top_view_images/P3130760.JPG,photos/side_view_images/P3131114.JPG,4.24,4.24,3.8348143100738525,-0.4051856899261477,0.4051856899261477
densenet121,concat,linear,417,108,photos/top_view_images/P2090065.JPG,photos/side_view_images/P2090150.JPG,0.0,0.0,0.8808338046073914,0.8808338046073914,0.8808338046073914
densenet121,concat,linear,418,109,photos/top_view_images/P2160216.JPG,photos/side_view_images/P2160516.JPG,0.0,0.0,0.8326882719993591,0.8326882719993591,0.8326882719993591
densenet121,concat,linear,419,110,photos/top_view_images/P3100642.JPG,photos/side_view_images/P2020002.JPG,0.0,0.0,0.4694465398788452,0.4694465398788452,0.4694465398788452
densenet121,concat,mlp,0,1,photos/top_view_images/P2260331.JPG,photos/side_view_images/P2260685.JPG,1.06,1.06,1.2618889808654785,0.20188898086547846,0.20188898086547846
densenet121,concat,mlp,1,1,photos/top_view_images/P2260332.JPG,photos/side_view_images/P2260686.JPG,2.12,2.12,1.9794797897338867,-0.1405202102661134,0.1405202102661134
densenet121,concat,mlp,2,1,photos/top_view_images/P2260333.JPG,photos/side_view_images/P2260687.JPG,3.18,3.18,2.7695724964141846,-0.4104275035858156,0.4104275035858156
densenet121,concat,mlp,3,1,photos/top_view_images/P2260334.JPG,photos/side_view_images/P2260688.JPG,4.24,4.24,3.7533421516418457,-0.4866578483581545,0.4866578483581545
densenet121,concat,mlp,4,2,photos/top_view_images/P2260335.JPG,photos/side_view_images/P2260689.JPG,1.06,1.06,0.9711652398109436,-0.08883476018905645,0.08883476018905645
densenet121,concat,mlp,5,2,photos/top_view_images/P2260336.JPG,photos/side_view_images/P2260690.JPG,2.12,2.12,1.8672358989715576,-0.2527641010284425,0.2527641010284425
densenet121,concat,mlp,6,2,photos/top_view_images/P2260337.JPG,photos/side_view_images/P2260692.JPG,3.18,3.18,2.6271133422851562,-0.5528866577148439,0.5528866577148439
densenet121,concat,mlp,7,2,photos/top_view_images/P2260339.JPG,photos/side_view_images/P2260693.JPG,4.24,4.24,3.5930447578430176,-0.6469552421569826,0.6469552421569826
densenet121,concat,mlp,8,3,photos/top_view_images/P2260340.JPG,photos/side_view_images/P2260694.JPG,1.06,1.06,1.6504747867584229,0.5904747867584228,0.5904747867584228
densenet121,concat,mlp,9,3,photos/top_view_images/P2260341.JPG,photos/side_view_images/P2260695.JPG,2.12,2.12,1.9448055028915405,-0.17519449710845958,0.17519449710845958
densenet121,concat,mlp,10,3,photos/top_view_images/P2260342.JPG,photos/side_view_images/P2260696.JPG,3.18,3.18,3.711836099624634,0.5318360996246336,0.5318360996246336
densenet121,concat,mlp,11,3,photos/top_view_images/P2260343.JPG,photos/side_view_images/P2260697.JPG,4.24,4.24,4.83688497543335,0.5968849754333494,0.5968849754333494
densenet121,concat,mlp,12,4,photos/top_view_images/P2260345.JPG,photos/side_view_images/P2260699.JPG,1.06,1.06,1.4524617195129395,0.3924617195129394,0.3924617195129394
densenet121,concat,mlp,13,4,photos/top_view_images/P2260346.JPG,photos/side_view_images/P2260700.JPG,2.12,2.12,2.2347207069396973,0.11472070693969716,0.11472070693969716
densenet121,concat,mlp,14,4,photos/top_view_images/P2260347.JPG,photos/side_view_images/P2260701.JPG,3.18,3.18,4.440272331237793,1.2602723312377928,1.2602723312377928
densenet121,concat,mlp,15,4,photos/top_view_images/P2260348.JPG,photos/side_view_images/P2260702.JPG,4.24,4.24,5.084135055541992,0.844135055541992,0.844135055541992
densenet121,concat,mlp,16,5,photos/top_view_images/P2260349.JPG,photos/side_view_images/P2260703.JPG,1.06,1.06,1.4535938501358032,0.39359385013580317,0.39359385013580317
densenet121,concat,mlp,17,5,photos/top_view_images/P2260350.JPG,photos/side_view_images/P2260704.JPG,2.12,2.12,2.275655746459961,0.15565574645996083,0.15565574645996083
densenet121,concat,mlp,18,5,photos/top_view_images/P2260351.JPG,photos/side_view_images/P2260705.JPG,3.18,3.18,4.061936378479004,0.8819363784790037,0.8819363784790037
densenet121,concat,mlp,19,5,photos/top_view_images/P2260352.JPG,photos/side_view_images/P2260706.JPG,4.24,4.24,4.761430263519287,0.5214302635192869,0.5214302635192869
densenet121,concat,mlp,20,6,photos/top_view_images/P2270353.JPG,photos/side_view_images/P2270707.JPG,1.06,1.06,1.7128645181655884,0.6528645181655883,0.6528645181655883
densenet121,concat,mlp,21,6,photos/top_view_images/P2270354.JPG,photos/side_view_images/P2270708.JPG,2.12,2.12,2.334770441055298,0.21477044105529774,0.21477044105529774
densenet121,concat,mlp,22,6,photos/top_view_images/P2270355.JPG,photos/side_view_images/P2270709.JPG,3.18,3.18,3.5200178623199463,0.34001786231994613,0.34001786231994613
densenet121,concat,mlp,23,6,photos/top_view_images/P2270356.JPG,photos/side_view_images/P2270710.JPG,4.24,4.24,4.205033779144287,-0.034966220855713104,0.034966220855713104
densenet121,concat,mlp,24,7,photos/top_view_images/P2270357.JPG,photos/side_view_images/P2270712.JPG,1.06,1.06,1.0454195737838745,-0.014580426216125542,0.014580426216125542
densenet121,concat,mlp,25,7,photos/top_view_images/P2270358.JPG,photos/side_view_images/P2270713.JPG,2.12,2.12,2.3237392902374268,0.20373929023742665,0.20373929023742665
densenet121,concat,mlp,26,7,photos/top_view_images/P2270359.JPG,photos/side_view_images/P2270714.JPG,3.18,3.18,2.659702777862549,-0.5202972221374513,0.5202972221374513
densenet121,concat,mlp,27,7,photos/top_view_images/P2270360.JPG,photos/side_view_images/P2270715.JPG,4.24,4.24,4.048987865447998,-0.19101213455200217,0.19101213455200217
densenet121,concat,mlp,28,8,photos/top_view_images/P2270361.JPG,photos/side_view_images/P2270716.JPG,1.06,1.06,0.9603633880615234,-0.09963661193847662,0.09963661193847662
densenet121,concat,mlp,29,8,photos/top_view_images/P2270362.JPG,photos/side_view_images/P2270717.JPG,2.12,2.12,1.7458466291427612,-0.3741533708572389,0.3741533708572389
densenet121,concat,mlp,30,8,photos/top_view_images/P2270363.JPG,photos/side_view_images/P2270718.JPG,3.18,3.18,3.2000226974487305,0.02002269744873031,0.02002269744873031
densenet121,concat,mlp,31,8,photos/top_view_images/P2270364.JPG,photos/side_view_images/P2270719.JPG,4.24,4.24,3.4812891483306885,-0.7587108516693117,0.7587108516693117
densenet121,concat,mlp,32,9,photos/top_view_images/P2270365.JPG,photos/side_view_images/P2270720.JPG,1.06,1.06,1.5476627349853516,0.4876627349853515,0.4876627349853515
densenet121,concat,mlp,33,9,photos/top_view_images/P2270366.JPG,photos/side_view_images/P2270721.JPG,2.12,2.12,2.5589208602905273,0.43892086029052724,0.43892086029052724
densenet121,concat,mlp,34,9,photos/top_view_images/P2270367.JPG,photos/side_view_images/P2270722.JPG,3.18,3.18,3.4196372032165527,0.23963720321655257,0.23963720321655257
densenet121,concat,mlp,35,9,photos/top_view_images/P2270368.JPG,photos/side_view_images/P2270723.JPG,4.24,4.24,4.316046714782715,0.07604671478271463,0.07604671478271463
densenet121,concat,mlp,36,10,photos/top_view_images/P2270369.JPG,photos/side_view_images/P2270724.JPG,1.06,1.06,1.3647860288619995,0.30478602886199946,0.30478602886199946
densenet121,concat,mlp,37,10,photos/top_view_images/P2270370.JPG,photos/side_view_images/P2270725.JPG,2.12,2.12,2.2908899784088135,0.17088997840881337,0.17088997840881337
densenet121,concat,mlp,38,10,photos/top_view_images/P2270371.JPG,photos/side_view_images/P2270726.JPG,3.18,3.18,2.8539812564849854,-0.3260187435150148,0.3260187435150148
densenet121,concat,mlp,39,10,photos/top_view_images/P2270372.JPG,photos/side_view_images/P2270727.JPG,4.24,4.24,4.463583946228027,0.22358394622802713,0.22358394622802713
densenet121,concat,mlp,40,11,photos/top_view_images/P2270373.JPG,photos/side_view_images/P2270728.JPG,1.06,1.06,1.3531123399734497,0.29311233997344965,0.29311233997344965
densenet121,concat,mlp,41,11,photos/top_view_images/P2270374.JPG,photos/side_view_images/P2270729.JPG,2.12,2.12,2.3378570079803467,0.21785700798034657,0.21785700798034657
densenet121,concat,mlp,42,11,photos/top_view_images/P2270375.JPG,photos/side_view_images/P2270730.JPG,3.18,3.18,3.2992241382598877,0.11922413825988754,0.11922413825988754
densenet121,concat,mlp,43,11,photos/top_view_images/P2270376.JPG,photos/side_view_images/P2270731.JPG,4.24,4.24,4.01676082611084,-0.22323917388916037,0.22323917388916037
densenet121,concat,mlp,44,12,photos/top_view_images/P2270377.JPG,photos/side_view_images/P2270732.JPG,1.06,1.06,1.183786153793335,0.12378615379333491,0.12378615379333491
densenet121,concat,mlp,45,12,photos/top_view_images/P2270378.JPG,photos/side_view_images/P2270733.JPG,2.12,2.12,1.908812403678894,-0.21118759632110606,0.21118759632110606
densenet121,concat,mlp,46,12,photos/top_view_images/P2270379.JPG,photos/side_view_images/P2270734.JPG,3.18,3.18,3.4487924575805664,0.26879245758056625,0.26879245758056625
densenet121,concat,mlp,47,12,photos/top_view_images/P2270381.JPG,photos/side_view_images/P2270736.JPG,4.24,4.24,4.4542670249938965,0.21426702499389627,0.21426702499389627
densenet121,concat,mlp,48,13,photos/top_view_images/P2270383.JPG,photos/side_view_images/P2270737.JPG,1.06,1.06,1.264310359954834,0.20431035995483393,0.20431035995483393
densenet121,concat,mlp,49,13,photos/top_view_images/P2270384.JPG,photos/side_view_images/P2270738.JPG,2.12,2.12,2.3914284706115723,0.27142847061157216,0.27142847061157216
densenet121,concat,mlp,50,13,photos/top_view_images/P2270385.JPG,photos/side_view_images/P2270739.JPG,3.18,3.18,3.205176830291748,0.025176830291747887,0.025176830291747887
densenet121,concat,mlp,51,14,photos/top_view_images/P3020386.JPG,photos/side_view_images/P3020741.JPG,1.06,1.06,1.5597761869430542,0.49977618694305415,0.49977618694305415
densenet121,concat,mlp,52,14,photos/top_view_images/P3020387.JPG,photos/side_view_images/P3020742.JPG,2.12,2.12,2.0569496154785156,-0.06305038452148448,0.06305038452148448
densenet121,concat,mlp,53,14,photos/top_view_images/P3020388.JPG,photos/side_view_images/P3020743.JPG,3.18,3.18,4.0013957023620605,0.8213957023620604,0.8213957023620604
densenet121,concat,mlp,54,14,photos/top_view_images/P3020389.JPG,photos/side_view_images/P3020744.JPG,4.24,4.24,4.825167655944824,0.585167655944824,0.585167655944824
densenet121,concat,mlp,55,15,photos/top_view_images/P3020390.JPG,photos/side_view_images/P3020745.JPG,1.06,1.06,1.4178028106689453,0.35780281066894526,0.35780281066894526
densenet121,concat,mlp,56,15,photos/top_view_images/P3020391.JPG,photos/side_view_images/P3020746.JPG,2.12,2.12,2.81620717048645,0.6962071704864501,0.6962071704864501
densenet121,concat,mlp,57,15,photos/top_view_images/P3020392.JPG,photos/side_view_images/P3020747.JPG,3.18,3.18,4.016809940338135,0.8368099403381346,0.8368099403381346
densenet121,concat,mlp,58,15,photos/top_view_images/P3020393.JPG,photos/side_view_images/P3020748.JPG,4.24,4.24,4.354994773864746,0.11499477386474588,0.11499477386474588
densenet121,concat,mlp,59,16,photos/top_view_images/P3020394.JPG,photos/side_view_images/P3020749.JPG,1.06,1.06,0.9980849623680115,-0.06191503763198858,0.06191503763198858
densenet121,concat,mlp,60,16,photos/top_view_images/P3020395.JPG,photos/side_view_images/P3020750.JPG,2.12,2.12,2.4498167037963867,0.3298167037963866,0.3298167037963866
densenet121,concat,mlp,61,16,photos/top_view_images/P3020396.JPG,photos/side_view_images/P3020751.JPG,3.18,3.18,2.913590431213379,-0.26640956878662125,0.26640956878662125
densenet121,concat,mlp,62,16,photos/top_view_images/P3020397.JPG,photos/side_view_images/P3020752.JPG,4.24,4.24,3.66241455078125,-0.5775854492187502,0.5775854492187502
densenet121,concat,mlp,63,17,photos/top_view_images/P3020398.JPG,photos/side_view_images/P3020753.JPG,1.06,1.06,1.0412184000015259,-0.018781599998474174,0.018781599998474174
densenet121,concat,mlp,64,17,photos/top_view_images/P3020399.JPG,photos/side_view_images/P3020754.JPG,2.12,2.12,2.556802272796631,0.43680227279663075,0.43680227279663075
densenet121,concat,mlp,65,17,photos/top_view_images/P3020400.JPG,photos/side_view_images/P3020755.JPG,3.18,3.18,3.7404842376708984,0.5604842376708983,0.5604842376708983
densenet121,concat,mlp,66,17,photos/top_view_images/P3020401.JPG,photos/side_view_images/P3020756.JPG,4.24,4.24,5.428869247436523,1.1888692474365232,1.1888692474365232
densenet121,concat,mlp,67,18,photos/top_view_images/P3020402.JPG,photos/side_view_images/P3020757.JPG,1.06,1.06,1.7508659362792969,0.6908659362792968,0.6908659362792968
densenet121,concat,mlp,68,18,photos/top_view_images/P3020403.JPG,photos/side_view_images/P3020758.JPG,2.12,2.12,2.1411569118499756,0.02115691184997548,0.02115691184997548
densenet121,concat,mlp,69,18,photos/top_view_images/P3020404.JPG,photos/side_view_images/P3020759.JPG,3.18,3.18,3.4358503818511963,0.25585038185119613,0.25585038185119613
densenet121,concat,mlp,70,18,photos/top_view_images/P3020405.JPG,photos/side_view_images/P3020760.JPG,4.24,4.24,4.277529239654541,0.0375292396545408,0.0375292396545408
densenet121,concat,mlp,71,19,photos/top_view_images/P3020406.JPG,photos/side_view_images/P3020761.JPG,1.06,1.06,1.1332995891571045,0.07329958915710444,0.07329958915710444
densenet121,concat,mlp,72,19,photos/top_view_images/P3020407.JPG,photos/side_view_images/P3020762.JPG,2.12,2.12,2.0266425609588623,-0.0933574390411378,0.0933574390411378
densenet121,concat,mlp,73,19,photos/top_view_images/P3020408.JPG,photos/side_view_images/P3020763.JPG,3.18,3.18,3.46768856048584,0.2876885604858397,0.2876885604858397
densenet121,concat,mlp,74,19,photos/top_view_images/P3020409.JPG,photos/side_view_images/P3020764.JPG,4.24,4.24,4.158603191375732,-0.08139680862426779,0.08139680862426779
densenet121,concat,mlp,75,20,photos/top_view_images/P3020410.JPG,photos/side_view_images/P3020765.JPG,1.06,1.06,1.5344858169555664,0.47448581695556635,0.47448581695556635
densenet121,concat,mlp,76,20,photos/top_view_images/P3020411.JPG,photos/side_view_images/P3020766.JPG,2.12,2.12,2.795851230621338,0.6758512306213378,0.6758512306213378
densenet121,concat,mlp,77,20,photos/top_view_images/P3020412.JPG,photos/side_view_images/P3020767.JPG,3.18,3.18,3.606394052505493,0.426394052505493,0.426394052505493
densenet121,concat,mlp,78,20,photos/top_view_images/P3020413.JPG,photos/side_view_images/P3020768.JPG,4.24,4.24,4.451956748962402,0.21195674896240213,0.21195674896240213
densenet121,concat,mlp,79,21,photos/top_view_images/P3020414.JPG,photos/side_view_images/P3020769.JPG,1.06,1.06,1.6212927103042603,0.5612927103042602,0.5612927103042602
densenet121,concat,mlp,80,21,photos/top_view_images/P3020415.JPG,photos/side_view_images/P3020770.JPG,2.12,2.12,2.925506830215454,0.805506830215454,0.805506830215454
densenet121,concat,mlp,81,21,photos/top_view_images/P3020416.JPG,photos/side_view_images/P3020771.JPG,3.18,3.18,3.639613628387451,0.459613628387451,0.459613628387451
densenet121,concat,mlp,82,21,photos/top_view_images/P3020417.JPG,photos/side_view_images/P3020772.JPG,4.24,4.24,3.8334553241729736,-0.4065446758270266,0.4065446758270266
densenet121,concat,mlp,83,22,photos/top_view_images/P3020418.JPG,photos/side_view_images/P3020773.JPG,1.06,1.06,0.8962402939796448,-0.16375970602035528,0.16375970602035528
densenet121,concat,mlp,84,22,photos/top_view_images/P3020419.JPG,photos/side_view_images/P3020774.JPG,2.12,2.12,1.8319294452667236,-0.2880705547332765,0.2880705547332765
densenet121,concat,mlp,85,22,photos/top_view_images/P3020420.JPG,photos/side_view_images/P3020775.JPG,3.18,3.18,3.3544840812683105,0.1744840812683104,0.1744840812683104
densenet121,concat,mlp,86,22,photos/top_view_images/P3020421.JPG,photos/side_view_images/P3020776.JPG,4.24,4.24,3.5223684310913086,-0.7176315689086916,0.7176315689086916
densenet121,concat,mlp,87,23,photos/top_view_images/P3020422.JPG,photos/side_view_images/P3020777.JPG,1.06,1.06,1.0675309896469116,0.007530989646911568,0.007530989646911568
densenet121,concat,mlp,88,23,photos/top_view_images/P3020423.JPG,photos/side_view_images/P3020778.JPG,2.12,2.12,2.212165594100952,0.09216559410095204,0.09216559410095204
densenet121,concat,mlp,89,23,photos/top_view_images/P3020424.JPG,photos/side_view_images/P3020779.JPG,3.18,3.18,3.376992702484131,0.1969927024841307,0.1969927024841307
densenet121,concat,mlp,90,23,photos/top_view_images/P3020425.JPG,photos/side_view_images/P3020780.JPG,4.24,4.24,4.174048900604248,-0.06595109939575217,0.06595109939575217
densenet121,concat,mlp,91,24,photos/top_view_images/P3020426.JPG,photos/side_view_images/P3020781.JPG,1.06,1.06,1.4168709516525269,0.3568709516525268,0.3568709516525268
densenet121,concat,mlp,92,24,photos/top_view_images/P3020427.JPG,photos/side_view_images/P3020782.JPG,2.12,2.12,2.348137617111206,0.22813761711120595,0.22813761711120595
densenet121,concat,mlp,93,24,photos/top_view_images/P3020428.JPG,photos/side_view_images/P3020783.JPG,3.18,3.18,3.27653431892395,0.09653431892395004,0.09653431892395004
densenet121,concat,mlp,94,24,photos/top_view_images/P3020429.JPG,photos/side_view_images/P3020784.JPG,4.24,4.24,3.8545145988464355,-0.38548540115356467,0.38548540115356467
densenet121,concat,mlp,95,25,photos/top_view_images/P3020430.JPG,photos/side_view_images/P3020785.JPG,1.06,1.06,1.011796474456787,-0.048203525543212944,0.048203525543212944
densenet121,concat,mlp,96,25,photos/top_view_images/P3020431.JPG,photos/side_view_images/P3020786.JPG,2.12,2.12,1.8522001504898071,-0.267799849510193,0.267799849510193
densenet121,concat,mlp,97,25,photos/top_view_images/P3020432.JPG,photos/side_view_images/P3020787.JPG,3.18,3.18,2.422604560852051,-0.7573954391479494,0.7573954391479494
densenet121,concat,mlp,98,25,photos/top_view_images/P3020433.JPG,photos/side_view_images/P3020788.JPG,4.24,4.24,3.789309024810791,-0.4506909751892092,0.4506909751892092
densenet121,concat,mlp,99,26,photos/top_view_images/P3020434.JPG,photos/side_view_images/P3020789.JPG,1.06,1.06,1.6990729570388794,0.6390729570388793,0.6390729570388793
densenet121,concat,mlp,100,26,photos/top_view_images/P3020435.JPG,photos/side_view_images/P3020790.JPG,2.12,2.12,2.8086495399475098,0.6886495399475097,0.6886495399475097
densenet121,concat,mlp,101,26,photos/top_view_images/P3020436.JPG,photos/side_view_images/P3020791.JPG,3.18,3.18,4.584758758544922,1.4047587585449217,1.4047587585449217
densenet121,concat,mlp,102,26,photos/top_view_images/P3020437.JPG,photos/side_view_images/P3020792.JPG,4.24,4.24,4.629722595214844,0.38972259521484354,0.38972259521484354
densenet121,concat,mlp,103,27,photos/top_view_images/P3020438.JPG,photos/side_view_images/P3020793.JPG,1.06,1.06,1.1856532096862793,0.12565320968627924,0.12565320968627924
densenet121,concat,mlp,104,27,photos/top_view_images/P3020439.JPG,photos/side_view_images/P3020794.JPG,2.12,2.12,2.1703569889068604,0.050356988906860245,0.050356988906860245
densenet121,concat,mlp,105,27,photos/top_view_images/P3020440.JPG,photos/side_view_images/P3020795.JPG,3.18,3.18,3.656435966491699,0.47643596649169906,0.47643596649169906
densenet121,concat,mlp,106,27,photos/top_view_images/P3020441.JPG,photos/side_view_images/P3020796.JPG,4.24,4.24,4.428108215332031,0.18810821533203104,0.18810821533203104
densenet121,concat,mlp,107,28,photos/top_view_images/P3030442.JPG,photos/side_view_images/P3030797.JPG,1.06,1.06,0.9572102427482605,-0.10278975725173956,0.10278975725173956
densenet121,concat,mlp,108,28,photos/top_view_images/P3030443.JPG,photos/side_view_images/P3030798.JPG,2.12,2.12,2.1192147731781006,-0.0007852268218995206,0.0007852268218995206
densenet121,concat,mlp,109,28,photos/top_view_images/P3030444.JPG,photos/side_view_images/P3030799.JPG,3.18,3.18,2.7687671184539795,-0.41123288154602067,0.41123288154602067
densenet121,concat,mlp,110,28,photos/top_view_images/P3030445.JPG,photos/side_view_images/P3030800.JPG,4.24,4.24,3.46842622756958,-0.7715737724304201,0.7715737724304201
densenet121,concat,mlp,111,29,photos/top_view_images/P3030446.JPG,photos/side_view_images/P3030801.JPG,1.06,1.06,1.4522732496261597,0.3922732496261596,0.3922732496261596
densenet121,concat,mlp,112,29,photos/top_view_images/P3030447.JPG,photos/side_view_images/P3030802.JPG,2.12,2.12,2.5711779594421387,0.45117795944213857,0.45117795944213857
densenet121,concat,mlp,113,29,photos/top_view_images/P3030448.JPG,photos/side_view_images/P3030803.JPG,3.18,3.18,3.9075076580047607,0.7275076580047606,0.7275076580047606
densenet121,concat,mlp,114,29,photos/top_view_images/P3030449.JPG,photos/side_view_images/P3030804.JPG,4.24,4.24,4.420280456542969,0.18028045654296854,0.18028045654296854
densenet121,concat,mlp,115,30,photos/top_view_images/P3030450.JPG,photos/side_view_images/P3030805.JPG,1.06,1.06,1.3228951692581177,0.2628951692581176,0.2628951692581176
densenet121,concat,mlp,116,30,photos/top_view_images/P3030451.JPG,photos/side_view_images/P3030806.JPG,2.12,2.12,2.670452833175659,0.5504528331756591,0.5504528331756591
densenet121,concat,mlp,117,30,photos/top_view_images/P3030452.JPG,photos/side_view_images/P3030807.JPG,3.18,3.18,3.309821605682373,0.1298216056823729,0.1298216056823729
densenet121,concat,mlp,118,30,photos/top_view_images/P3030453.JPG,photos/side_view_images/P3030808.JPG,4.24,4.24,3.8412535190582275,-0.3987464809417727,0.3987464809417727
densenet121,concat,mlp,119,31,photos/top_view_images/P3030454.JPG,photos/side_view_images/P3030809.JPG,1.06,1.06,1.1055712699890137,0.04557126998901362,0.04557126998901362
densenet121,concat,mlp,120,31,photos/top_view_images/P3030455.JPG,photos/side_view_images/P3030810.JPG,2.12,2.12,1.4366226196289062,-0.6833773803710939,0.6833773803710939
densenet121,concat,mlp,121,31,photos/top_view_images/P3030456.JPG,photos/side_view_images/P3030811.JPG,3.18,3.18,2.890247344970703,-0.28975265502929703,0.28975265502929703
densenet121,concat,mlp,122,31,photos/top_view_images/P3030457.JPG,photos/side_view_images/P3030812.JPG,4.24,4.24,4.0348052978515625,-0.2051947021484377,0.2051947021484377
densenet121,concat,mlp,123,32,photos/top_view_images/P3050458.JPG,photos/side_view_images/P3050813.JPG,1.06,1.06,1.4644125699996948,0.40441256999969477,0.40441256999969477
densenet121,concat,mlp,124,32,photos/top_view_images/P3050459.JPG,photos/side_view_images/P3050814.JPG,2.12,2.12,3.075709581375122,0.955709581375122,0.955709581375122
densenet121,concat,mlp,125,32,photos/top_view_images/P3050460.JPG,photos/side_view_images/P3050815.JPG,3.18,3.18,4.039420127868652,0.8594201278686522,0.8594201278686522
densenet121,concat,mlp,126,32,photos/top_view_images/P3050462.JPG,photos/side_view_images/P3050817.JPG,4.24,4.24,4.631900787353516,0.3919007873535154,0.3919007873535154
densenet121,concat,mlp,127,33,photos/top_view_images/P3050463.JPG,photos/side_view_images/P3050818.JPG,1.06,1.06,1.1342310905456543,0.07423109054565424,0.07423109054565424
densenet121,concat,mlp,128,33,photos/top_view_images/P3050464.JPG,photos/side_view_images/P3050819.JPG,2.12,2.12,2.08992075920105,-0.030079240798950302,0.030079240798950302
densenet121,concat,mlp,129,34,photos/top_view_images/P3050467.JPG,photos/side_view_images/P3050823.JPG,1.06,1.06,1.8989381790161133,0.8389381790161132,0.8389381790161132
densenet121,concat,mlp,130,34,photos/top_view_images/P3050468.JPG,photos/side_view_images/P3050824.JPG,2.12,2.12,2.8535265922546387,0.7335265922546386,0.7335265922546386
densenet121,concat,mlp,131,34,photos/top_view_images/P3050469.JPG,photos/side_view_images/P3050825.JPG,3.18,3.18,3.4028782844543457,0.22287828445434554,0.22287828445434554
densenet121,concat,mlp,132,34,photos/top_view_images/P3050470.JPG,photos/side_view_images/P3050826.JPG,4.24,4.24,4.517136096954346,0.2771360969543455,0.2771360969543455
densenet121,concat,mlp,133,35,photos/top_view_images/P3050471.JPG,photos/side_view_images/P3050827.JPG,1.06,1.06,1.049974799156189,-0.010025200843811088,0.010025200843811088
densenet121,concat,mlp,134,35,photos/top_view_images/P3050472.JPG,photos/side_view_images/P3050828.JPG,2.12,2.12,2.403644561767578,0.283644561767578,0.283644561767578
densenet121,concat,mlp,135,35,photos/top_view_images/P3050473.JPG,photos/side_view_images/P3050829.JPG,3.18,3.18,3.4982964992523193,0.3182964992523192,0.3182964992523192
densenet121,concat,mlp,136,35,photos/top_view_images/P3050474.JPG,photos/side_view_images/P3050830.JPG,4.24,4.24,4.009273529052734,-0.23072647094726584,0.23072647094726584
densenet121,concat,mlp,137,36,photos/top_view_images/P3050475.JPG,photos/side_view_images/P3050831.JPG,1.06,1.06,1.1135083436965942,0.053508343696594185,0.053508343696594185
densenet121,concat,mlp,138,36,photos/top_view_images/P3050476.JPG,photos/side_view_images/P3050832.JPG,2.12,2.12,2.314997911453247,0.19499791145324696,0.19499791145324696
densenet121,concat,mlp,139,36,photos/top_view_images/P3050477.JPG,photos/side_view_images/P3050833.JPG,3.18,3.18,2.933685302734375,-0.24631469726562516,0.24631469726562516
densenet121,concat,mlp,140,36,photos/top_view_images/P3050478.JPG,photos/side_view_images/P3050834.JPG,4.24,4.24,3.8233442306518555,-0.41665576934814474,0.41665576934814474
densenet121,concat,mlp,141,37,photos/top_view_images/P3050479.JPG,photos/side_view_images/P3050835.JPG,1.06,1.06,1.5948084592819214,0.5348084592819213,0.5348084592819213
densenet121,concat,mlp,142,37,photos/top_view_images/P3050480.JPG,photos/side_view_images/P3050836.JPG,2.12,2.12,2.4749279022216797,0.3549279022216796,0.3549279022216796
densenet121,concat,mlp,143,37,photos/top_view_images/P3050481.JPG,photos/side_view_images/P3050837.JPG,3.18,3.18,3.6559770107269287,0.47597701072692855,0.47597701072692855
densenet121,concat,mlp,144,37,photos/top_view_images/P3050482.JPG,photos/side_view_images/P3050838.JPG,4.24,4.24,3.805868625640869,-0.4341313743591311,0.4341313743591311
densenet121,concat,mlp,145,38,photos/top_view_images/P3050484.JPG,photos/side_view_images/P3050840.JPG,1.06,1.06,1.2278449535369873,0.16784495353698725,0.16784495353698725
densenet121,concat,mlp,146,38,photos/top_view_images/P3050485.JPG,photos/side_view_images/P3050841.JPG,2.12,2.12,1.959625244140625,-0.1603747558593751,0.1603747558593751
densenet121,concat,mlp,147,38,photos/top_view_images/P3050486.JPG,photos/side_view_images/P3050842.JPG,3.18,3.18,2.8674235343933105,-0.3125764656066896,0.3125764656066896
densenet121,concat,mlp,148,38,photos/top_view_images/P3050487.JPG,photos/side_view_images/P3050843.JPG,4.24,4.24,3.8252530097961426,-0.41474699020385764,0.41474699020385764
densenet121,concat,mlp,149,39,photos/top_view_images/P3050488.JPG,photos/side_view_images/P3050844.JPG,1.06,1.06,1.4284217357635498,0.36842173576354975,0.36842173576354975
densenet121,concat,mlp,150,39,photos/top_view_images/P3050489.JPG,photos/side_view_images/P3050845.JPG,2.12,2.12,2.6377112865448,0.5177112865447997,0.5177112865447997
densenet121,concat,mlp,151,39,photos/top_view_images/P3050490.JPG,photos/side_view_images/P3050846.JPG,3.18,3.18,3.975236654281616,0.795236654281616,0.795236654281616
densenet121,concat,mlp,152,39,photos/top_view_images/P3050491.JPG,photos/side_view_images/P3050847.JPG,4.24,4.24,4.527993202209473,0.28799320220947244,0.28799320220947244
densenet121,concat,mlp,153,40,photos/top_view_images/P3050492.JPG,photos/side_view_images/P3050848.JPG,1.06,1.06,1.2420116662979126,0.18201166629791254,0.18201166629791254
densenet121,concat,mlp,154,40,photos/top_view_images/P3050493.JPG,photos/side_view_images/P3050849.JPG,2.12,2.12,2.1925833225250244,0.07258332252502431,0.07258332252502431
densenet121,concat,mlp,155,40,photos/top_view_images/P3050494.JPG,photos/side_view_images/P3050850.JPG,3.18,3.18,3.203993558883667,0.023993558883666832,0.023993558883666832
densenet121,concat,mlp,156,40,photos/top_view_images/P3050495.JPG,photos/side_view_images/P3050851.JPG,4.24,4.24,3.44111704826355,-0.7988829517364504,0.7988829517364504
densenet121,concat,mlp,157,41,photos/top_view_images/P3050496.JPG,photos/side_view_images/P3050852.JPG,1.06,1.06,1.3053559064865112,0.24535590648651118,0.24535590648651118
densenet121,concat,mlp,158,41,photos/top_view_images/P3050497.JPG,photos/side_view_images/P3050853.JPG,2.12,2.12,1.6775020360946655,-0.4424979639053346,0.4424979639053346
densenet121,concat,mlp,159,41,photos/top_view_images/P3050498.JPG,photos/side_view_images/P3050854.JPG,3.18,3.18,2.8170981407165527,-0.3629018592834474,0.3629018592834474
densenet121,concat,mlp,160,41,photos/top_view_images/P3050499.JPG,photos/side_view_images/P3050855.JPG,4.24,4.24,4.178274631500244,-0.06172536849975607,0.06172536849975607
densenet121,concat,mlp,161,42,photos/top_view_images/P3050500.JPG,photos/side_view_images/P3050857.JPG,2.12,2.12,1.6058263778686523,-0.5141736221313478,0.5141736221313478
densenet121,concat,mlp,162,42,photos/top_view_images/P3050501.JPG,photos/side_view_images/P3050858.JPG,3.18,3.18,2.609471082687378,-0.5705289173126222,0.5705289173126222
densenet121,concat,mlp,163,43,photos/top_view_images/P3060503.JPG,photos/side_view_images/P3060859.JPG,1.06,1.06,0.9421634078025818,-0.11783659219741827,0.11783659219741827
densenet121,concat,mlp,164,43,photos/top_view_images/P3060504.JPG,photos/side_view_images/P3060860.JPG,2.12,2.12,2.335658550262451,0.21565855026245107,0.21565855026245107
densenet121,concat,mlp,165,43,photos/top_view_images/P3060505.JPG,photos/side_view_images/P3060861.JPG,3.18,3.18,2.7500529289245605,-0.4299470710754396,0.4299470710754396
densenet121,concat,mlp,166,43,photos/top_view_images/P3060506.JPG,photos/side_view_images/P3060862.JPG,4.24,4.24,3.422370433807373,-0.8176295661926272,0.8176295661926272
densenet121,concat,mlp,167,44,photos/top_view_images/P3060507.JPG,photos/side_view_images/P3060863.JPG,1.06,1.06,1.1452147960662842,0.08521479606628413,0.08521479606628413
densenet121,concat,mlp,168,44,photos/top_view_images/P3060508.JPG,photos/side_view_images/P3060864.JPG,2.12,2.12,2.1946802139282227,0.07468021392822255,0.07468021392822255
densenet121,concat,mlp,169,44,photos/top_view_images/P3060509.JPG,photos/side_view_images/P3060865.JPG,3.18,3.18,3.032947540283203,-0.14705245971679703,0.14705245971679703
densenet121,concat,mlp,170,44,photos/top_view_images/P3060510.JPG,photos/side_view_images/P3060866.JPG,4.24,4.24,3.45453143119812,-0.7854685688018801,0.7854685688018801
densenet121,concat,mlp,171,45,photos/top_view_images/P3060511.JPG,photos/side_view_images/P3060867.JPG,1.06,1.06,1.1067370176315308,0.04673701763153071,0.04673701763153071
densenet121,concat,mlp,172,45,photos/top_view_images/P3060512.JPG,photos/side_view_images/P3060868.JPG,2.12,2.12,1.744304895401001,-0.37569510459899913,0.37569510459899913
densenet121,concat,mlp,173,45,photos/top_view_images/P3060513.JPG,photos/side_view_images/P3060869.JPG,3.18,3.18,2.876633405685425,-0.30336659431457536,0.30336659431457536
densenet121,concat,mlp,174,45,photos/top_view_images/P3060514.JPG,photos/side_view_images/P3060870.JPG,4.24,4.24,3.94512677192688,-0.29487322807312033,0.29487322807312033
densenet121,concat,mlp,175,46,photos/top_view_images/P3060515.JPG,photos/side_view_images/P3060871.JPG,1.06,1.06,1.185538411140442,0.12553841114044184,0.12553841114044184
densenet121,concat,mlp,176,46,photos/top_view_images/P3060516.JPG,photos/side_view_images/P3060872.JPG,2.12,2.12,1.9423824548721313,-0.17761754512786876,0.17761754512786876
densenet121,concat,mlp,177,46,photos/top_view_images/P3060517.JPG,photos/side_view_images/P3060873.JPG,3.18,3.18,2.9131722450256348,-0.2668277549743654,0.2668277549743654
densenet121,concat,mlp,178,46,photos/top_view_images/P3060518.JPG,photos/side_view_images/P3060874.JPG,4.24,4.24,3.336651563644409,-0.903348436355591,0.903348436355591
densenet121,concat,mlp,179,47,photos/top_view_images/P3060519.JPG,photos/side_view_images/P3060875.JPG,1.06,1.06,1.5830270051956177,0.5230270051956176,0.5230270051956176
densenet121,concat,mlp,180,47,photos/top_view_images/P3060520.JPG,photos/side_view_images/P3060876.JPG,2.12,2.12,2.633206367492676,0.5132063674926757,0.5132063674926757
densenet121,concat,mlp,181,47,photos/top_view_images/P3060521.JPG,photos/side_view_images/P3060877.JPG,3.18,3.18,3.1700305938720703,-0.009969406127929847,0.009969406127929847
densenet121,concat,mlp,182,47,photos/top_view_images/P3060522.JPG,photos/side_view_images/P3060878.JPG,4.24,4.24,3.2924113273620605,-0.9475886726379397,0.9475886726379397
densenet121,concat,mlp,183,48,photos/top_view_images/P3060523.JPG,photos/side_view_images/P3060879.JPG,1.06,1.06,1.3662922382354736,0.3062922382354736,0.3062922382354736
densenet121,concat,mlp,184,48,photos/top_view_images/P3060524.JPG,photos/side_view_images/P3060880.JPG,2.12,2.12,2.1493654251098633,0.029365425109863175,0.029365425109863175
densenet121,concat,mlp,185,48,photos/top_view_images/P3060525.JPG,photos/side_view_images/P3060881.JPG,3.18,3.18,2.645751953125,-0.5342480468750002,0.5342480468750002
densenet121,concat,mlp,186,48,photos/top_view_images/P3060526.JPG,photos/side_view_images/P3060882.JPG,4.24,4.24,2.9776926040649414,-1.2623073959350588,1.2623073959350588
densenet121,concat,mlp,187,49,photos/top_view_images/P3060527.JPG,photos/side_view_images/P3060883.JPG,1.06,1.06,1.1394054889678955,0.07940548896789545,0.07940548896789545
densenet121,concat,mlp,188,49,photos/top_view_images/P3060528.JPG,photos/side_view_images/P3060884.JPG,2.12,2.12,2.225621223449707,0.10562122344970692,0.10562122344970692
densenet121,concat,mlp,189,49,photos/top_view_images/P3060529.JPG,photos/side_view_images/P3060885.JPG,3.18,3.18,2.758812189102173,-0.4211878108978273,0.4211878108978273
densenet121,concat,mlp,190,49,photos/top_view_images/P3060530.JPG,photos/side_view_images/P3060886.JPG,4.24,4.24,3.3102006912231445,-0.9297993087768557,0.9297993087768557
densenet121,concat,mlp,191,50,photos/top_view_images/P3060531.JPG,photos/side_view_images/P3060887.JPG,1.06,1.06,1.9240461587905884,0.8640461587905883,0.8640461587905883
densenet121,concat,mlp,192,50,photos/top_view_images/P3060532.JPG,photos/side_view_images/P3060888.JPG,2.12,2.12,2.778815269470215,0.6588152694702147,0.6588152694702147
densenet121,concat,mlp,193,50,photos/top_view_images/P3060533.JPG,photos/side_view_images/P3060889.JPG,3.18,3.18,3.4030768871307373,0.22307688713073714,0.22307688713073714
densenet121,concat,mlp,194,50,photos/top_view_images/P3060534.JPG,photos/side_view_images/P3060890.JPG,4.24,4.24,4.289281368255615,0.04928136825561502,0.04928136825561502
densenet121,concat,mlp,195,51,photos/top_view_images/P3060535.JPG,photos/side_view_images/P3060891.JPG,1.06,1.06,1.1789666414260864,0.11896664142608637,0.11896664142608637
densenet121,concat,mlp,196,51,photos/top_view_images/P3060536.JPG,photos/side_view_images/P3060892.JPG,2.12,2.12,2.137596845626831,0.017596845626830948,0.017596845626830948
densenet121,concat,mlp,197,51,photos/top_view_images/P3060537.JPG,photos/side_view_images/P3060893.JPG,3.18,3.18,2.806903123855591,-0.37309687614440934,0.37309687614440934
densenet121,concat,mlp,198,51,photos/top_view_images/P3060538.JPG,photos/side_view_images/P3060894.JPG,4.24,4.24,3.2257659435272217,-1.0142340564727785,1.0142340564727785
densenet121,concat,mlp,199,52,photos/top_view_images/P3060539.JPG,photos/side_view_images/P3060895.JPG,1.06,1.06,1.380250096321106,0.3202500963211059,0.3202500963211059
densenet121,concat,mlp,200,52,photos/top_view_images/P3060540.JPG,photos/side_view_images/P3060896.JPG,2.12,2.12,2.8435897827148438,0.7235897827148436,0.7235897827148436
densenet121,concat,mlp,201,52,photos/top_view_images/P3060541.JPG,photos/side_view_images/P3060897.JPG,3.18,3.18,3.8118138313293457,0.6318138313293455,0.6318138313293455
densenet121,concat,mlp,202,52,photos/top_view_images/P3060542.JPG,photos/side_view_images/P3060898.JPG,4.24,4.24,4.414532661437988,0.17453266143798807,0.17453266143798807
densenet121,concat,mlp,203,53,photos/top_view_images/P3060543.JPG,photos/side_view_images/P3060899.JPG,1.06,1.06,1.183366298675537,0.12336629867553706,0.12336629867553706
densenet121,concat,mlp,204,53,photos/top_view_images/P3060544.JPG,photos/side_view_images/P3060900.JPG,2.12,2.12,2.1524574756622314,0.03245747566223134,0.03245747566223134
densenet121,concat,mlp,205,53,photos/top_view_images/P3060545.JPG,photos/side_view_images/P3060901.JPG,3.18,3.18,2.450814723968506,-0.7291852760314943,0.7291852760314943
densenet121,concat,mlp,206,53,photos/top_view_images/P3060546.JPG,photos/side_view_images/P3060902.JPG,4.24,4.24,3.4899778366088867,-0.7500221633911135,0.7500221633911135
densenet121,concat,mlp,207,54,photos/top_view_images/P3060547.JPG,photos/side_view_images/P3060903.JPG,1.06,1.06,1.6611720323562622,0.6011720323562622,0.6011720323562622
densenet121,concat,mlp,208,54,photos/top_view_images/P3060548.JPG,photos/side_view_images/P3060904.JPG,2.12,2.12,2.977879285812378,0.8578792858123778,0.8578792858123778
densenet121,concat,mlp,209,54,photos/top_view_images/P3060549.JPG,photos/side_view_images/P3060905.JPG,3.18,3.18,3.3412814140319824,0.16128141403198226,0.16128141403198226
densenet121,concat,mlp,210,55,photos/top_view_images/P3060550.JPG,photos/side_view_images/P3060906.JPG,1.06,1.06,1.4218107461929321,0.3618107461929321,0.3618107461929321
densenet121,concat,mlp,211,55,photos/top_view_images/P3060551.JPG,photos/side_view_images/P3060907.JPG,2.12,2.12,2.426405668258667,0.3064056682586669,0.3064056682586669
densenet121,concat,mlp,212,55,photos/top_view_images/P3060552.JPG,photos/side_view_images/P3060908.JPG,3.18,3.18,3.262220859527588,0.08222085952758773,0.08222085952758773
densenet121,concat,mlp,213,55,photos/top_view_images/P3060553.JPG,photos/side_view_images/P3060909.JPG,4.24,4.24,3.8843281269073486,-0.3556718730926516,0.3556718730926516
densenet121,concat,mlp,214,56,photos/top_view_images/P3060554.JPG,photos/side_view_images/P3060910.JPG,1.06,1.06,1.1120243072509766,0.05202430725097651,0.05202430725097651
densenet121,concat,mlp,215,56,photos/top_view_images/P3060555.JPG,photos/side_view_images/P3060911.JPG,2.12,2.12,2.6766576766967773,0.5566576766967772,0.5566576766967772
densenet121,concat,mlp,216,56,photos/top_view_images/P3060556.JPG,photos/side_view_images/P3060912.JPG,3.18,3.18,2.897176742553711,-0.2828232574462892,0.2828232574462892
densenet121,concat,mlp,217,57,photos/top_view_images/P3090558.JPG,photos/side_view_images/P3090914.JPG,1.06,1.06,1.0884456634521484,0.028445663452148384,0.028445663452148384
densenet121,concat,mlp,218,57,photos/top_view_images/P3090559.JPG,photos/side_view_images/P3090915.JPG,2.12,2.12,1.5958919525146484,-0.5241080474853517,0.5241080474853517
densenet121,concat,mlp,219,57,photos/top_view_images/P3090560.JPG,photos/side_view_images/P3090916.JPG,3.18,3.18,2.169614791870117,-1.010385208129883,1.010385208129883
densenet121,concat,mlp,220,57,photos/top_view_images/P3090561.JPG,photos/side_view_images/P3090917.JPG,4.24,4.24,4.07365608215332,-0.1663439178466799,0.1663439178466799
densenet121,concat,mlp,221,58,photos/top_view_images/P3090562.JPG,photos/side_view_images/P3090918.JPG,1.06,1.06,1.2614543437957764,0.20145434379577631,0.20145434379577631
densenet121,concat,mlp,222,58,photos/top_view_images/P3090563.JPG,photos/side_view_images/P3090919.JPG,2.12,2.12,2.297398805618286,0.17739880561828603,0.17739880561828603
densenet121,concat,mlp,223,58,photos/top_view_images/P3090564.JPG,photos/side_view_images/P3090920.JPG,3.18,3.18,3.074967861175537,-0.10503213882446305,0.10503213882446305
densenet121,concat,mlp,224,58,photos/top_view_images/P3090565.JPG,photos/side_view_images/P3090921.JPG,4.24,4.24,4.355112552642822,0.11511255264282205,0.11511255264282205
densenet121,concat,mlp,225,59,photos/top_view_images/P3090566.JPG,photos/side_view_images/P3090922.JPG,1.06,1.06,1.0292073488235474,-0.03079265117645269,0.03079265117645269
densenet121,concat,mlp,226,59,photos/top_view_images/P3090567.JPG,photos/side_view_images/P3090923.JPG,2.12,2.12,1.7477600574493408,-0.3722399425506593,0.3722399425506593
densenet121,concat,mlp,227,59,photos/top_view_images/P3090568.JPG,photos/side_view_images/P3090924.JPG,3.18,3.18,3.0353922843933105,-0.1446077156066896,0.1446077156066896
densenet121,concat,mlp,228,59,photos/top_view_images/P3090569.JPG,photos/side_view_images/P3090925.JPG,4.24,4.24,3.4217967987060547,-0.8182032012939455,0.8182032012939455
densenet121,concat,mlp,229,60,photos/top_view_images/P3090570.JPG,photos/side_view_images/P3090926.JPG,1.06,1.06,1.2933945655822754,0.23339456558227534,0.23339456558227534
densenet121,concat,mlp,230,60,photos/top_view_images/P3090571.JPG,photos/side_view_images/P3090927.JPG,2.12,2.12,1.940896987915039,-0.17910301208496104,0.17910301208496104
densenet121,concat,mlp,231,60,photos/top_view_images/P3090572.JPG,photos/side_view_images/P3090928.JPG,3.18,3.18,3.05359148979187,-0.12640851020813004,0.12640851020813004
densenet121,concat,mlp,232,60,photos/top_view_images/P3090573.JPG,photos/side_view_images/P3090929.JPG,4.24,4.24,4.377601623535156,0.13760162353515604,0.13760162353515604
densenet121,concat,mlp,233,61,photos/top_view_images/P3090574.JPG,photos/side_view_images/P3090930.JPG,1.06,1.06,0.9299715161323547,-0.13002848386764532,0.13002848386764532
densenet121,concat,mlp,234,61,photos/top_view_images/P3090575.JPG,photos/side_view_images/P3090931.JPG,2.12,2.12,1.9301180839538574,-0.18988191604614268,0.18988191604614268
densenet121,concat,mlp,235,61,photos/top_view_images/P3090576.JPG,photos/side_view_images/P3090932.JPG,3.18,3.18,2.4703941345214844,-0.7096058654785158,0.7096058654785158
densenet121,concat,mlp,236,61,photos/top_view_images/P3090577.JPG,photos/side_view_images/P3090933.JPG,4.24,4.24,3.3573293685913086,-0.8826706314086916,0.8826706314086916
densenet121,concat,mlp,237,62,photos/top_view_images/P3090578.JPG,photos/side_view_images/P3090934.JPG,1.06,1.06,1.6113131046295166,0.5513131046295165,0.5513131046295165
densenet121,concat,mlp,238,62,photos/top_view_images/P3090579.JPG,photos/side_view_images/P3090935.JPG,2.12,2.12,2.5953245162963867,0.4753245162963866,0.4753245162963866
densenet121,concat,mlp,239,62,photos/top_view_images/P3090580.JPG,photos/side_view_images/P3090936.JPG,3.18,3.18,3.670729875564575,0.49072987556457504,0.49072987556457504
densenet121,concat,mlp,240,62,photos/top_view_images/P3090581.JPG,photos/side_view_images/P3090937.JPG,4.24,4.24,4.338216304779053,0.09821630477905252,0.09821630477905252
densenet121,concat,mlp,241,63,photos/top_view_images/P3090582.JPG,photos/side_view_images/P3090938.JPG,1.06,1.06,1.439131259918213,0.37913125991821284,0.37913125991821284
densenet121,concat,mlp,242,63,photos/top_view_images/P3090583.JPG,photos/side_view_images/P3090939.JPG,3.18,3.18,3.0025954246520996,-0.17740457534790055,0.17740457534790055
densenet121,concat,mlp,243,63,photos/top_view_images/P3090584.JPG,photos/side_view_images/P3090940.JPG,4.24,4.24,3.857837438583374,-0.3821625614166262,0.3821625614166262
densenet121,concat,mlp,244,64,photos/top_view_images/P3090585.JPG,photos/side_view_images/P3090941.JPG,1.06,1.06,1.4259637594223022,0.3659637594223022,0.3659637594223022
densenet121,concat,mlp,245,64,photos/top_view_images/P3090586.JPG,photos/side_view_images/P3090942.JPG,2.12,2.12,1.8797715902328491,-0.24022840976715099,0.24022840976715099
densenet121,concat,mlp,246,64,photos/top_view_images/P3090587.JPG,photos/side_view_images/P3090943.JPG,3.18,3.18,3.5144972801208496,0.33449728012084945,0.33449728012084945
densenet121,concat,mlp,247,64,photos/top_view_images/P3090588.JPG,photos/side_view_images/P3090944.JPG,4.24,4.24,3.745466947555542,-0.4945330524444582,0.4945330524444582
densenet121,concat,mlp,248,65,photos/top_view_images/P3090589.JPG,photos/side_view_images/P3090945.JPG,1.06,1.06,1.2464213371276855,0.1864213371276855,0.1864213371276855
densenet121,concat,mlp,249,65,photos/top_view_images/P3090590.JPG,photos/side_view_images/P3090946.JPG,2.12,2.12,2.220759630203247,0.10075963020324696,0.10075963020324696
densenet121,concat,mlp,250,65,photos/top_view_images/P3090591.JPG,photos/side_view_images/P3090947.JPG,3.18,3.18,3.617216110229492,0.437216110229492,0.437216110229492
densenet121,concat,mlp,251,65,photos/top_view_images/P3090592.JPG,photos/side_view_images/P3090948.JPG,4.24,4.24,5.121118068695068,0.8811180686950681,0.8811180686950681
densenet121,concat,mlp,252,66,photos/top_view_images/P3090593.JPG,photos/side_view_images/P3090949.JPG,1.06,1.06,1.284420132637024,0.22442013263702387,0.22442013263702387
densenet121,concat,mlp,253,66,photos/top_view_images/P3090594.JPG,photos/side_view_images/P3090950.JPG,2.12,2.12,1.993836760520935,-0.12616323947906505,0.12616323947906505
densenet121,concat,mlp,254,66,photos/top_view_images/P3090596.JPG,photos/side_view_images/P3090952.JPG,3.18,3.18,2.7475321292877197,-0.43246787071228043,0.43246787071228043
densenet121,concat,mlp,255,66,photos/top_view_images/P3090597.JPG,photos/side_view_images/P3090953.JPG,4.24,4.24,4.20614767074585,-0.033852329254150604,0.033852329254150604
densenet121,concat,mlp,256,67,photos/top_view_images/P3090598.JPG,photos/side_view_images/P3090954.JPG,1.06,1.06,1.01041841506958,-0.049581584930419975,0.049581584930419975
densenet121,concat,mlp,257,67,photos/top_view_images/P3090599.JPG,photos/side_view_images/P3090955.JPG,2.12,2.12,1.6463067531585693,-0.47369324684143077,0.47369324684143077
densenet121,concat,mlp,258,67,photos/top_view_images/P3090600.JPG,photos/side_view_images/P3090956.JPG,3.18,3.18,3.1125001907348633,-0.06749980926513688,0.06749980926513688
densenet121,concat,mlp,259,67,photos/top_view_images/P3090601.JPG,photos/side_view_images/P3090957.JPG,4.24,4.24,3.4680395126342773,-0.7719604873657229,0.7719604873657229
densenet121,concat,mlp,260,68,photos/top_view_images/P3090602.JPG,photos/side_view_images/P3090958.JPG,1.06,1.06,1.545337200164795,0.48533720016479487,0.48533720016479487
densenet121,concat,mlp,261,68,photos/top_view_images/P3090603.JPG,photos/side_view_images/P3090959.JPG,2.12,2.12,2.365412712097168,0.24541271209716786,0.24541271209716786
densenet121,concat,mlp,262,68,photos/top_view_images/P3090604.JPG,photos/side_view_images/P3090960.JPG,3.18,3.18,3.705838203430176,0.5258382034301756,0.5258382034301756
densenet121,concat,mlp,263,68,photos/top_view_images/P3090605.JPG,photos/side_view_images/P3090961.JPG,4.24,4.24,4.301944732666016,0.06194473266601541,0.06194473266601541
densenet121,concat,mlp,264,69,photos/top_view_images/P3090606.JPG,photos/side_view_images/P3090962.JPG,1.06,1.06,1.3403643369674683,0.2803643369674682,0.2803643369674682
densenet121,concat,mlp,265,69,photos/top_view_images/P3090607.JPG,photos/side_view_images/P3090963.JPG,2.12,2.12,1.8931580781936646,-0.22684192180633556,0.22684192180633556
densenet121,concat,mlp,266,69,photos/top_view_images/P3090608.JPG,photos/side_view_images/P3090964.JPG,3.18,3.18,3.2683913707733154,0.08839137077331527,0.08839137077331527
densenet121,concat,mlp,267,69,photos/top_view_images/P3090609.JPG,photos/side_view_images/P3090965.JPG,4.24,4.24,4.434551239013672,0.19455123901367166,0.19455123901367166
densenet121,concat,mlp,268,70,photos/top_view_images/P3090610.JPG,photos/side_view_images/P3090966.JPG,1.06,1.06,0.9103623032569885,-0.14963769674301153,0.14963769674301153
densenet121,concat,mlp,269,70,photos/top_view_images/P3090612.JPG,photos/side_view_images/P3090967.JPG,2.12,2.12,2.455305814743042,0.3353058147430419,0.3353058147430419
densenet121,concat,mlp,270,70,photos/top_view_images/P3090613.JPG,photos/side_view_images/P3090968.JPG,3.18,3.18,2.882201671600342,-0.29779832839965836,0.29779832839965836
densenet121,concat,mlp,271,70,photos/top_view_images/P3090614.JPG,photos/side_view_images/P3090969.JPG,4.24,4.24,4.104794025421143,-0.13520597457885764,0.13520597457885764
densenet121,concat,mlp,272,71,photos/top_view_images/P3090615.JPG,photos/side_view_images/P3090970.JPG,1.06,1.06,1.2621437311172485,0.20214373111724848,0.20214373111724848
densenet121,concat,mlp,273,71,photos/top_view_images/P3090616.JPG,photos/side_view_images/P3090971.JPG,2.12,2.12,2.2595701217651367,0.1395701217651366,0.1395701217651366
densenet121,concat,mlp,274,71,photos/top_view_images/P3090617.JPG,photos/side_view_images/P3090972.JPG,3.18,3.18,3.1817541122436523,0.0017541122436521839,0.0017541122436521839
densenet121,concat,mlp,275,71,photos/top_view_images/P3090618.JPG,photos/side_view_images/P3090973.JPG,4.24,4.24,4.822719573974609,0.5827195739746092,0.5827195739746092
densenet121,concat,mlp,276,72,photos/top_view_images/P3090619.JPG,photos/side_view_images/P3090974.JPG,1.06,1.06,0.9277076125144958,-0.1322923874855042,0.1322923874855042
densenet121,concat,mlp,277,72,photos/top_view_images/P3090620.JPG,photos/side_view_images/P3090975.JPG,2.12,2.12,1.7372000217437744,-0.3827999782562257,0.3827999782562257
densenet121,concat,mlp,278,72,photos/top_view_images/P3090621.JPG,photos/side_view_images/P3090976.JPG,3.18,3.18,2.3698997497558594,-0.8101002502441408,0.8101002502441408
densenet121,concat,mlp,279,72,photos/top_view_images/P3090622.JPG,photos/side_view_images/P3090977.JPG,4.24,4.24,3.340353488922119,-0.8996465110778811,0.8996465110778811
densenet121,concat,mlp,280,73,photos/top_view_images/P3090623.JPG,photos/side_view_images/P3090978.JPG,1.06,1.06,1.04909086227417,-0.010909137725830131,0.010909137725830131
densenet121,concat,mlp,281,73,photos/top_view_images/P3090624.JPG,photos/side_view_images/P3090979.JPG,2.12,2.12,2.264242172241211,0.14424217224121083,0.14424217224121083
densenet121,concat,mlp,282,73,photos/top_view_images/P3090625.JPG,photos/side_view_images/P3090980.JPG,3.18,3.18,3.5656473636627197,0.38564736366271957,0.38564736366271957
densenet121,concat,mlp,283,73,photos/top_view_images/P3090626.JPG,photos/side_view_images/P3090981.JPG,4.24,4.24,4.115384101867676,-0.12461589813232443,0.12461589813232443
densenet121,concat,mlp,284,74,photos/top_view_images/P3090627.JPG,photos/side_view_images/P3090982.JPG,1.06,1.06,1.140929102897644,0.08092910289764399,0.08092910289764399
densenet121,concat,mlp,285,74,photos/top_view_images/P3090628.JPG,photos/side_view_images/P3090983.JPG,2.12,2.12,2.146326780319214,0.02632678031921376,0.02632678031921376
densenet121,concat,mlp,286,74,photos/top_view_images/P3090629.JPG,photos/side_view_images/P3090984.JPG,3.18,3.18,2.87975811958313,-0.3002418804168703,0.3002418804168703
densenet121,concat,mlp,287,74,photos/top_view_images/P3090630.JPG,photos/side_view_images/P3090985.JPG,4.24,4.24,3.8260462284088135,-0.41395377159118674,0.41395377159118674
densenet121,concat,mlp,288,75,photos/top_view_images/P3100631.JPG,photos/side_view_images/P3100986.JPG,1.06,1.06,1.1020216941833496,0.042021694183349556,0.042021694183349556
densenet121,concat,mlp,289,75,photos/top_view_images/P3100632.JPG,photos/side_view_images/P3100987.JPG,2.12,2.12,1.9739513397216797,-0.14604866027832042,0.14604866027832042
densenet121,concat,mlp,290,75,photos/top_view_images/P3100633.JPG,photos/side_view_images/P3100988.JPG,3.18,3.18,2.514312744140625,-0.6656872558593752,0.6656872558593752
densenet121,concat,mlp,291,75,photos/top_view_images/P3100634.JPG,photos/side_view_images/P3100989.JPG,4.24,4.24,3.690185785293579,-0.5498142147064211,0.5498142147064211
densenet121,concat,mlp,292,76,photos/top_view_images/P3100635.JPG,photos/side_view_images/P3100990.JPG,1.06,1.06,1.3228918313980103,0.2628918313980102,0.2628918313980102
densenet121,concat,mlp,293,76,photos/top_view_images/P3100636.JPG,photos/side_view_images/P3100991.JPG,2.12,2.12,2.2145802974700928,0.09458029747009267,0.09458029747009267
densenet121,concat,mlp,294,76,photos/top_view_images/P3100637.JPG,photos/side_view_images/P3100992.JPG,3.18,3.18,3.417407274246216,0.23740727424621566,0.23740727424621566
densenet121,concat,mlp,295,76,photos/top_view_images/P3100638.JPG,photos/side_view_images/P3100993.JPG,4.24,4.24,4.680925369262695,0.4409253692626951,0.4409253692626951
densenet121,concat,mlp,296,77,photos/top_view_images/P3100639.JPG,photos/side_view_images/P3100994.JPG,1.06,1.06,1.150024652481079,0.09002465248107905,0.09002465248107905
densenet121,concat,mlp,297,77,photos/top_view_images/P3100640.JPG,photos/side_view_images/P3100995.JPG,2.12,2.12,1.5625276565551758,-0.5574723434448243,0.5574723434448243
densenet121,concat,mlp,298,77,photos/top_view_images/P3100641.JPG,photos/side_view_images/P3100996.JPG,3.18,3.18,3.407012939453125,0.22701293945312484,0.22701293945312484
densenet121,concat,mlp,299,78,photos/top_view_images/P3100643.JPG,photos/side_view_images/P3100997.JPG,1.06,1.06,1.3566313982009888,0.2966313982009887,0.2966313982009887
densenet121,concat,mlp,300,78,photos/top_view_images/P3100644.JPG,photos/side_view_images/P3100998.JPG,2.12,2.12,2.346449375152588,0.22644937515258778,0.22644937515258778
densenet121,concat,mlp,301,78,photos/top_view_images/P3100645.JPG,photos/side_view_images/P3100999.JPG,3.18,3.18,3.3760313987731934,0.1960313987731932,0.1960313987731932
densenet121,concat,mlp,302,78,photos/top_view_images/P3100646.JPG,photos/side_view_images/P3101000.JPG,4.24,4.24,4.472822189331055,0.23282218933105447,0.23282218933105447
densenet121,concat,mlp,303,79,photos/top_view_images/P3100647.JPG,photos/side_view_images/P3101001.JPG,1.06,1.06,1.4685792922973633,0.40857929229736323,0.40857929229736323
densenet121,concat,mlp,304,79,photos/top_view_images/P3100648.JPG,photos/side_view_images/P3101002.JPG,2.12,2.12,2.6748716831207275,0.5548716831207274,0.5548716831207274
densenet121,concat,mlp,305,79,photos/top_view_images/P3100649.JPG,photos/side_view_images/P3101003.JPG,3.18,3.18,4.001281261444092,0.8212812614440916,0.8212812614440916
densenet121,concat,mlp,306,80,photos/top_view_images/P3100650.JPG,photos/side_view_images/P3101004.JPG,1.06,1.06,1.9059432744979858,0.8459432744979858,0.8459432744979858
densenet121,concat,mlp,307,80,photos/top_view_images/P3100651.JPG,photos/side_view_images/P3101005.JPG,2.12,2.12,3.211174726486206,1.091174726486206,1.091174726486206
densenet121,concat,mlp,308,80,photos/top_view_images/P3100652.JPG,photos/side_view_images/P3101006.JPG,3.18,3.18,4.150825500488281,0.9708255004882811,0.9708255004882811
densenet121,concat,mlp,309,80,photos/top_view_images/P3100653.JPG,photos/side_view_images/P3101007.JPG,4.24,4.24,5.21063756942749,0.97063756942749,0.97063756942749
densenet121,concat,mlp,310,81,photos/top_view_images/P3100654.JPG,photos/side_view_images/P3101008.JPG,1.06,1.06,1.3384839296340942,0.2784839296340942,0.2784839296340942
densenet121,concat,mlp,311,81,photos/top_view_images/P3100655.JPG,photos/side_view_images/P3101009.JPG,2.12,2.12,2.6586265563964844,0.5386265563964843,0.5386265563964843
densenet121,concat,mlp,312,81,photos/top_view_images/P3100656.JPG,photos/side_view_images/P3101010.JPG,3.18,3.18,3.8119518756866455,0.6319518756866453,0.6319518756866453
densenet121,concat,mlp,313,81,photos/top_view_images/P3100657.JPG,photos/side_view_images/P3101011.JPG,4.24,4.24,4.224880218505859,-0.015119781494140838,0.015119781494140838
densenet121,concat,mlp,314,82,photos/top_view_images/P3120658.JPG,photos/side_view_images/P3121012.JPG,1.06,1.06,1.1480389833450317,0.08803898334503168,0.08803898334503168
densenet121,concat,mlp,315,82,photos/top_view_images/P3120659.JPG,photos/side_view_images/P3121013.JPG,2.12,2.12,1.8663597106933594,-0.25364028930664073,0.25364028930664073
densenet121,concat,mlp,316,82,photos/top_view_images/P3120660.JPG,photos/side_view_images/P3121014.JPG,3.18,3.18,2.737731695175171,-0.44226830482482926,0.44226830482482926
densenet121,concat,mlp,317,82,photos/top_view_images/P3120661.JPG,photos/side_view_images/P3121015.JPG,4.24,4.24,4.034090995788574,-0.205909004211426,0.205909004211426
densenet121,concat,mlp,318,83,photos/top_view_images/P3120662.JPG,photos/side_view_images/P3121016.JPG,1.06,1.06,1.2854422330856323,0.22544223308563227,0.22544223308563227
densenet121,concat,mlp,319,83,photos/top_view_images/P3120663.JPG,photos/side_view_images/P3121017.JPG,2.12,2.12,2.6095449924468994,0.4895449924468993,0.4895449924468993
densenet121,concat,mlp,320,83,photos/top_view_images/P3120664.JPG,photos/side_view_images/P3121018.JPG,3.18,3.18,3.6646041870117188,0.4846041870117186,0.4846041870117186
densenet121,concat,mlp,321,83,photos/top_view_images/P3120665.JPG,photos/side_view_images/P3121019.JPG,4.24,4.24,4.680294990539551,0.44029499053955057,0.44029499053955057
densenet121,concat,mlp,322,84,photos/top_view_images/P3120666.JPG,photos/side_view_images/P3121020.JPG,1.06,1.06,1.7157267332077026,0.6557267332077026,0.6557267332077026
densenet121,concat,mlp,323,84,photos/top_view_images/P3120667.JPG,photos/side_view_images/P3121021.JPG,2.12,2.12,3.326262950897217,1.2062629508972167,1.2062629508972167
densenet121,concat,mlp,324,84,photos/top_view_images/P3120668.JPG,photos/side_view_images/P3121022.JPG,3.18,3.18,3.606219530105591,0.42621953010559066,0.42621953010559066
densenet121,concat,mlp,325,84,photos/top_view_images/P3120669.JPG,photos/side_view_images/P3121023.JPG,4.24,4.24,4.351352214813232,0.11135221481323221,0.11135221481323221
densenet121,concat,mlp,326,85,photos/top_view_images/P3120670.JPG,photos/side_view_images/P3121024.JPG,1.06,1.06,1.0911219120025635,0.031121912002563423,0.031121912002563423
densenet121,concat,mlp,327,85,photos/top_view_images/P3120671.JPG,photos/side_view_images/P3121025.JPG,2.12,2.12,2.2309999465942383,0.11099994659423817,0.11099994659423817
densenet121,concat,mlp,328,85,photos/top_view_images/P3120672.JPG,photos/side_view_images/P3121026.JPG,3.18,3.18,3.862961530685425,0.6829615306854246,0.6829615306854246
densenet121,concat,mlp,329,85,photos/top_view_images/P3120673.JPG,photos/side_view_images/P3121027.JPG,4.24,4.24,3.1956100463867188,-1.0443899536132815,1.0443899536132815
densenet121,concat,mlp,330,86,photos/top_view_images/P3120674.JPG,photos/side_view_images/P3121028.JPG,1.06,1.06,1.1973503828048706,0.13735038280487055,0.13735038280487055
densenet121,concat,mlp,331,86,photos/top_view_images/P3120675.JPG,photos/side_view_images/P3121029.JPG,2.12,2.12,2.3425443172454834,0.2225443172454833,0.2225443172454833
densenet121,concat,mlp,332,86,photos/top_view_images/P3120676.JPG,photos/side_view_images/P3121030.JPG,3.18,3.18,2.480682373046875,-0.6993176269531252,0.6993176269531252
densenet121,concat,mlp,333,86,photos/top_view_images/P3120677.JPG,photos/side_view_images/P3121031.JPG,4.24,4.24,3.3429713249206543,-0.8970286750793459,0.8970286750793459
densenet121,concat,mlp,334,87,photos/top_view_images/P3120678.JPG,photos/side_view_images/P3121032.JPG,1.06,1.06,1.880836844444275,0.8208368444442748,0.8208368444442748
densenet121,concat,mlp,335,87,photos/top_view_images/P3120679.JPG,photos/side_view_images/P3121033.JPG,2.12,2.12,2.6524734497070312,0.5324734497070311,0.5324734497070311
densenet121,concat,mlp,336,87,photos/top_view_images/P3120680.JPG,photos/side_view_images/P3121034.JPG,3.18,3.18,3.9036569595336914,0.7236569595336912,0.7236569595336912
densenet121,concat,mlp,337,87,photos/top_view_images/P3120681.JPG,photos/side_view_images/P3121035.JPG,4.24,4.24,4.3355841636657715,0.09558416366577127,0.09558416366577127
densenet121,concat,mlp,338,88,photos/top_view_images/P3120682.JPG,photos/side_view_images/P3121036.JPG,1.06,1.06,0.9027363657951355,-0.15726363420486456,0.15726363420486456
densenet121,concat,mlp,339,88,photos/top_view_images/P3120683.JPG,photos/side_view_images/P3121037.JPG,2.12,2.12,1.766723394393921,-0.3532766056060792,0.3532766056060792
densenet121,concat,mlp,340,88,photos/top_view_images/P3120684.JPG,photos/side_view_images/P3121038.JPG,3.18,3.18,2.8323569297790527,-0.3476430702209474,0.3476430702209474
densenet121,concat,mlp,341,88,photos/top_view_images/P3120685.JPG,photos/side_view_images/P3121039.JPG,4.24,4.24,4.003399848937988,-0.23660015106201193,0.23660015106201193
densenet121,concat,mlp,342,89,photos/top_view_images/P3120686.JPG,photos/side_view_images/P3121040.JPG,1.06,1.06,1.4702688455581665,0.41026884555816645,0.41026884555816645
densenet121,concat,mlp,343,89,photos/top_view_images/P3120687.JPG,photos/side_view_images/P3121041.JPG,2.12,2.12,1.974301815032959,-0.14569818496704112,0.14569818496704112
densenet121,concat,mlp,344,89,photos/top_view_images/P3120688.JPG,photos/side_view_images/P3121042.JPG,3.18,3.18,3.2949886322021484,0.11498863220214828,0.11498863220214828
densenet121,concat,mlp,345,89,photos/top_view_images/P3120689.JPG,photos/side_view_images/P3121043.JPG,4.24,4.24,3.991194248199463,-0.24880575180053732,0.24880575180053732
densenet121,concat,mlp,346,90,photos/top_view_images/P3120690.JPG,photos/side_view_images/P3121044.JPG,1.06,1.06,1.242884635925293,0.18288463592529292,0.18288463592529292
densenet121,concat,mlp,347,90,photos/top_view_images/P3120691.JPG,photos/side_view_images/P3121045.JPG,2.12,2.12,2.268362045288086,0.14836204528808583,0.14836204528808583
densenet121,concat,mlp,348,90,photos/top_view_images/P3120692.JPG,photos/side_view_images/P3121046.JPG,3.18,3.18,3.4331068992614746,0.25310689926147445,0.25310689926147445
densenet121,concat,mlp,349,90,photos/top_view_images/P3120693.JPG,photos/side_view_images/P3121047.JPG,4.24,4.24,4.234419822692871,-0.005580177307129119,0.005580177307129119
densenet121,concat,mlp,350,91,photos/top_view_images/P3120694.JPG,photos/side_view_images/P3121048.JPG,1.06,1.06,0.9438042044639587,-0.11619579553604131,0.11619579553604131
densenet121,concat,mlp,351,91,photos/top_view_images/P3120695.JPG,photos/side_view_images/P3121049.JPG,2.12,2.12,1.443893551826477,-0.6761064481735231,0.6761064481735231
densenet121,concat,mlp,352,91,photos/top_view_images/P3120696.JPG,photos/side_view_images/P3121050.JPG,3.18,3.18,2.702789306640625,-0.47721069335937516,0.47721069335937516
densenet121,concat,mlp,353,91,photos/top_view_images/P3120697.JPG,photos/side_view_images/P3121051.JPG,4.24,4.24,3.808391809463501,-0.43160819053649924,0.43160819053649924
densenet121,concat,mlp,354,92,photos/top_view_images/P3120698.JPG,photos/side_view_images/P3121052.JPG,1.06,1.06,1.5000332593917847,0.4400332593917846,0.4400332593917846
densenet121,concat,mlp,355,92,photos/top_view_images/P3120699.JPG,photos/side_view_images/P3121053.JPG,2.12,2.12,2.7409791946411133,0.6209791946411132,0.6209791946411132
densenet121,concat,mlp,356,92,photos/top_view_images/P3120700.JPG,photos/side_view_images/P3121054.JPG,3.18,3.18,4.135741233825684,0.9557412338256834,0.9557412338256834
densenet121,concat,mlp,357,92,photos/top_view_images/P3120701.JPG,photos/side_view_images/P3121055.JPG,4.24,4.24,4.5814971923828125,0.3414971923828123,0.3414971923828123
densenet121,concat,mlp,358,93,photos/top_view_images/P3120702.JPG,photos/side_view_images/P3121056.JPG,1.06,1.06,1.5167142152786255,0.45671421527862543,0.45671421527862543
densenet121,concat,mlp,359,93,photos/top_view_images/P3120703.JPG,photos/side_view_images/P3121057.JPG,2.12,2.12,1.9889267683029175,-0.13107323169708263,0.13107323169708263
densenet121,concat,mlp,360,93,photos/top_view_images/P3120704.JPG,photos/side_view_images/P3121058.JPG,3.18,3.18,3.1692426204681396,-0.010757379531860511,0.010757379531860511
densenet121,concat,mlp,361,93,photos/top_view_images/P3120705.JPG,photos/side_view_images/P3121059.JPG,4.24,4.24,4.217489242553711,-0.022510757446289276,0.022510757446289276
densenet121,concat,mlp,362,94,photos/top_view_images/P3120706.JPG,photos/side_view_images/P3121060.JPG,1.06,1.06,1.344269037246704,0.28426903724670405,0.28426903724670405
densenet121,concat,mlp,363,94,photos/top_view_images/P3120707.JPG,photos/side_view_images/P3121061.JPG,2.12,2.12,1.448769211769104,-0.6712307882308961,0.6712307882308961
densenet121,concat,mlp,364,94,photos/top_view_images/P3120708.JPG,photos/side_view_images/P3121062.JPG,3.18,3.18,2.793339490890503,-0.38666050910949723,0.38666050910949723
densenet121,concat,mlp,365,94,photos/top_view_images/P3120709.JPG,photos/side_view_images/P3121063.JPG,4.24,4.24,3.876950740814209,-0.36304925918579123,0.36304925918579123
densenet121,concat,mlp,366,95,photos/top_view_images/P3120710.JPG,photos/side_view_images/P3121064.JPG,1.06,1.06,1.207158088684082,0.14715808868408198,0.14715808868408198
densenet121,concat,mlp,367,95,photos/top_view_images/P3120711.JPG,photos/side_view_images/P3121065.JPG,2.12,2.12,2.461939811706543,0.34193981170654286,0.34193981170654286
densenet121,concat,mlp,368,95,photos/top_view_images/P3120712.JPG,photos/side_view_images/P3121066.JPG,3.18,3.18,3.6989288330078125,0.5189288330078123,0.5189288330078123
densenet121,concat,mlp,369,95,photos/top_view_images/P3120713.JPG,photos/side_view_images/P3121067.JPG,4.24,4.24,4.3310370445251465,0.09103704452514627,0.09103704452514627
densenet121,concat,mlp,370,96,photos/top_view_images/P3130714.JPG,photos/side_view_images/P3131068.JPG,1.06,1.06,1.0416315793991089,-0.018368420600891167,0.018368420600891167
densenet121,concat,mlp,371,96,photos/top_view_images/P3130715.JPG,photos/side_view_images/P3131069.JPG,2.12,2.12,1.7152175903320312,-0.40478240966796886,0.40478240966796886
densenet121,concat,mlp,372,96,photos/top_view_images/P3130716.JPG,photos/side_view_images/P3131070.JPG,3.18,3.18,2.9783873558044434,-0.2016126441955568,0.2016126441955568
densenet121,concat,mlp,373,96,photos/top_view_images/P3130717.JPG,photos/side_view_images/P3131071.JPG,4.24,4.24,4.113908767700195,-0.1260912322998049,0.1260912322998049
densenet121,concat,mlp,374,97,photos/top_view_images/P3130718.JPG,photos/side_view_images/P3131072.JPG,1.06,1.06,1.3050371408462524,0.2450371408462524,0.2450371408462524
densenet121,concat,mlp,375,97,photos/top_view_images/P3130719.JPG,photos/side_view_images/P3131073.JPG,2.12,2.12,2.258847951889038,0.13884795188903798,0.13884795188903798
densenet121,concat,mlp,376,97,photos/top_view_images/P3130720.JPG,photos/side_view_images/P3131074.JPG,3.18,3.18,4.032562732696533,0.852562732696533,0.852562732696533
densenet121,concat,mlp,377,97,photos/top_view_images/P3130721.JPG,photos/side_view_images/P3131075.JPG,4.24,4.24,4.542992115020752,0.30299211502075174,0.30299211502075174
densenet121,concat,mlp,378,98,photos/top_view_images/P3130722.JPG,photos/side_view_images/P3131076.JPG,1.06,1.06,1.389687180519104,0.32968718051910395,0.32968718051910395
densenet121,concat,mlp,379,98,photos/top_view_images/P3130723.JPG,photos/side_view_images/P3131077.JPG,2.12,2.12,1.8800641298294067,-0.23993587017059337,0.23993587017059337
densenet121,concat,mlp,380,98,photos/top_view_images/P3130724.JPG,photos/side_view_images/P3131078.JPG,3.18,3.18,2.6051230430603027,-0.5748769569396974,0.5748769569396974
densenet121,concat,mlp,381,98,photos/top_view_images/P3130725.JPG,photos/side_view_images/P3131079.JPG,4.24,4.24,3.430422306060791,-0.8095776939392092,0.8095776939392092
densenet121,concat,mlp,382,99,photos/top_view_images/P3130726.JPG,photos/side_view_images/P3131080.JPG,1.06,1.06,1.1617677211761475,0.10176772117614741,0.10176772117614741
densenet121,concat,mlp,383,99,photos/top_view_images/P3130727.JPG,photos/side_view_images/P3131081.JPG,2.12,2.12,1.8924152851104736,-0.22758471488952647,0.22758471488952647
densenet121,concat,mlp,384,99,photos/top_view_images/P3130728.JPG,photos/side_view_images/P3131082.JPG,3.18,3.18,2.540517807006836,-0.6394821929931642,0.6394821929931642
densenet121,concat,mlp,385,99,photos/top_view_images/P3130729.JPG,photos/side_view_images/P3131083.JPG,4.24,4.24,3.5327792167663574,-0.7072207832336428,0.7072207832336428
densenet121,concat,mlp,386,100,photos/top_view_images/P3130730.JPG,photos/side_view_images/P3131084.JPG,1.06,1.06,1.0266293287277222,-0.033370671272277885,0.033370671272277885
densenet121,concat,mlp,387,100,photos/top_view_images/P3130731.JPG,photos/side_view_images/P3131085.JPG,2.12,2.12,2.582660675048828,0.462660675048828,0.462660675048828
densenet121,concat,mlp,388,100,photos/top_view_images/P3130732.JPG,photos/side_view_images/P3131086.JPG,3.18,3.18,3.4875094890594482,0.3075094890594481,0.3075094890594481
densenet121,concat,mlp,389,100,photos/top_view_images/P3130733.JPG,photos/side_view_images/P3131087.JPG,4.24,4.24,4.439785480499268,0.19978548049926736,0.19978548049926736
densenet121,concat,mlp,390,101,photos/top_view_images/P3130734.JPG,photos/side_view_images/P3131088.JPG,1.06,1.06,1.2433338165283203,0.18333381652832026,0.18333381652832026
densenet121,concat,mlp,391,101,photos/top_view_images/P3130735.JPG,photos/side_view_images/P3131089.JPG,2.12,2.12,2.3923611640930176,0.27236116409301747,0.27236116409301747
densenet121,concat,mlp,392,101,photos/top_view_images/P3130736.JPG,photos/side_view_images/P3131090.JPG,3.18,3.18,3.5698559284210205,0.38985592842102035,0.38985592842102035
densenet121,concat,mlp,393,102,photos/top_view_images/P3130737.JPG,photos/side_view_images/P3131091.JPG,1.06,1.06,1.3930774927139282,0.33307749271392817,0.33307749271392817
densenet121,concat,mlp,394,102,photos/top_view_images/P3130738.JPG,photos/side_view_images/P3131092.JPG,2.12,2.12,2.3420941829681396,0.22209418296813954,0.22209418296813954
densenet121,concat,mlp,395,102,photos/top_view_images/P3130739.JPG,photos/side_view_images/P3131093.JPG,3.18,3.18,3.4466969966888428,0.2666969966888426,0.2666969966888426
densenet121,concat,mlp,396,102,photos/top_view_images/P3130740.JPG,photos/side_view_images/P3131094.JPG,4.24,4.24,3.753655433654785,-0.48634456634521506,0.48634456634521506
densenet121,concat,mlp,397,103,photos/top_view_images/P3130741.JPG,photos/side_view_images/P3131095.JPG,1.06,1.06,0.9875425696372986,-0.07245743036270147,0.07245743036270147
densenet121,concat,mlp,398,103,photos/top_view_images/P3130742.JPG,photos/side_view_images/P3131096.JPG,2.12,2.12,1.7310317754745483,-0.38896822452545177,0.38896822452545177
densenet121,concat,mlp,399,103,photos/top_view_images/P3130743.JPG,photos/side_view_images/P3131097.JPG,3.18,3.18,2.487152338027954,-0.6928476619720461,0.6928476619720461
densenet121,concat,mlp,400,103,photos/top_view_images/P3130744.JPG,photos/side_view_images/P3131098.JPG,4.24,4.24,4.0740766525268555,-0.16592334747314474,0.16592334747314474
densenet121,concat,mlp,401,104,photos/top_view_images/P3130745.JPG,photos/side_view_images/P3131099.JPG,1.06,1.06,1.268383264541626,0.20838326454162592,0.20838326454162592
densenet121,concat,mlp,402,104,photos/top_view_images/P3130746.JPG,photos/side_view_images/P3131100.JPG,2.12,2.12,2.0198025703430176,-0.10019742965698253,0.10019742965698253
densenet121,concat,mlp,403,104,photos/top_view_images/P3130747.JPG,photos/side_view_images/P3131101.JPG,3.18,3.18,3.1855978965759277,0.0055978965759275745,0.0055978965759275745
densenet121,concat,mlp,404,104,photos/top_view_images/P3130748.JPG,photos/side_view_images/P3131102.JPG,4.24,4.24,3.6346232891082764,-0.6053767108917238,0.6053767108917238
densenet121,concat,mlp,405,105,photos/top_view_images/P3130749.JPG,photos/side_view_images/P3131103.JPG,1.06,1.06,1.5929373502731323,0.5329373502731323,0.5329373502731323
densenet121,concat,mlp,406,105,photos/top_view_images/P3130750.JPG,photos/side_view_images/P3131104.JPG,2.12,2.12,2.581043004989624,0.4610430049896239,0.4610430049896239
densenet121,concat,mlp,407,105,photos/top_view_images/P3130751.JPG,photos/side_view_images/P3131105.JPG,3.18,3.18,3.743987560272217,0.5639875602722166,0.5639875602722166
densenet121,concat,mlp,408,105,photos/top_view_images/P3130752.JPG,photos/side_view_images/P3131106.JPG,4.24,4.24,4.441941738128662,0.2019417381286619,0.2019417381286619
densenet121,concat,mlp,409,106,photos/top_view_images/P3130753.JPG,photos/side_view_images/P3131107.JPG,1.06,1.06,1.350885033607483,0.29088503360748286,0.29088503360748286
densenet121,concat,mlp,410,106,photos/top_view_images/P3130754.JPG,photos/side_view_images/P3131108.JPG,2.12,2.12,2.303091287612915,0.18309128761291493,0.18309128761291493
densenet121,concat,mlp,411,106,photos/top_view_images/P3130755.JPG,photos/side_view_images/P3131109.JPG,3.18,3.18,3.318458318710327,0.138458318710327,0.138458318710327
densenet121,concat,mlp,412,106,photos/top_view_images/P3130756.JPG,photos/side_view_images/P3131110.JPG,4.24,4.24,4.5087151527404785,0.2687151527404783,0.2687151527404783
densenet121,concat,mlp,413,107,photos/top_view_images/P3130757.JPG,photos/side_view_images/P3131111.JPG,1.06,1.06,1.1201399564743042,0.060139956474304146,0.060139956474304146
densenet121,concat,mlp,414,107,photos/top_view_images/P3130758.JPG,photos/side_view_images/P3131112.JPG,2.12,2.12,2.633908271789551,0.5139082717895507,0.5139082717895507
densenet121,concat,mlp,415,107,photos/top_view_images/P3130759.JPG,photos/side_view_images/P3131113.JPG,3.18,3.18,3.1190104484558105,-0.06098955154418961,0.06098955154418961
densenet121,concat,mlp,416,107,photos/top_view_images/P3130760.JPG,photos/side_view_images/P3131114.JPG,4.24,4.24,3.922102928161621,-0.3178970718383791,0.3178970718383791
densenet121,concat,mlp,417,108,photos/top_view_images/P2090065.JPG,photos/side_view_images/P2090150.JPG,0.0,0.0,0.6303970217704773,0.6303970217704773,0.6303970217704773
densenet121,concat,mlp,418,109,photos/top_view_images/P2160216.JPG,photos/side_view_images/P2160516.JPG,0.0,0.0,0.6967582106590271,0.6967582106590271,0.6967582106590271
densenet121,concat,mlp,419,110,photos/top_view_images/P3100642.JPG,photos/side_view_images/P2020002.JPG,0.0,0.0,0.6976756453514099,0.6976756453514099,0.6976756453514099
vit_b_16,concat,linear,0,1,photos/top_view_images/P2260331.JPG,photos/side_view_images/P2260685.JPG,1.06,1.06,1.3420240879058838,0.28202408790588374,0.28202408790588374
vit_b_16,concat,linear,1,1,photos/top_view_images/P2260332.JPG,photos/side_view_images/P2260686.JPG,2.12,2.12,2.2182421684265137,0.09824216842651357,0.09824216842651357
vit_b_16,concat,linear,2,1,photos/top_view_images/P2260333.JPG,photos/side_view_images/P2260687.JPG,3.18,3.18,3.4529051780700684,0.2729051780700682,0.2729051780700682
vit_b_16,concat,linear,3,1,photos/top_view_images/P2260334.JPG,photos/side_view_images/P2260688.JPG,4.24,4.24,3.992276906967163,-0.24772309303283713,0.24772309303283713
vit_b_16,concat,linear,4,2,photos/top_view_images/P2260335.JPG,photos/side_view_images/P2260689.JPG,1.06,1.06,1.010063886642456,-0.049936113357544,0.049936113357544
vit_b_16,concat,linear,5,2,photos/top_view_images/P2260336.JPG,photos/side_view_images/P2260690.JPG,2.12,2.12,2.2463343143463135,0.12633431434631337,0.12633431434631337
vit_b_16,concat,linear,6,2,photos/top_view_images/P2260337.JPG,photos/side_view_images/P2260692.JPG,3.18,3.18,3.4682836532592773,0.2882836532592772,0.2882836532592772
vit_b_16,concat,linear,7,2,photos/top_view_images/P2260339.JPG,photos/side_view_images/P2260693.JPG,4.24,4.24,4.402584075927734,0.16258407592773416,0.16258407592773416
vit_b_16,concat,linear,8,3,photos/top_view_images/P2260340.JPG,photos/side_view_images/P2260694.JPG,1.06,1.06,1.3075766563415527,0.24757665634155268,0.24757665634155268
vit_b_16,concat,linear,9,3,photos/top_view_images/P2260341.JPG,photos/side_view_images/P2260695.JPG,2.12,2.12,2.205714464187622,0.08571446418762196,0.08571446418762196
vit_b_16,concat,linear,10,3,photos/top_view_images/P2260342.JPG,photos/side_view_images/P2260696.JPG,3.18,3.18,3.3921632766723633,0.21216327667236312,0.21216327667236312
vit_b_16,concat,linear,11,3,photos/top_view_images/P2260343.JPG,photos/side_view_images/P2260697.JPG,4.24,4.24,3.8308603763580322,-0.409139623641968,0.409139623641968
vit_b_16,concat,linear,12,4,photos/top_view_images/P2260345.JPG,photos/side_view_images/P2260699.JPG,1.06,1.06,0.6861270666122437,-0.3738729333877564,0.3738729333877564
vit_b_16,concat,linear,13,4,photos/top_view_images/P2260346.JPG,photos/side_view_images/P2260700.JPG,2.12,2.12,1.7104215621948242,-0.4095784378051759,0.4095784378051759
vit_b_16,concat,linear,14,4,photos/top_view_images/P2260347.JPG,photos/side_view_images/P2260701.JPG,3.18,3.18,2.4765589237213135,-0.7034410762786867,0.7034410762786867
vit_b_16,concat,linear,15,4,photos/top_view_images/P2260348.JPG,photos/side_view_images/P2260702.JPG,4.24,4.24,4.007937431335449,-0.232062568664551,0.232062568664551
vit_b_16,concat,linear,16,5,photos/top_view_images/P2260349.JPG,photos/side_view_images/P2260703.JPG,1.06,1.06,1.2000582218170166,0.14005822181701655,0.14005822181701655
vit_b_16,concat,linear,17,5,photos/top_view_images/P2260350.JPG,photos/side_view_images/P2260704.JPG,2.12,2.12,2.2734973430633545,0.15349734306335439,0.15349734306335439
vit_b_16,concat,linear,18,5,photos/top_view_images/P2260351.JPG,photos/side_view_images/P2260705.JPG,3.18,3.18,3.1270673274993896,-0.05293267250061051,0.05293267250061051
vit_b_16,concat,linear,19,5,photos/top_view_images/P2260352.JPG,photos/side_view_images/P2260706.JPG,4.24,4.24,4.277867317199707,0.03786731719970682,0.03786731719970682
vit_b_16,concat,linear,20,6,photos/top_view_images/P2270353.JPG,photos/side_view_images/P2270707.JPG,1.06,1.06,0.8290818333625793,-0.2309181666374207,0.2309181666374207
vit_b_16,concat,linear,21,6,photos/top_view_images/P2270354.JPG,photos/side_view_images/P2270708.JPG,2.12,2.12,1.9382890462875366,-0.18171095371246349,0.18171095371246349
vit_b_16,concat,linear,22,6,photos/top_view_images/P2270355.JPG,photos/side_view_images/P2270709.JPG,3.18,3.18,3.2964682579040527,0.11646825790405257,0.11646825790405257
vit_b_16,concat,linear,23,6,photos/top_view_images/P2270356.JPG,photos/side_view_images/P2270710.JPG,4.24,4.24,4.121314525604248,-0.11868547439575217,0.11868547439575217
vit_b_16,concat,linear,24,7,photos/top_view_images/P2270357.JPG,photos/side_view_images/P2270712.JPG,1.06,1.06,1.587397575378418,0.5273975753784179,0.5273975753784179
vit_b_16,concat,linear,25,7,photos/top_view_images/P2270358.JPG,photos/side_view_images/P2270713.JPG,2.12,2.12,2.6258926391601562,0.5058926391601561,0.5058926391601561
vit_b_16,concat,linear,26,7,photos/top_view_images/P2270359.JPG,photos/side_view_images/P2270714.JPG,3.18,3.18,2.7368950843811035,-0.44310491561889664,0.44310491561889664
vit_b_16,concat,linear,27,7,photos/top_view_images/P2270360.JPG,photos/side_view_images/P2270715.JPG,4.24,4.24,3.9779253005981445,-0.2620746994018557,0.2620746994018557
vit_b_16,concat,linear,28,8,photos/top_view_images/P2270361.JPG,photos/side_view_images/P2270716.JPG,1.06,1.06,0.8785898685455322,-0.18141013145446783,0.18141013145446783
vit_b_16,concat,linear,29,8,photos/top_view_images/P2270362.JPG,photos/side_view_images/P2270717.JPG,2.12,2.12,2.163262367248535,0.04326236724853505,0.04326236724853505
vit_b_16,concat,linear,30,8,photos/top_view_images/P2270363.JPG,photos/side_view_images/P2270718.JPG,3.18,3.18,2.883481502532959,-0.2965184974670412,0.2965184974670412
vit_b_16,concat,linear,31,8,photos/top_view_images/P2270364.JPG,photos/side_view_images/P2270719.JPG,4.24,4.24,3.6625723838806152,-0.577427616119385,0.577427616119385
vit_b_16,concat,linear,32,9,photos/top_view_images/P2270365.JPG,photos/side_view_images/P2270720.JPG,1.06,1.06,0.9975425004959106,-0.06245749950408941,0.06245749950408941
vit_b_16,concat,linear,33,9,photos/top_view_images/P2270366.JPG,photos/side_view_images/P2270721.JPG,2.12,2.12,1.6720762252807617,-0.4479237747192384,0.4479237747192384
vit_b_16,concat,linear,34,9,photos/top_view_images/P2270367.JPG,photos/side_view_images/P2270722.JPG,3.18,3.18,2.769412040710449,-0.41058795928955094,0.41058795928955094
vit_b_16,concat,linear,35,9,photos/top_view_images/P2270368.JPG,photos/side_view_images/P2270723.JPG,4.24,4.24,4.108187198638916,-0.1318128013610842,0.1318128013610842
vit_b_16,concat,linear,36,10,photos/top_view_images/P2270369.JPG,photos/side_view_images/P2270724.JPG,1.06,1.06,1.0038586854934692,-0.056141314506530815,0.056141314506530815
vit_b_16,concat,linear,37,10,photos/top_view_images/P2270370.JPG,photos/side_view_images/P2270725.JPG,2.12,2.12,2.0081474781036377,-0.11185252189636241,0.11185252189636241
vit_b_16,concat,linear,38,10,photos/top_view_images/P2270371.JPG,photos/side_view_images/P2270726.JPG,3.18,3.18,2.8977410793304443,-0.2822589206695558,0.2822589206695558
vit_b_16,concat,linear,39,10,photos/top_view_images/P2270372.JPG,photos/side_view_images/P2270727.JPG,4.24,4.24,3.5739355087280273,-0.6660644912719729,0.6660644912719729
vit_b_16,concat,linear,40,11,photos/top_view_images/P2270373.JPG,photos/side_view_images/P2270728.JPG,1.06,1.06,0.968413770198822,-0.09158622980117803,0.09158622980117803
vit_b_16,concat,linear,41,11,photos/top_view_images/P2270374.JPG,photos/side_view_images/P2270729.JPG,2.12,2.12,2.002124547958374,-0.11787545204162608,0.11787545204162608
vit_b_16,concat,linear,42,11,photos/top_view_images/P2270375.JPG,photos/side_view_images/P2270730.JPG,3.18,3.18,3.0427377223968506,-0.13726227760314957,0.13726227760314957
vit_b_16,concat,linear,43,11,photos/top_view_images/P2270376.JPG,photos/side_view_images/P2270731.JPG,4.24,4.24,3.603645086288452,-0.6363549137115481,0.6363549137115481
vit_b_16,concat,linear,44,12,photos/top_view_images/P2270377.JPG,photos/side_view_images/P2270732.JPG,1.06,1.06,1.9372382164001465,0.8772382164001464,0.8772382164001464
vit_b_16,concat,linear,45,12,photos/top_view_images/P2270378.JPG,photos/side_view_images/P2270733.JPG,2.12,2.12,2.48462176322937,0.36462176322937,0.36462176322937
vit_b_16,concat,linear,46,12,photos/top_view_images/P2270379.JPG,photos/side_view_images/P2270734.JPG,3.18,3.18,3.513183355331421,0.33318335533142074,0.33318335533142074
vit_b_16,concat,linear,47,12,photos/top_view_images/P2270381.JPG,photos/side_view_images/P2270736.JPG,4.24,4.24,4.563817024230957,0.3238170242309568,0.3238170242309568
vit_b_16,concat,linear,48,13,photos/top_view_images/P2270383.JPG,photos/side_view_images/P2270737.JPG,1.06,1.06,0.7321798801422119,-0.32782011985778814,0.32782011985778814
vit_b_16,concat,linear,49,13,photos/top_view_images/P2270384.JPG,photos/side_view_images/P2270738.JPG,2.12,2.12,1.7681210041046143,-0.35187899589538585,0.35187899589538585
vit_b_16,concat,linear,50,13,photos/top_view_images/P2270385.JPG,photos/side_view_images/P2270739.JPG,3.18,3.18,3.171220302581787,-0.00877969741821305,0.00877969741821305
vit_b_16,concat,linear,51,14,photos/top_view_images/P3020386.JPG,photos/side_view_images/P3020741.JPG,1.06,1.06,0.7893110513687134,-0.2706889486312867,0.2706889486312867
vit_b_16,concat,linear,52,14,photos/top_view_images/P3020387.JPG,photos/side_view_images/P3020742.JPG,2.12,2.12,1.5783164501190186,-0.5416835498809816,0.5416835498809816
vit_b_16,concat,linear,53,14,photos/top_view_images/P3020388.JPG,photos/side_view_images/P3020743.JPG,3.18,3.18,2.926509141921997,-0.2534908580780031,0.2534908580780031
vit_b_16,concat,linear,54,14,photos/top_view_images/P3020389.JPG,photos/side_view_images/P3020744.JPG,4.24,4.24,4.155145645141602,-0.08485435485839865,0.08485435485839865
vit_b_16,concat,linear,55,15,photos/top_view_images/P3020390.JPG,photos/side_view_images/P3020745.JPG,1.06,1.06,1.38947594165802,0.32947594165801997,0.32947594165801997
vit_b_16,concat,linear,56,15,photos/top_view_images/P3020391.JPG,photos/side_view_images/P3020746.JPG,2.12,2.12,2.279038190841675,0.1590381908416747,0.1590381908416747
vit_b_16,concat,linear,57,15,photos/top_view_images/P3020392.JPG,photos/side_view_images/P3020747.JPG,3.18,3.18,3.3446195125579834,0.16461951255798324,0.16461951255798324
vit_b_16,concat,linear,58,15,photos/top_view_images/P3020393.JPG,photos/side_view_images/P3020748.JPG,4.24,4.24,4.281369686126709,0.04136968612670877,0.04136968612670877
vit_b_16,concat,linear,59,16,photos/top_view_images/P3020394.JPG,photos/side_view_images/P3020749.JPG,1.06,1.06,1.0917214155197144,0.0317214155197143,0.0317214155197143
vit_b_16,concat,linear,60,16,photos/top_view_images/P3020395.JPG,photos/side_view_images/P3020750.JPG,2.12,2.12,2.077030658721924,-0.04296934127807628,0.04296934127807628
vit_b_16,concat,linear,61,16,photos/top_view_images/P3020396.JPG,photos/side_view_images/P3020751.JPG,3.18,3.18,2.9897665977478027,-0.19023340225219743,0.19023340225219743
vit_b_16,concat,linear,62,16,photos/top_view_images/P3020397.JPG,photos/side_view_images/P3020752.JPG,4.24,4.24,4.4778313636779785,0.2378313636779783,0.2378313636779783
vit_b_16,concat,linear,63,17,photos/top_view_images/P3020398.JPG,photos/side_view_images/P3020753.JPG,1.06,1.06,1.0518296957015991,-0.008170304298400932,0.008170304298400932
vit_b_16,concat,linear,64,17,photos/top_view_images/P3020399.JPG,photos/side_view_images/P3020754.JPG,2.12,2.12,2.1923975944519043,0.07239759445190419,0.07239759445190419
vit_b_16,concat,linear,65,17,photos/top_view_images/P3020400.JPG,photos/side_view_images/P3020755.JPG,3.18,3.18,3.331653594970703,0.15165359497070297,0.15165359497070297
vit_b_16,concat,linear,66,17,photos/top_view_images/P3020401.JPG,photos/side_view_images/P3020756.JPG,4.24,4.24,4.532801628112793,0.29280162811279276,0.29280162811279276
vit_b_16,concat,linear,67,18,photos/top_view_images/P3020402.JPG,photos/side_view_images/P3020757.JPG,1.06,1.06,2.1520438194274902,1.0920438194274902,1.0920438194274902
vit_b_16,concat,linear,68,18,photos/top_view_images/P3020403.JPG,photos/side_view_images/P3020758.JPG,2.12,2.12,2.545518159866333,0.4255181598663329,0.4255181598663329
vit_b_16,concat,linear,69,18,photos/top_view_images/P3020404.JPG,photos/side_view_images/P3020759.JPG,3.18,3.18,3.1412320137023926,-0.03876798629760758,0.03876798629760758
vit_b_16,concat,linear,70,18,photos/top_view_images/P3020405.JPG,photos/side_view_images/P3020760.JPG,4.24,4.24,4.194850444793701,-0.04514955520629904,0.04514955520629904
vit_b_16,concat,linear,71,19,photos/top_view_images/P3020406.JPG,photos/side_view_images/P3020761.JPG,1.06,1.06,1.1376187801361084,0.07761878013610835,0.07761878013610835
vit_b_16,concat,linear,72,19,photos/top_view_images/P3020407.JPG,photos/side_view_images/P3020762.JPG,2.12,2.12,2.2205357551574707,0.1005357551574706,0.1005357551574706
vit_b_16,concat,linear,73,19,photos/top_view_images/P3020408.JPG,photos/side_view_images/P3020763.JPG,3.18,3.18,3.3544888496398926,0.17448884963989242,0.17448884963989242
vit_b_16,concat,linear,74,19,photos/top_view_images/P3020409.JPG,photos/side_view_images/P3020764.JPG,4.24,4.24,4.297262668609619,0.05726266860961893,0.05726266860961893
vit_b_16,concat,linear,75,20,photos/top_view_images/P3020410.JPG,photos/side_view_images/P3020765.JPG,1.06,1.06,1.238202691078186,0.17820269107818598,0.17820269107818598
vit_b_16,concat,linear,76,20,photos/top_view_images/P3020411.JPG,photos/side_view_images/P3020766.JPG,2.12,2.12,2.3175618648529053,0.19756186485290517,0.19756186485290517
vit_b_16,concat,linear,77,20,photos/top_view_images/P3020412.JPG,photos/side_view_images/P3020767.JPG,3.18,3.18,3.343519687652588,0.16351968765258773,0.16351968765258773
vit_b_16,concat,linear,78,20,photos/top_view_images/P3020413.JPG,photos/side_view_images/P3020768.JPG,4.24,4.24,3.802335500717163,-0.4376644992828371,0.4376644992828371
vit_b_16,concat,linear,79,21,photos/top_view_images/P3020414.JPG,photos/side_view_images/P3020769.JPG,1.06,1.06,1.2043887376785278,0.14438873767852778,0.14438873767852778
vit_b_16,concat,linear,80,21,photos/top_view_images/P3020415.JPG,photos/side_view_images/P3020770.JPG,2.12,2.12,2.9372544288635254,0.8172544288635253,0.8172544288635253
vit_b_16,concat,linear,81,21,photos/top_view_images/P3020416.JPG,photos/side_view_images/P3020771.JPG,3.18,3.18,3.7651753425598145,0.5851753425598143,0.5851753425598143
vit_b_16,concat,linear,82,21,photos/top_view_images/P3020417.JPG,photos/side_view_images/P3020772.JPG,4.24,4.24,3.2202563285827637,-1.0197436714172365,1.0197436714172365
vit_b_16,concat,linear,83,22,photos/top_view_images/P3020418.JPG,photos/side_view_images/P3020773.JPG,1.06,1.06,1.0862714052200317,0.026271405220031685,0.026271405220031685
vit_b_16,concat,linear,84,22,photos/top_view_images/P3020419.JPG,photos/side_view_images/P3020774.JPG,2.12,2.12,1.8947646617889404,-0.22523533821105968,0.22523533821105968
vit_b_16,concat,linear,85,22,photos/top_view_images/P3020420.JPG,photos/side_view_images/P3020775.JPG,3.18,3.18,3.096926689147949,-0.08307331085205094,0.08307331085205094
vit_b_16,concat,linear,86,22,photos/top_view_images/P3020421.JPG,photos/side_view_images/P3020776.JPG,4.24,4.24,3.508051633834839,-0.7319483661651613,0.7319483661651613
vit_b_16,concat,linear,87,23,photos/top_view_images/P3020422.JPG,photos/side_view_images/P3020777.JPG,1.06,1.06,1.1381876468658447,0.07818764686584467,0.07818764686584467
vit_b_16,concat,linear,88,23,photos/top_view_images/P3020423.JPG,photos/side_view_images/P3020778.JPG,2.12,2.12,1.5849480628967285,-0.5350519371032716,0.5350519371032716
vit_b_16,concat,linear,89,23,photos/top_view_images/P3020424.JPG,photos/side_view_images/P3020779.JPG,3.18,3.18,3.2052457332611084,0.02524573326110824,0.02524573326110824
vit_b_16,concat,linear,90,23,photos/top_view_images/P3020425.JPG,photos/side_view_images/P3020780.JPG,4.24,4.24,4.17107629776001,-0.06892370223999045,0.06892370223999045
vit_b_16,concat,linear,91,24,photos/top_view_images/P3020426.JPG,photos/side_view_images/P3020781.JPG,1.06,1.06,1.9041290283203125,0.8441290283203124,0.8441290283203124
vit_b_16,concat,linear,92,24,photos/top_view_images/P3020427.JPG,photos/side_view_images/P3020782.JPG,2.12,2.12,2.352857828140259,0.23285782814025868,0.23285782814025868
vit_b_16,concat,linear,93,24,photos/top_view_images/P3020428.JPG,photos/side_view_images/P3020783.JPG,3.18,3.18,3.113755702972412,-0.06624429702758805,0.06624429702758805
vit_b_16,concat,linear,94,24,photos/top_view_images/P3020429.JPG,photos/side_view_images/P3020784.JPG,4.24,4.24,3.7348854541778564,-0.5051145458221438,0.5051145458221438
vit_b_16,concat,linear,95,25,photos/top_view_images/P3020430.JPG,photos/side_view_images/P3020785.JPG,1.06,1.06,1.1379140615463257,0.07791406154632563,0.07791406154632563
vit_b_16,concat,linear,96,25,photos/top_view_images/P3020431.JPG,photos/side_view_images/P3020786.JPG,2.12,2.12,2.0747594833374023,-0.04524051666259776,0.04524051666259776
vit_b_16,concat,linear,97,25,photos/top_view_images/P3020432.JPG,photos/side_view_images/P3020787.JPG,3.18,3.18,3.110457181930542,-0.06954281806945817,0.06954281806945817
vit_b_16,concat,linear,98,25,photos/top_view_images/P3020433.JPG,photos/side_view_images/P3020788.JPG,4.24,4.24,4.281749725341797,0.04174972534179666,0.04174972534179666
vit_b_16,concat,linear,99,26,photos/top_view_images/P3020434.JPG,photos/side_view_images/P3020789.JPG,1.06,1.06,1.4170050621032715,0.35700506210327143,0.35700506210327143
vit_b_16,concat,linear,100,26,photos/top_view_images/P3020435.JPG,photos/side_view_images/P3020790.JPG,2.12,2.12,2.9048919677734375,0.7848919677734374,0.7848919677734374
vit_b_16,concat,linear,101,26,photos/top_view_images/P3020436.JPG,photos/side_view_images/P3020791.JPG,3.18,3.18,3.4933526515960693,0.3133526515960692,0.3133526515960692
vit_b_16,concat,linear,102,26,photos/top_view_images/P3020437.JPG,photos/side_view_images/P3020792.JPG,4.24,4.24,4.957513809204102,0.7175138092041013,0.7175138092041013
vit_b_16,concat,linear,103,27,photos/top_view_images/P3020438.JPG,photos/side_view_images/P3020793.JPG,1.06,1.06,0.697323203086853,-0.362676796913147,0.362676796913147
vit_b_16,concat,linear,104,27,photos/top_view_images/P3020439.JPG,photos/side_view_images/P3020794.JPG,2.12,2.12,2.210496425628662,0.090496425628662,0.090496425628662
vit_b_16,concat,linear,105,27,photos/top_view_images/P3020440.JPG,photos/side_view_images/P3020795.JPG,3.18,3.18,3.4200446605682373,0.24004466056823714,0.24004466056823714
vit_b_16,concat,linear,106,27,photos/top_view_images/P3020441.JPG,photos/side_view_images/P3020796.JPG,4.24,4.24,4.201815605163574,-0.038184394836425994,0.038184394836425994
vit_b_16,concat,linear,107,28,photos/top_view_images/P3030442.JPG,photos/side_view_images/P3030797.JPG,1.06,1.06,0.9344109296798706,-0.12558907032012945,0.12558907032012945
vit_b_16,concat,linear,108,28,photos/top_view_images/P3030443.JPG,photos/side_view_images/P3030798.JPG,2.12,2.12,1.9382578134536743,-0.1817421865463258,0.1817421865463258
vit_b_16,concat,linear,109,28,photos/top_view_images/P3030444.JPG,photos/side_view_images/P3030799.JPG,3.18,3.18,3.194693088531494,0.01469308853149398,0.01469308853149398
vit_b_16,concat,linear,110,28,photos/top_view_images/P3030445.JPG,photos/side_view_images/P3030800.JPG,4.24,4.24,4.328115463256836,0.08811546325683572,0.08811546325683572
vit_b_16,concat,linear,111,29,photos/top_view_images/P3030446.JPG,photos/side_view_images/P3030801.JPG,1.06,1.06,1.2514983415603638,0.19149834156036372,0.19149834156036372
vit_b_16,concat,linear,112,29,photos/top_view_images/P3030447.JPG,photos/side_view_images/P3030802.JPG,2.12,2.12,2.3750569820404053,0.25505698204040517,0.25505698204040517
vit_b_16,concat,linear,113,29,photos/top_view_images/P3030448.JPG,photos/side_view_images/P3030803.JPG,3.18,3.18,3.5960800647735596,0.4160800647735594,0.4160800647735594
vit_b_16,concat,linear,114,29,photos/top_view_images/P3030449.JPG,photos/side_view_images/P3030804.JPG,4.24,4.24,4.3417134284973145,0.10171342849731424,0.10171342849731424
vit_b_16,concat,linear,115,30,photos/top_view_images/P3030450.JPG,photos/side_view_images/P3030805.JPG,1.06,1.06,1.1666061878204346,0.10660618782043452,0.10660618782043452
vit_b_16,concat,linear,116,30,photos/top_view_images/P3030451.JPG,photos/side_view_images/P3030806.JPG,2.12,2.12,1.9992399215698242,-0.12076007843017589,0.12076007843017589
vit_b_16,concat,linear,117,30,photos/top_view_images/P3030452.JPG,photos/side_view_images/P3030807.JPG,3.18,3.18,1.9638843536376953,-1.2161156463623048,1.2161156463623048
vit_b_16,concat,linear,118,30,photos/top_view_images/P3030453.JPG,photos/side_view_images/P3030808.JPG,4.24,4.24,2.410144567489624,-1.8298554325103762,1.8298554325103762
vit_b_16,concat,linear,119,31,photos/top_view_images/P3030454.JPG,photos/side_view_images/P3030809.JPG,1.06,1.06,1.4209779500961304,0.3609779500961303,0.3609779500961303
vit_b_16,concat,linear,120,31,photos/top_view_images/P3030455.JPG,photos/side_view_images/P3030810.JPG,2.12,2.12,1.9535908699035645,-0.16640913009643565,0.16640913009643565
vit_b_16,concat,linear,121,31,photos/top_view_images/P3030456.JPG,photos/side_view_images/P3030811.JPG,3.18,3.18,3.250291347503662,0.07029134750366195,0.07029134750366195
vit_b_16,concat,linear,122,31,photos/top_view_images/P3030457.JPG,photos/side_view_images/P3030812.JPG,4.24,4.24,4.072329998016357,-0.1676700019836428,0.1676700019836428
vit_b_16,concat,linear,123,32,photos/top_view_images/P3050458.JPG,photos/side_view_images/P3050813.JPG,1.06,1.06,1.201418399810791,0.14141839981079096,0.14141839981079096
vit_b_16,concat,linear,124,32,photos/top_view_images/P3050459.JPG,photos/side_view_images/P3050814.JPG,2.12,2.12,3.0926120281219482,0.9726120281219481,0.9726120281219481
vit_b_16,concat,linear,125,32,photos/top_view_images/P3050460.JPG,photos/side_view_images/P3050815.JPG,3.18,3.18,3.279719114303589,0.09971911430358871,0.09971911430358871
vit_b_16,concat,linear,126,32,photos/top_view_images/P3050462.JPG,photos/side_view_images/P3050817.JPG,4.24,4.24,4.032813549041748,-0.20718645095825217,0.20718645095825217
vit_b_16,concat,linear,127,33,photos/top_view_images/P3050463.JPG,photos/side_view_images/P3050818.JPG,1.06,1.06,1.122383952140808,0.06238395214080805,0.06238395214080805
vit_b_16,concat,linear,128,33,photos/top_view_images/P3050464.JPG,photos/side_view_images/P3050819.JPG,2.12,2.12,1.3223450183868408,-0.7976549816131593,0.7976549816131593
vit_b_16,concat,linear,129,34,photos/top_view_images/P3050467.JPG,photos/side_view_images/P3050823.JPG,1.06,1.06,1.6734647750854492,0.6134647750854492,0.6134647750854492
vit_b_16,concat,linear,130,34,photos/top_view_images/P3050468.JPG,photos/side_view_images/P3050824.JPG,2.12,2.12,3.16843581199646,1.0484358119964599,1.0484358119964599
vit_b_16,concat,linear,131,34,photos/top_view_images/P3050469.JPG,photos/side_view_images/P3050825.JPG,3.18,3.18,3.9761710166931152,0.7961710166931151,0.7961710166931151
vit_b_16,concat,linear,132,34,photos/top_view_images/P3050470.JPG,photos/side_view_images/P3050826.JPG,4.24,4.24,4.001927375793457,-0.23807262420654318,0.23807262420654318
vit_b_16,concat,linear,133,35,photos/top_view_images/P3050471.JPG,photos/side_view_images/P3050827.JPG,1.06,1.06,0.7622092366218567,-0.29779076337814336,0.29779076337814336
vit_b_16,concat,linear,134,35,photos/top_view_images/P3050472.JPG,photos/side_view_images/P3050828.JPG,2.12,2.12,1.9037818908691406,-0.21621810913085948,0.21621810913085948
vit_b_16,concat,linear,135,35,photos/top_view_images/P3050473.JPG,photos/side_view_images/P3050829.JPG,3.18,3.18,2.640352249145508,-0.5396477508544923,0.5396477508544923
vit_b_16,concat,linear,136,35,photos/top_view_images/P3050474.JPG,photos/side_view_images/P3050830.JPG,4.24,4.24,4.087772369384766,-0.1522276306152346,0.1522276306152346
vit_b_16,concat,linear,137,36,photos/top_view_images/P3050475.JPG,photos/side_view_images/P3050831.JPG,1.06,1.06,0.9779894351959229,-0.0820105648040772,0.0820105648040772
vit_b_16,concat,linear,138,36,photos/top_view_images/P3050476.JPG,photos/side_view_images/P3050832.JPG,2.12,2.12,2.209278106689453,0.08927810668945302,0.08927810668945302
vit_b_16,concat,linear,139,36,photos/top_view_images/P3050477.JPG,photos/side_view_images/P3050833.JPG,3.18,3.18,3.1582248210906982,-0.021775178909301918,0.021775178909301918
vit_b_16,concat,linear,140,36,photos/top_view_images/P3050478.JPG,photos/side_view_images/P3050834.JPG,4.24,4.24,3.582913875579834,-0.6570861244201662,0.6570861244201662
vit_b_16,concat,linear,141,37,photos/top_view_images/P3050479.JPG,photos/side_view_images/P3050835.JPG,1.06,1.06,1.1296125650405884,0.06961256504058833,0.06961256504058833
vit_b_16,concat,linear,142,37,photos/top_view_images/P3050480.JPG,photos/side_view_images/P3050836.JPG,2.12,2.12,2.1591413021087646,0.03914130210876454,0.03914130210876454
vit_b_16,concat,linear,143,37,photos/top_view_images/P3050481.JPG,photos/side_view_images/P3050837.JPG,3.18,3.18,2.8674709796905518,-0.3125290203094484,0.3125290203094484
vit_b_16,concat,linear,144,37,photos/top_view_images/P3050482.JPG,photos/side_view_images/P3050838.JPG,4.24,4.24,4.064681529998779,-0.17531847000122092,0.17531847000122092
vit_b_16,concat,linear,145,38,photos/top_view_images/P3050484.JPG,photos/side_view_images/P3050840.JPG,1.06,1.06,1.1916511058807373,0.13165110588073725,0.13165110588073725
vit_b_16,concat,linear,146,38,photos/top_view_images/P3050485.JPG,photos/side_view_images/P3050841.JPG,2.12,2.12,2.350757598876953,0.23075759887695302,0.23075759887695302
vit_b_16,concat,linear,147,38,photos/top_view_images/P3050486.JPG,photos/side_view_images/P3050842.JPG,3.18,3.18,3.556403160095215,0.3764031600952147,0.3764031600952147
vit_b_16,concat,linear,148,38,photos/top_view_images/P3050487.JPG,photos/side_view_images/P3050843.JPG,4.24,4.24,3.82965087890625,-0.4103491210937502,0.4103491210937502
vit_b_16,concat,linear,149,39,photos/top_view_images/P3050488.JPG,photos/side_view_images/P3050844.JPG,1.06,1.06,1.247745156288147,0.18774515628814692,0.18774515628814692
vit_b_16,concat,linear,150,39,photos/top_view_images/P3050489.JPG,photos/side_view_images/P3050845.JPG,2.12,2.12,2.582631826400757,0.46263182640075673,0.46263182640075673
vit_b_16,concat,linear,151,39,photos/top_view_images/P3050490.JPG,photos/side_view_images/P3050846.JPG,3.18,3.18,3.4484615325927734,0.2684615325927733,0.2684615325927733
vit_b_16,concat,linear,152,39,photos/top_view_images/P3050491.JPG,photos/side_view_images/P3050847.JPG,4.24,4.24,3.871868848800659,-0.36813115119934103,0.36813115119934103
vit_b_16,concat,linear,153,40,photos/top_view_images/P3050492.JPG,photos/side_view_images/P3050848.JPG,1.06,1.06,1.1850085258483887,0.12500852584838862,0.12500852584838862
vit_b_16,concat,linear,154,40,photos/top_view_images/P3050493.JPG,photos/side_view_images/P3050849.JPG,2.12,2.12,1.909989595413208,-0.2100104045867921,0.2100104045867921
vit_b_16,concat,linear,155,40,photos/top_view_images/P3050494.JPG,photos/side_view_images/P3050850.JPG,3.18,3.18,2.922877788543701,-0.257122211456299,0.257122211456299
vit_b_16,concat,linear,156,40,photos/top_view_images/P3050495.JPG,photos/side_view_images/P3050851.JPG,4.24,4.24,3.1921701431274414,-1.0478298568725588,1.0478298568725588
vit_b_16,concat,linear,157,41,photos/top_view_images/P3050496.JPG,photos/side_view_images/P3050852.JPG,1.06,1.06,1.1845468282699585,0.12454682826995844,0.12454682826995844
vit_b_16,concat,linear,158,41,photos/top_view_images/P3050497.JPG,photos/side_view_images/P3050853.JPG,2.12,2.12,2.0749545097351074,-0.045045490264892685,0.045045490264892685
vit_b_16,concat,linear,159,41,photos/top_view_images/P3050498.JPG,photos/side_view_images/P3050854.JPG,3.18,3.18,3.059839963912964,-0.12016003608703629,0.12016003608703629
vit_b_16,concat,linear,160,41,photos/top_view_images/P3050499.JPG,photos/side_view_images/P3050855.JPG,4.24,4.24,3.8233063220977783,-0.4166936779022219,0.4166936779022219
vit_b_16,concat,linear,161,42,photos/top_view_images/P3050500.JPG,photos/side_view_images/P3050857.JPG,2.12,2.12,1.2539674043655396,-0.8660325956344606,0.8660325956344606
vit_b_16,concat,linear,162,42,photos/top_view_images/P3050501.JPG,photos/side_view_images/P3050858.JPG,3.18,3.18,2.284466028213501,-0.8955339717864992,0.8955339717864992
vit_b_16,concat,linear,163,43,photos/top_view_images/P3060503.JPG,photos/side_view_images/P3060859.JPG,1.06,1.06,1.589152216911316,0.5291522169113159,0.5291522169113159
vit_b_16,concat,linear,164,43,photos/top_view_images/P3060504.JPG,photos/side_view_images/P3060860.JPG,2.12,2.12,2.519334316253662,0.399334316253662,0.399334316253662
vit_b_16,concat,linear,165,43,photos/top_view_images/P3060505.JPG,photos/side_view_images/P3060861.JPG,3.18,3.18,3.377811908721924,0.19781190872192367,0.19781190872192367
vit_b_16,concat,linear,166,43,photos/top_view_images/P3060506.JPG,photos/side_view_images/P3060862.JPG,4.24,4.24,3.941988945007324,-0.298011054992676,0.298011054992676
vit_b_16,concat,linear,167,44,photos/top_view_images/P3060507.JPG,photos/side_view_images/P3060863.JPG,1.06,1.06,0.6570580005645752,-0.40294199943542486,0.40294199943542486
vit_b_16,concat,linear,168,44,photos/top_view_images/P3060508.JPG,photos/side_view_images/P3060864.JPG,2.12,2.12,1.6186020374298096,-0.5013979625701905,0.5013979625701905
vit_b_16,concat,linear,169,44,photos/top_view_images/P3060509.JPG,photos/side_view_images/P3060865.JPG,3.18,3.18,3.2261645793914795,0.04616457939147933,0.04616457939147933
vit_b_16,concat,linear,170,44,photos/top_view_images/P3060510.JPG,photos/side_view_images/P3060866.JPG,4.24,4.24,4.021306991577148,-0.21869300842285178,0.21869300842285178
vit_b_16,concat,linear,171,45,photos/top_view_images/P3060511.JPG,photos/side_view_images/P3060867.JPG,1.06,1.06,0.9846215844154358,-0.07537841558456426,0.07537841558456426
vit_b_16,concat,linear,172,45,photos/top_view_images/P3060512.JPG,photos/side_view_images/P3060868.JPG,2.12,2.12,2.000343084335327,-0.11965691566467296,0.11965691566467296
vit_b_16,concat,linear,173,45,photos/top_view_images/P3060513.JPG,photos/side_view_images/P3060869.JPG,3.18,3.18,3.222744941711426,0.04274494171142562,0.04274494171142562
vit_b_16,concat,linear,174,45,photos/top_view_images/P3060514.JPG,photos/side_view_images/P3060870.JPG,4.24,4.24,4.2790141105651855,0.039014110565185334,0.039014110565185334
vit_b_16,concat,linear,175,46,photos/top_view_images/P3060515.JPG,photos/side_view_images/P3060871.JPG,1.06,1.06,1.2120776176452637,0.15207761764526362,0.15207761764526362
vit_b_16,concat,linear,176,46,photos/top_view_images/P3060516.JPG,photos/side_view_images/P3060872.JPG,2.12,2.12,1.738662838935852,-0.38133716106414806,0.38133716106414806
vit_b_16,concat,linear,177,46,photos/top_view_images/P3060517.JPG,photos/side_view_images/P3060873.JPG,3.18,3.18,2.6814777851104736,-0.4985222148895265,0.4985222148895265
vit_b_16,concat,linear,178,46,photos/top_view_images/P3060518.JPG,photos/side_view_images/P3060874.JPG,4.24,4.24,3.7652246952056885,-0.47477530479431174,0.47477530479431174
vit_b_16,concat,linear,179,47,photos/top_view_images/P3060519.JPG,photos/side_view_images/P3060875.JPG,1.06,1.06,1.2337416410446167,0.17374164104461665,0.17374164104461665
vit_b_16,concat,linear,180,47,photos/top_view_images/P3060520.JPG,photos/side_view_images/P3060876.JPG,2.12,2.12,2.550452470779419,0.43045247077941884,0.43045247077941884
vit_b_16,concat,linear,181,47,photos/top_view_images/P3060521.JPG,photos/side_view_images/P3060877.JPG,3.18,3.18,3.2485599517822266,0.0685599517822264,0.0685599517822264
vit_b_16,concat,linear,182,47,photos/top_view_images/P3060522.JPG,photos/side_view_images/P3060878.JPG,4.24,4.24,4.185206413269043,-0.054793586730957244,0.054793586730957244
vit_b_16,concat,linear,183,48,photos/top_view_images/P3060523.JPG,photos/side_view_images/P3060879.JPG,1.06,1.06,1.5523781776428223,0.4923781776428222,0.4923781776428222
vit_b_16,concat,linear,184,48,photos/top_view_images/P3060524.JPG,photos/side_view_images/P3060880.JPG,2.12,2.12,2.176206588745117,0.05620658874511708,0.05620658874511708
vit_b_16,concat,linear,185,48,photos/top_view_images/P3060525.JPG,photos/side_view_images/P3060881.JPG,3.18,3.18,3.294102191925049,0.11410219192504867,0.11410219192504867
vit_b_16,concat,linear,186,48,photos/top_view_images/P3060526.JPG,photos/side_view_images/P3060882.JPG,4.24,4.24,3.6532599925994873,-0.5867400074005129,0.5867400074005129
vit_b_16,concat,linear,187,49,photos/top_view_images/P3060527.JPG,photos/side_view_images/P3060883.JPG,1.06,1.06,2.200244188308716,1.1402441883087158,1.1402441883087158
vit_b_16,concat,linear,188,49,photos/top_view_images/P3060528.JPG,photos/side_view_images/P3060884.JPG,2.12,2.12,3.0947952270507812,0.9747952270507811,0.9747952270507811
vit_b_16,concat,linear,189,49,photos/top_view_images/P3060529.JPG,photos/side_view_images/P3060885.JPG,3.18,3.18,3.5663199424743652,0.3863199424743651,0.3863199424743651
vit_b_16,concat,linear,190,49,photos/top_view_images/P3060530.JPG,photos/side_view_images/P3060886.JPG,4.24,4.24,3.964951992034912,-0.2750480079650881,0.2750480079650881
vit_b_16,concat,linear,191,50,photos/top_view_images/P3060531.JPG,photos/side_view_images/P3060887.JPG,1.06,1.06,1.0659469366073608,0.0059469366073607866,0.0059469366073607866
vit_b_16,concat,linear,192,50,photos/top_view_images/P3060532.JPG,photos/side_view_images/P3060888.JPG,2.12,2.12,2.1959893703460693,0.07598937034606923,0.07598937034606923
vit_b_16,concat,linear,193,50,photos/top_view_images/P3060533.JPG,photos/side_view_images/P3060889.JPG,3.18,3.18,3.4361155033111572,0.25611550331115707,0.25611550331115707
vit_b_16,concat,linear,194,50,photos/top_view_images/P3060534.JPG,photos/side_view_images/P3060890.JPG,4.24,4.24,4.141876220703125,-0.09812377929687521,0.09812377929687521
vit_b_16,concat,linear,195,51,photos/top_view_images/P3060535.JPG,photos/side_view_images/P3060891.JPG,1.06,1.06,0.979931652545929,-0.0800683474540711,0.0800683474540711
vit_b_16,concat,linear,196,51,photos/top_view_images/P3060536.JPG,photos/side_view_images/P3060892.JPG,2.12,2.12,2.718048334121704,0.598048334121704,0.598048334121704
vit_b_16,concat,linear,197,51,photos/top_view_images/P3060537.JPG,photos/side_view_images/P3060893.JPG,3.18,3.18,3.5160956382751465,0.3360956382751463,0.3360956382751463
vit_b_16,concat,linear,198,51,photos/top_view_images/P3060538.JPG,photos/side_view_images/P3060894.JPG,4.24,4.24,4.380372047424316,0.1403720474243162,0.1403720474243162
vit_b_16,concat,linear,199,52,photos/top_view_images/P3060539.JPG,photos/side_view_images/P3060895.JPG,1.06,1.06,1.0374464988708496,-0.022553501129150444,0.022553501129150444
vit_b_16,concat,linear,200,52,photos/top_view_images/P3060540.JPG,photos/side_view_images/P3060896.JPG,2.12,2.12,2.7432925701141357,0.6232925701141356,0.6232925701141356
vit_b_16,concat,linear,201,52,photos/top_view_images/P3060541.JPG,photos/side_view_images/P3060897.JPG,3.18,3.18,3.3299832344055176,0.14998323440551742,0.14998323440551742
vit_b_16,concat,linear,202,52,photos/top_view_images/P3060542.JPG,photos/side_view_images/P3060898.JPG,4.24,4.24,3.531841516494751,-0.7081584835052492,0.7081584835052492
vit_b_16,concat,linear,203,53,photos/top_view_images/P3060543.JPG,photos/side_view_images/P3060899.JPG,1.06,1.06,1.2161917686462402,0.15619176864624018,0.15619176864624018
vit_b_16,concat,linear,204,53,photos/top_view_images/P3060544.JPG,photos/side_view_images/P3060900.JPG,2.12,2.12,2.3152740001678467,0.19527400016784657,0.19527400016784657
vit_b_16,concat,linear,205,53,photos/top_view_images/P3060545.JPG,photos/side_view_images/P3060901.JPG,3.18,3.18,2.6710524559020996,-0.5089475440979006,0.5089475440979006
vit_b_16,concat,linear,206,53,photos/top_view_images/P3060546.JPG,photos/side_view_images/P3060902.JPG,4.24,4.24,2.8426575660705566,-1.3973424339294436,1.3973424339294436
vit_b_16,concat,linear,207,54,photos/top_view_images/P3060547.JPG,photos/side_view_images/P3060903.JPG,1.06,1.06,1.3786472082138062,0.3186472082138061,0.3186472082138061
vit_b_16,concat,linear,208,54,photos/top_view_images/P3060548.JPG,photos/side_view_images/P3060904.JPG,2.12,2.12,2.670443534851074,0.5504435348510741,0.5504435348510741
vit_b_16,concat,linear,209,54,photos/top_view_images/P3060549.JPG,photos/side_view_images/P3060905.JPG,3.18,3.18,3.378634214401245,0.19863421440124496,0.19863421440124496
vit_b_16,concat,linear,210,55,photos/top_view_images/P3060550.JPG,photos/side_view_images/P3060906.JPG,1.06,1.06,0.9647868275642395,-0.09521317243576055,0.09521317243576055
vit_b_16,concat,linear,211,55,photos/top_view_images/P3060551.JPG,photos/side_view_images/P3060907.JPG,2.12,2.12,2.5314862728118896,0.41148627281188954,0.41148627281188954
vit_b_16,concat,linear,212,55,photos/top_view_images/P3060552.JPG,photos/side_view_images/P3060908.JPG,3.18,3.18,3.337090015411377,0.1570900154113768,0.1570900154113768
vit_b_16,concat,linear,213,55,photos/top_view_images/P3060553.JPG,photos/side_view_images/P3060909.JPG,4.24,4.24,4.244020938873291,0.0040209388732908025,0.0040209388732908025
vit_b_16,concat,linear,214,56,photos/top_view_images/P3060554.JPG,photos/side_view_images/P3060910.JPG,1.06,1.06,1.2446441650390625,0.18464416503906245,0.18464416503906245
vit_b_16,concat,linear,215,56,photos/top_view_images/P3060555.JPG,photos/side_view_images/P3060911.JPG,2.12,2.12,2.182781219482422,0.06278121948242177,0.06278121948242177
vit_b_16,concat,linear,216,56,photos/top_view_images/P3060556.JPG,photos/side_view_images/P3060912.JPG,3.18,3.18,2.9932210445404053,-0.1867789554595949,0.1867789554595949
vit_b_16,concat,linear,217,57,photos/top_view_images/P3090558.JPG,photos/side_view_images/P3090914.JPG,1.06,1.06,1.0459394454956055,-0.014060554504394585,0.014060554504394585
vit_b_16,concat,linear,218,57,photos/top_view_images/P3090559.JPG,photos/side_view_images/P3090915.JPG,2.12,2.12,2.0636439323425293,-0.05635606765747081,0.05635606765747081
vit_b_16,concat,linear,219,57,photos/top_view_images/P3090560.JPG,photos/side_view_images/P3090916.JPG,3.18,3.18,2.68316388130188,-0.4968361186981203,0.4968361186981203
vit_b_16,concat,linear,220,57,photos/top_view_images/P3090561.JPG,photos/side_view_images/P3090917.JPG,4.24,4.24,3.875119924545288,-0.3648800754547121,0.3648800754547121
vit_b_16,concat,linear,221,58,photos/top_view_images/P3090562.JPG,photos/side_view_images/P3090918.JPG,1.06,1.06,0.7138735055923462,-0.34612649440765386,0.34612649440765386
vit_b_16,concat,linear,222,58,photos/top_view_images/P3090563.JPG,photos/side_view_images/P3090919.JPG,2.12,2.12,2.6161246299743652,0.49612462997436513,0.49612462997436513
vit_b_16,concat,linear,223,58,photos/top_view_images/P3090564.JPG,photos/side_view_images/P3090920.JPG,3.18,3.18,3.254166841506958,0.07416684150695785,0.07416684150695785
vit_b_16,concat,linear,224,58,photos/top_view_images/P3090565.JPG,photos/side_view_images/P3090921.JPG,4.24,4.24,4.2367777824401855,-0.0032222175598146663,0.0032222175598146663
vit_b_16,concat,linear,225,59,photos/top_view_images/P3090566.JPG,photos/side_view_images/P3090922.JPG,1.06,1.06,1.0438055992126465,-0.01619440078735357,0.01619440078735357
vit_b_16,concat,linear,226,59,photos/top_view_images/P3090567.JPG,photos/side_view_images/P3090923.JPG,2.12,2.12,1.864380121231079,-0.255619878768921,0.255619878768921
vit_b_16,concat,linear,227,59,photos/top_view_images/P3090568.JPG,photos/side_view_images/P3090924.JPG,3.18,3.18,3.2991366386413574,0.11913663864135726,0.11913663864135726
vit_b_16,concat,linear,228,59,photos/top_view_images/P3090569.JPG,photos/side_view_images/P3090925.JPG,4.24,4.24,3.850069522857666,-0.3899304771423342,0.3899304771423342
vit_b_16,concat,linear,229,60,photos/top_view_images/P3090570.JPG,photos/side_view_images/P3090926.JPG,1.06,1.06,0.5997432470321655,-0.4602567529678345,0.4602567529678345
vit_b_16,concat,linear,230,60,photos/top_view_images/P3090571.JPG,photos/side_view_images/P3090927.JPG,2.12,2.12,2.1830873489379883,0.06308734893798817,0.06308734893798817
vit_b_16,concat,linear,231,60,photos/top_view_images/P3090572.JPG,photos/side_view_images/P3090928.JPG,3.18,3.18,2.386312246322632,-0.7936877536773683,0.7936877536773683
vit_b_16,concat,linear,232,60,photos/top_view_images/P3090573.JPG,photos/side_view_images/P3090929.JPG,4.24,4.24,4.145434379577637,-0.0945656204223635,0.0945656204223635
vit_b_16,concat,linear,233,61,photos/top_view_images/P3090574.JPG,photos/side_view_images/P3090930.JPG,1.06,1.06,1.51377272605896,0.4537727260589599,0.4537727260589599
vit_b_16,concat,linear,234,61,photos/top_view_images/P3090575.JPG,photos/side_view_images/P3090931.JPG,2.12,2.12,2.4283220767974854,0.30832207679748524,0.30832207679748524
vit_b_16,concat,linear,235,61,photos/top_view_images/P3090576.JPG,photos/side_view_images/P3090932.JPG,3.18,3.18,2.9155101776123047,-0.2644898223876955,0.2644898223876955
vit_b_16,concat,linear,236,61,photos/top_view_images/P3090577.JPG,photos/side_view_images/P3090933.JPG,4.24,4.24,3.879016399383545,-0.3609836006164553,0.3609836006164553
vit_b_16,concat,linear,237,62,photos/top_view_images/P3090578.JPG,photos/side_view_images/P3090934.JPG,1.06,1.06,1.8841948509216309,0.8241948509216308,0.8241948509216308
vit_b_16,concat,linear,238,62,photos/top_view_images/P3090579.JPG,photos/side_view_images/P3090935.JPG,2.12,2.12,2.443089485168457,0.3230894851684569,0.3230894851684569
vit_b_16,concat,linear,239,62,photos/top_view_images/P3090580.JPG,photos/side_view_images/P3090936.JPG,3.18,3.18,3.7084014415740967,0.5284014415740965,0.5284014415740965
vit_b_16,concat,linear,240,62,photos/top_view_images/P3090581.JPG,photos/side_view_images/P3090937.JPG,4.24,4.24,4.502133846282959,0.26213384628295877,0.26213384628295877
vit_b_16,concat,linear,241,63,photos/top_view_images/P3090582.JPG,photos/side_view_images/P3090938.JPG,1.06,1.06,1.1975520849227905,0.13755208492279047,0.13755208492279047
vit_b_16,concat,linear,242,63,photos/top_view_images/P3090583.JPG,photos/side_view_images/P3090939.JPG,3.18,3.18,2.939246892929077,-0.240753107070923,0.240753107070923
vit_b_16,concat,linear,243,63,photos/top_view_images/P3090584.JPG,photos/side_view_images/P3090940.JPG,4.24,4.24,4.061065196990967,-0.17893480300903342,0.17893480300903342
vit_b_16,concat,linear,244,64,photos/top_view_images/P3090585.JPG,photos/side_view_images/P3090941.JPG,1.06,1.06,1.0256634950637817,-0.034336504936218315,0.034336504936218315
vit_b_16,concat,linear,245,64,photos/top_view_images/P3090586.JPG,photos/side_view_images/P3090942.JPG,2.12,2.12,1.7324470281600952,-0.3875529718399049,0.3875529718399049
vit_b_16,concat,linear,246,64,photos/top_view_images/P3090587.JPG,photos/side_view_images/P3090943.JPG,3.18,3.18,3.02158784866333,-0.15841215133667008,0.15841215133667008
vit_b_16,concat,linear,247,64,photos/top_view_images/P3090588.JPG,photos/side_view_images/P3090944.JPG,4.24,4.24,3.6268506050109863,-0.6131493949890139,0.6131493949890139
vit_b_16,concat,linear,248,65,photos/top_view_images/P3090589.JPG,photos/side_view_images/P3090945.JPG,1.06,1.06,0.819137454032898,-0.2408625459671021,0.2408625459671021
vit_b_16,concat,linear,249,65,photos/top_view_images/P3090590.JPG,photos/side_view_images/P3090946.JPG,2.12,2.12,1.8385072946548462,-0.2814927053451539,0.2814927053451539
vit_b_16,concat,linear,250,65,photos/top_view_images/P3090591.JPG,photos/side_view_images/P3090947.JPG,3.18,3.18,3.3479537963867188,0.1679537963867186,0.1679537963867186
vit_b_16,concat,linear,251,65,photos/top_view_images/P3090592.JPG,photos/side_view_images/P3090948.JPG,4.24,4.24,4.39854097366333,0.15854097366332986,0.15854097366332986
vit_b_16,concat,linear,252,66,photos/top_view_images/P3090593.JPG,photos/side_view_images/P3090949.JPG,1.06,1.06,2.1978776454925537,1.1378776454925537,1.1378776454925537
vit_b_16,concat,linear,253,66,photos/top_view_images/P3090594.JPG,photos/side_view_images/P3090950.JPG,2.12,2.12,2.384382963180542,0.2643829631805419,0.2643829631805419
vit_b_16,concat,linear,254,66,photos/top_view_images/P3090596.JPG,photos/side_view_images/P3090952.JPG,3.18,3.18,3.3523948192596436,0.1723948192596434,0.1723948192596434
vit_b_16,concat,linear,255,66,photos/top_view_images/P3090597.JPG,photos/side_view_images/P3090953.JPG,4.24,4.24,3.1327412128448486,-1.1072587871551516,1.1072587871551516
vit_b_16,concat,linear,256,67,photos/top_view_images/P3090598.JPG,photos/side_view_images/P3090954.JPG,1.06,1.06,1.1140129566192627,0.05401295661926264,0.05401295661926264
vit_b_16,concat,linear,257,67,photos/top_view_images/P3090599.JPG,photos/side_view_images/P3090955.JPG,2.12,2.12,1.8827061653137207,-0.2372938346862794,0.2372938346862794
vit_b_16,concat,linear,258,67,photos/top_view_images/P3090600.JPG,photos/side_view_images/P3090956.JPG,3.18,3.18,3.0802059173583984,-0.09979408264160172,0.09979408264160172
vit_b_16,concat,linear,259,67,photos/top_view_images/P3090601.JPG,photos/side_view_images/P3090957.JPG,4.24,4.24,3.8561949729919434,-0.38380502700805685,0.38380502700805685
vit_b_16,concat,linear,260,68,photos/top_view_images/P3090602.JPG,photos/side_view_images/P3090958.JPG,1.06,1.06,1.3142027854919434,0.2542027854919433,0.2542027854919433
vit_b_16,concat,linear,261,68,photos/top_view_images/P3090603.JPG,photos/side_view_images/P3090959.JPG,2.12,2.12,2.096360921859741,-0.023639078140258896,0.023639078140258896
vit_b_16,concat,linear,262,68,photos/top_view_images/P3090604.JPG,photos/side_view_images/P3090960.JPG,3.18,3.18,3.2115046977996826,0.03150469779968246,0.03150469779968246
vit_b_16,concat,linear,263,68,photos/top_view_images/P3090605.JPG,photos/side_view_images/P3090961.JPG,4.24,4.24,4.146622657775879,-0.0933773422241213,0.0933773422241213
vit_b_16,concat,linear,264,69,photos/top_view_images/P3090606.JPG,photos/side_view_images/P3090962.JPG,1.06,1.06,0.8599768280982971,-0.20002317190170293,0.20002317190170293
vit_b_16,concat,linear,265,69,photos/top_view_images/P3090607.JPG,photos/side_view_images/P3090963.JPG,2.12,2.12,2.240326166152954,0.120326166152954,0.120326166152954
vit_b_16,concat,linear,266,69,photos/top_view_images/P3090608.JPG,photos/side_view_images/P3090964.JPG,3.18,3.18,3.280648946762085,0.1006489467620848,0.1006489467620848
vit_b_16,concat,linear,267,69,photos/top_view_images/P3090609.JPG,photos/side_view_images/P3090965.JPG,4.24,4.24,4.125528812408447,-0.11447118759155295,0.11447118759155295
vit_b_16,concat,linear,268,70,photos/top_view_images/P3090610.JPG,photos/side_view_images/P3090966.JPG,1.06,1.06,0.7983883619308472,-0.2616116380691529,0.2616116380691529
vit_b_16,concat,linear,269,70,photos/top_view_images/P3090612.JPG,photos/side_view_images/P3090967.JPG,2.12,2.12,1.6195074319839478,-0.5004925680160524,0.5004925680160524
vit_b_16,concat,linear,270,70,photos/top_view_images/P3090613.JPG,photos/side_view_images/P3090968.JPG,3.18,3.18,2.713738441467285,-0.466261558532715,0.466261558532715
vit_b_16,concat,linear,271,70,photos/top_view_images/P3090614.JPG,photos/side_view_images/P3090969.JPG,4.24,4.24,3.6546859741210938,-0.5853140258789065,0.5853140258789065
vit_b_16,concat,linear,272,71,photos/top_view_images/P3090615.JPG,photos/side_view_images/P3090970.JPG,1.06,1.06,0.9629583358764648,-0.09704166412353521,0.09704166412353521
vit_b_16,concat,linear,273,71,photos/top_view_images/P3090616.JPG,photos/side_view_images/P3090971.JPG,2.12,2.12,1.8071415424346924,-0.3128584575653077,0.3128584575653077
vit_b_16,concat,linear,274,71,photos/top_view_images/P3090617.JPG,photos/side_view_images/P3090972.JPG,3.18,3.18,3.0038082599639893,-0.1761917400360109,0.1761917400360109
vit_b_16,concat,linear,275,71,photos/top_view_images/P3090618.JPG,photos/side_view_images/P3090973.JPG,4.24,4.24,4.1497321128845215,-0.09026788711547873,0.09026788711547873
vit_b_16,concat,linear,276,72,photos/top_view_images/P3090619.JPG,photos/side_view_images/P3090974.JPG,1.06,1.06,1.0393495559692383,-0.020650444030761772,0.020650444030761772
vit_b_16,concat,linear,277,72,photos/top_view_images/P3090620.JPG,photos/side_view_images/P3090975.JPG,2.12,2.12,1.792994499206543,-0.32700550079345714,0.32700550079345714
vit_b_16,concat,linear,278,72,photos/top_view_images/P3090621.JPG,photos/side_view_images/P3090976.JPG,3.18,3.18,3.0086617469787598,-0.1713382530212404,0.1713382530212404
vit_b_16,concat,linear,279,72,photos/top_view_images/P3090622.JPG,photos/side_view_images/P3090977.JPG,4.24,4.24,4.245433330535889,0.005433330535888459,0.005433330535888459
vit_b_16,concat,linear,280,73,photos/top_view_images/P3090623.JPG,photos/side_view_images/P3090978.JPG,1.06,1.06,0.6497893929481506,-0.4102106070518494,0.4102106070518494
vit_b_16,concat,linear,281,73,photos/top_view_images/P3090624.JPG,photos/side_view_images/P3090979.JPG,2.12,2.12,2.094442129135132,-0.02555787086486827,0.02555787086486827
vit_b_16,concat,linear,282,73,photos/top_view_images/P3090625.JPG,photos/side_view_images/P3090980.JPG,3.18,3.18,2.8650801181793213,-0.31491988182067887,0.31491988182067887
vit_b_16,concat,linear,283,73,photos/top_view_images/P3090626.JPG,photos/side_view_images/P3090981.JPG,4.24,4.24,3.9018447399139404,-0.3381552600860598,0.3381552600860598
vit_b_16,concat,linear,284,74,photos/top_view_images/P3090627.JPG,photos/side_view_images/P3090982.JPG,1.06,1.06,1.2041521072387695,0.14415210723876948,0.14415210723876948
vit_b_16,concat,linear,285,74,photos/top_view_images/P3090628.JPG,photos/side_view_images/P3090983.JPG,2.12,2.12,2.475996971130371,0.355996971130371,0.355996971130371
vit_b_16,concat,linear,286,74,photos/top_view_images/P3090629.JPG,photos/side_view_images/P3090984.JPG,3.18,3.18,3.287703037261963,0.10770303726196273,0.10770303726196273
vit_b_16,concat,linear,287,74,photos/top_view_images/P3090630.JPG,photos/side_view_images/P3090985.JPG,4.24,4.24,4.542782783508301,0.30278278350830057,0.30278278350830057
vit_b_16,concat,linear,288,75,photos/top_view_images/P3100631.JPG,photos/side_view_images/P3100986.JPG,1.06,1.06,1.3153356313705444,0.2553356313705444,0.2553356313705444
vit_b_16,concat,linear,289,75,photos/top_view_images/P3100632.JPG,photos/side_view_images/P3100987.JPG,2.12,2.12,2.3956806659698486,0.2756806659698485,0.2756806659698485
vit_b_16,concat,linear,290,75,photos/top_view_images/P3100633.JPG,photos/side_view_images/P3100988.JPG,3.18,3.18,3.0318338871002197,-0.14816611289978043,0.14816611289978043
vit_b_16,concat,linear,291,75,photos/top_view_images/P3100634.JPG,photos/side_view_images/P3100989.JPG,4.24,4.24,4.208375453948975,-0.031624546051025604,0.031624546051025604
vit_b_16,concat,linear,292,76,photos/top_view_images/P3100635.JPG,photos/side_view_images/P3100990.JPG,1.06,1.06,1.1164828538894653,0.05648285388946528,0.05648285388946528
vit_b_16,concat,linear,293,76,photos/top_view_images/P3100636.JPG,photos/side_view_images/P3100991.JPG,2.12,2.12,2.2341725826263428,0.11417258262634267,0.11417258262634267
vit_b_16,concat,linear,294,76,photos/top_view_images/P3100637.JPG,photos/side_view_images/P3100992.JPG,3.18,3.18,3.606724977493286,0.426724977493286,0.426724977493286
vit_b_16,concat,linear,295,76,photos/top_view_images/P3100638.JPG,photos/side_view_images/P3100993.JPG,4.24,4.24,4.461184024810791,0.2211840248107908,0.2211840248107908
vit_b_16,concat,linear,296,77,photos/top_view_images/P3100639.JPG,photos/side_view_images/P3100994.JPG,1.06,1.06,1.3746798038482666,0.31467980384826655,0.31467980384826655
vit_b_16,concat,linear,297,77,photos/top_view_images/P3100640.JPG,photos/side_view_images/P3100995.JPG,2.12,2.12,2.1281633377075195,0.008163337707519425,0.008163337707519425
vit_b_16,concat,linear,298,77,photos/top_view_images/P3100641.JPG,photos/side_view_images/P3100996.JPG,3.18,3.18,3.4635519981384277,0.2835519981384276,0.2835519981384276
vit_b_16,concat,linear,299,78,photos/top_view_images/P3100643.JPG,photos/side_view_images/P3100997.JPG,1.06,1.06,0.8991422653198242,-0.16085773468017583,0.16085773468017583
vit_b_16,concat,linear,300,78,photos/top_view_images/P3100644.JPG,photos/side_view_images/P3100998.JPG,2.12,2.12,2.2653112411499023,0.14531124114990224,0.14531124114990224
vit_b_16,concat,linear,301,78,photos/top_view_images/P3100645.JPG,photos/side_view_images/P3100999.JPG,3.18,3.18,3.228041410446167,0.04804141044616683,0.04804141044616683
vit_b_16,concat,linear,302,78,photos/top_view_images/P3100646.JPG,photos/side_view_images/P3101000.JPG,4.24,4.24,3.8041491508483887,-0.43585084915161154,0.43585084915161154
vit_b_16,concat,linear,303,79,photos/top_view_images/P3100647.JPG,photos/side_view_images/P3101001.JPG,1.06,1.06,1.0171531438827515,-0.04284685611724859,0.04284685611724859
vit_b_16,concat,linear,304,79,photos/top_view_images/P3100648.JPG,photos/side_view_images/P3101002.JPG,2.12,2.12,2.360654830932617,0.24065483093261708,0.24065483093261708
vit_b_16,concat,linear,305,79,photos/top_view_images/P3100649.JPG,photos/side_view_images/P3101003.JPG,3.18,3.18,3.41849684715271,0.2384968471527098,0.2384968471527098
vit_b_16,concat,linear,306,80,photos/top_view_images/P3100650.JPG,photos/side_view_images/P3101004.JPG,1.06,1.06,1.2440654039382935,0.1840654039382934,0.1840654039382934
vit_b_16,concat,linear,307,80,photos/top_view_images/P3100651.JPG,photos/side_view_images/P3101005.JPG,2.12,2.12,2.5057201385498047,0.3857201385498046,0.3857201385498046
vit_b_16,concat,linear,308,80,photos/top_view_images/P3100652.JPG,photos/side_view_images/P3101006.JPG,3.18,3.18,4.15316104888916,0.97316104888916,0.97316104888916
vit_b_16,concat,linear,309,80,photos/top_view_images/P3100653.JPG,photos/side_view_images/P3101007.JPG,4.24,4.24,4.325685977935791,0.0856859779357908,0.0856859779357908
vit_b_16,concat,linear,310,81,photos/top_view_images/P3100654.JPG,photos/side_view_images/P3101008.JPG,1.06,1.06,0.7601199746131897,-0.29988002538681036,0.29988002538681036
vit_b_16,concat,linear,311,81,photos/top_view_images/P3100655.JPG,photos/side_view_images/P3101009.JPG,2.12,2.12,2.1347970962524414,0.0147970962524413,0.0147970962524413
vit_b_16,concat,linear,312,81,photos/top_view_images/P3100656.JPG,photos/side_view_images/P3101010.JPG,3.18,3.18,3.856069326400757,0.6760693264007567,0.6760693264007567
vit_b_16,concat,linear,313,81,photos/top_view_images/P3100657.JPG,photos/side_view_images/P3101011.JPG,4.24,4.24,4.428670406341553,0.18867040634155252,0.18867040634155252
vit_b_16,concat,linear,314,82,photos/top_view_images/P3120658.JPG,photos/side_view_images/P3121012.JPG,1.06,1.06,1.5415351390838623,0.48153513908386225,0.48153513908386225
vit_b_16,concat,linear,315,82,photos/top_view_images/P3120659.JPG,photos/side_view_images/P3121013.JPG,2.12,2.12,2.5915141105651855,0.47151411056518544,0.47151411056518544
vit_b_16,concat,linear,316,82,photos/top_view_images/P3120660.JPG,photos/side_view_images/P3121014.JPG,3.18,3.18,2.810783624649048,-0.3692163753509523,0.3692163753509523
vit_b_16,concat,linear,317,82,photos/top_view_images/P3120661.JPG,photos/side_view_images/P3121015.JPG,4.24,4.24,4.017326354980469,-0.22267364501953146,0.22267364501953146
vit_b_16,concat,linear,318,83,photos/top_view_images/P3120662.JPG,photos/side_view_images/P3121016.JPG,1.06,1.06,1.5112433433532715,0.45124334335327143,0.45124334335327143
vit_b_16,concat,linear,319,83,photos/top_view_images/P3120663.JPG,photos/side_view_images/P3121017.JPG,2.12,2.12,2.1809208393096924,0.060920839309692276,0.060920839309692276
vit_b_16,concat,linear,320,83,photos/top_view_images/P3120664.JPG,photos/side_view_images/P3121018.JPG,3.18,3.18,3.273179292678833,0.09317929267883285,0.09317929267883285
vit_b_16,concat,linear,321,83,photos/top_view_images/P3120665.JPG,photos/side_view_images/P3121019.JPG,4.24,4.24,4.313199996948242,0.07319999694824197,0.07319999694824197
vit_b_16,concat,linear,322,84,photos/top_view_images/P3120666.JPG,photos/side_view_images/P3121020.JPG,1.06,1.06,1.2605637311935425,0.20056373119354243,0.20056373119354243
vit_b_16,concat,linear,323,84,photos/top_view_images/P3120667.JPG,photos/side_view_images/P3121021.JPG,2.12,2.12,2.7412455081939697,0.6212455081939696,0.6212455081939696
vit_b_16,concat,linear,324,84,photos/top_view_images/P3120668.JPG,photos/side_view_images/P3121022.JPG,3.18,3.18,3.2997798919677734,0.11977989196777328,0.11977989196777328
vit_b_16,concat,linear,325,84,photos/top_view_images/P3120669.JPG,photos/side_view_images/P3121023.JPG,4.24,4.24,4.680560111999512,0.4405601119995115,0.4405601119995115
vit_b_16,concat,linear,326,85,photos/top_view_images/P3120670.JPG,photos/side_view_images/P3121024.JPG,1.06,1.06,1.182931900024414,0.12293190002441401,0.12293190002441401
vit_b_16,concat,linear,327,85,photos/top_view_images/P3120671.JPG,photos/side_view_images/P3121025.JPG,2.12,2.12,2.4758126735687256,0.3558126735687255,0.3558126735687255
vit_b_16,concat,linear,328,85,photos/top_view_images/P3120672.JPG,photos/side_view_images/P3121026.JPG,3.18,3.18,3.9098267555236816,0.7298267555236815,0.7298267555236815
vit_b_16,concat,linear,329,85,photos/top_view_images/P3120673.JPG,photos/side_view_images/P3121027.JPG,4.24,4.24,3.8149003982543945,-0.4250996017456057,0.4250996017456057
vit_b_16,concat,linear,330,86,photos/top_view_images/P3120674.JPG,photos/side_view_images/P3121028.JPG,1.06,1.06,1.1915597915649414,0.13155979156494135,0.13155979156494135
vit_b_16,concat,linear,331,86,photos/top_view_images/P3120675.JPG,photos/side_view_images/P3121029.JPG,2.12,2.12,1.859266757965088,-0.2607332420349122,0.2607332420349122
vit_b_16,concat,linear,332,86,photos/top_view_images/P3120676.JPG,photos/side_view_images/P3121030.JPG,3.18,3.18,3.043619155883789,-0.1363808441162111,0.1363808441162111
vit_b_16,concat,linear,333,86,photos/top_view_images/P3120677.JPG,photos/side_view_images/P3121031.JPG,4.24,4.24,3.8118832111358643,-0.42811678886413596,0.42811678886413596
vit_b_16,concat,linear,334,87,photos/top_view_images/P3120678.JPG,photos/side_view_images/P3121032.JPG,1.06,1.06,1.3689395189285278,0.3089395189285278,0.3089395189285278
vit_b_16,concat,linear,335,87,photos/top_view_images/P3120679.JPG,photos/side_view_images/P3121033.JPG,2.12,2.12,2.709479570388794,0.5894795703887938,0.5894795703887938
vit_b_16,concat,linear,336,87,photos/top_view_images/P3120680.JPG,photos/side_view_images/P3121034.JPG,3.18,3.18,3.8983054161071777,0.7183054161071776,0.7183054161071776
vit_b_16,concat,linear,337,87,photos/top_view_images/P3120681.JPG,photos/side_view_images/P3121035.JPG,4.24,4.24,4.102499008178711,-0.13750099182128928,0.13750099182128928
vit_b_16,concat,linear,338,88,photos/top_view_images/P3120682.JPG,photos/side_view_images/P3121036.JPG,1.06,1.06,0.5883246660232544,-0.47167533397674566,0.47167533397674566
vit_b_16,concat,linear,339,88,photos/top_view_images/P3120683.JPG,photos/side_view_images/P3121037.JPG,2.12,2.12,1.6750316619873047,-0.4449683380126954,0.4449683380126954
vit_b_16,concat,linear,340,88,photos/top_view_images/P3120684.JPG,photos/side_view_images/P3121038.JPG,3.18,3.18,2.967684030532837,-0.21231596946716325,0.21231596946716325
vit_b_16,concat,linear,341,88,photos/top_view_images/P3120685.JPG,photos/side_view_images/P3121039.JPG,4.24,4.24,3.908334732055664,-0.33166526794433615,0.33166526794433615
vit_b_16,concat,linear,342,89,photos/top_view_images/P3120686.JPG,photos/side_view_images/P3121040.JPG,1.06,1.06,1.215343952178955,0.15534395217895502,0.15534395217895502
vit_b_16,concat,linear,343,89,photos/top_view_images/P3120687.JPG,photos/side_view_images/P3121041.JPG,2.12,2.12,1.466505765914917,-0.6534942340850831,0.6534942340850831
vit_b_16,concat,linear,344,89,photos/top_view_images/P3120688.JPG,photos/side_view_images/P3121042.JPG,3.18,3.18,3.5201494693756104,0.3401494693756102,0.3401494693756102
vit_b_16,concat,linear,345,89,photos/top_view_images/P3120689.JPG,photos/side_view_images/P3121043.JPG,4.24,4.24,3.8553414344787598,-0.38465856552124045,0.38465856552124045
vit_b_16,concat,linear,346,90,photos/top_view_images/P3120690.JPG,photos/side_view_images/P3121044.JPG,1.06,1.06,1.1521549224853516,0.09215492248535151,0.09215492248535151
vit_b_16,concat,linear,347,90,photos/top_view_images/P3120691.JPG,photos/side_view_images/P3121045.JPG,2.12,2.12,2.8490850925445557,0.7290850925445556,0.7290850925445556
vit_b_16,concat,linear,348,90,photos/top_view_images/P3120692.JPG,photos/side_view_images/P3121046.JPG,3.18,3.18,3.9742496013641357,0.7942496013641356,0.7942496013641356
vit_b_16,concat,linear,349,90,photos/top_view_images/P3120693.JPG,photos/side_view_images/P3121047.JPG,4.24,4.24,4.549793720245361,0.3097937202453611,0.3097937202453611
vit_b_16,concat,linear,350,91,photos/top_view_images/P3120694.JPG,photos/side_view_images/P3121048.JPG,1.06,1.06,1.1965218782424927,0.13652187824249262,0.13652187824249262
vit_b_16,concat,linear,351,91,photos/top_view_images/P3120695.JPG,photos/side_view_images/P3121049.JPG,2.12,2.12,1.503310203552246,-0.616689796447754,0.616689796447754
vit_b_16,concat,linear,352,91,photos/top_view_images/P3120696.JPG,photos/side_view_images/P3121050.JPG,3.18,3.18,3.2805938720703125,0.10059387207031234,0.10059387207031234
vit_b_16,concat,linear,353,91,photos/top_view_images/P3120697.JPG,photos/side_view_images/P3121051.JPG,4.24,4.24,3.9531919956207275,-0.2868080043792727,0.2868080043792727
vit_b_16,concat,linear,354,92,photos/top_view_images/P3120698.JPG,photos/side_view_images/P3121052.JPG,1.06,1.06,1.0557656288146973,-0.004234371185302788,0.004234371185302788
vit_b_16,concat,linear,355,92,photos/top_view_images/P3120699.JPG,photos/side_view_images/P3121053.JPG,2.12,2.12,2.0407919883728027,-0.07920801162719737,0.07920801162719737
vit_b_16,concat,linear,356,92,photos/top_view_images/P3120700.JPG,photos/side_view_images/P3121054.JPG,3.18,3.18,3.8275744915008545,0.6475744915008543,0.6475744915008543
vit_b_16,concat,linear,357,92,photos/top_view_images/P3120701.JPG,photos/side_view_images/P3121055.JPG,4.24,4.24,4.363315582275391,0.12331558227539041,0.12331558227539041
vit_b_16,concat,linear,358,93,photos/top_view_images/P3120702.JPG,photos/side_view_images/P3121056.JPG,1.06,1.06,1.384566068649292,0.32456606864929194,0.32456606864929194
vit_b_16,concat,linear,359,93,photos/top_view_images/P3120703.JPG,photos/side_view_images/P3121057.JPG,2.12,2.12,2.412440776824951,0.29244077682495107,0.29244077682495107
vit_b_16,concat,linear,360,93,photos/top_view_images/P3120704.JPG,photos/side_view_images/P3121058.JPG,3.18,3.18,3.5942258834838867,0.41422588348388656,0.41422588348388656
vit_b_16,concat,linear,361,93,photos/top_view_images/P3120705.JPG,photos/side_view_images/P3121059.JPG,4.24,4.24,4.396981239318848,0.15698123931884744,0.15698123931884744
vit_b_16,concat,linear,362,94,photos/top_view_images/P3120706.JPG,photos/side_view_images/P3121060.JPG,1.06,1.06,1.1778512001037598,0.11785120010375971,0.11785120010375971
vit_b_16,concat,linear,363,94,photos/top_view_images/P3120707.JPG,photos/side_view_images/P3121061.JPG,2.12,2.12,1.9393267631530762,-0.18067323684692393,0.18067323684692393
vit_b_16,concat,linear,364,94,photos/top_view_images/P3120708.JPG,photos/side_view_images/P3121062.JPG,3.18,3.18,3.020768404006958,-0.15923159599304215,0.15923159599304215
vit_b_16,concat,linear,365,94,photos/top_view_images/P3120709.JPG,photos/side_view_images/P3121063.JPG,4.24,4.24,4.309560298919678,0.06956029891967752,0.06956029891967752
vit_b_16,concat,linear,366,95,photos/top_view_images/P3120710.JPG,photos/side_view_images/P3121064.JPG,1.06,1.06,1.1446149349212646,0.0846149349212646,0.0846149349212646
vit_b_16,concat,linear,367,95,photos/top_view_images/P3120711.JPG,photos/side_view_images/P3121065.JPG,2.12,2.12,2.699653148651123,0.5796531486511229,0.5796531486511229
vit_b_16,concat,linear,368,95,photos/top_view_images/P3120712.JPG,photos/side_view_images/P3121066.JPG,3.18,3.18,3.652470827102661,0.472470827102661,0.472470827102661
vit_b_16,concat,linear,369,95,photos/top_view_images/P3120713.JPG,photos/side_view_images/P3121067.JPG,4.24,4.24,4.471041679382324,0.231041679382324,0.231041679382324
vit_b_16,concat,linear,370,96,photos/top_view_images/P3130714.JPG,photos/side_view_images/P3131068.JPG,1.06,1.06,1.3520216941833496,0.29202169418334956,0.29202169418334956
vit_b_16,concat,linear,371,96,photos/top_view_images/P3130715.JPG,photos/side_view_images/P3131069.JPG,2.12,2.12,2.294208526611328,0.17420852661132802,0.17420852661132802
vit_b_16,concat,linear,372,96,photos/top_view_images/P3130716.JPG,photos/side_view_images/P3131070.JPG,3.18,3.18,3.4209794998168945,0.24097949981689437,0.24097949981689437
vit_b_16,concat,linear,373,96,photos/top_view_images/P3130717.JPG,photos/side_view_images/P3131071.JPG,4.24,4.24,4.3032612800598145,0.06326128005981424,0.06326128005981424
vit_b_16,concat,linear,374,97,photos/top_view_images/P3130718.JPG,photos/side_view_images/P3131072.JPG,1.06,1.06,0.9217235445976257,-0.13827645540237432,0.13827645540237432
vit_b_16,concat,linear,375,97,photos/top_view_images/P3130719.JPG,photos/side_view_images/P3131073.JPG,2.12,2.12,2.2091143131256104,0.08911431312561024,0.08911431312561024
vit_b_16,concat,linear,376,97,photos/top_view_images/P3130720.JPG,photos/side_view_images/P3131074.JPG,3.18,3.18,3.252098798751831,0.0720987987518309,0.0720987987518309
vit_b_16,concat,linear,377,97,photos/top_view_images/P3130721.JPG,photos/side_view_images/P3131075.JPG,4.24,4.24,4.240511417388916,0.0005114173889158025,0.0005114173889158025
vit_b_16,concat,linear,378,98,photos/top_view_images/P3130722.JPG,photos/side_view_images/P3131076.JPG,1.06,1.06,1.0470163822174072,-0.012983617782592827,0.012983617782592827
vit_b_16,concat,linear,379,98,photos/top_view_images/P3130723.JPG,photos/side_view_images/P3131077.JPG,2.12,2.12,1.4267555475234985,-0.6932444524765016,0.6932444524765016
vit_b_16,concat,linear,380,98,photos/top_view_images/P3130724.JPG,photos/side_view_images/P3131078.JPG,3.18,3.18,2.0717368125915527,-1.1082631874084474,1.1082631874084474
vit_b_16,concat,linear,381,98,photos/top_view_images/P3130725.JPG,photos/side_view_images/P3131079.JPG,4.24,4.24,2.8311092853546143,-1.408890714645386,1.408890714645386
vit_b_16,concat,linear,382,99,photos/top_view_images/P3130726.JPG,photos/side_view_images/P3131080.JPG,1.06,1.06,0.9256160259246826,-0.13438397407531744,0.13438397407531744
vit_b_16,concat,linear,383,99,photos/top_view_images/P3130727.JPG,photos/side_view_images/P3131081.JPG,2.12,2.12,2.132591485977173,0.012591485977172745,0.012591485977172745
vit_b_16,concat,linear,384,99,photos/top_view_images/P3130728.JPG,photos/side_view_images/P3131082.JPG,3.18,3.18,3.1166958808898926,-0.06330411911010758,0.06330411911010758
vit_b_16,concat,linear,385,99,photos/top_view_images/P3130729.JPG,photos/side_view_images/P3131083.JPG,4.24,4.24,3.5678608417510986,-0.6721391582489016,0.6721391582489016
vit_b_16,concat,linear,386,100,photos/top_view_images/P3130730.JPG,photos/side_view_images/P3131084.JPG,1.06,1.06,0.9059767723083496,-0.15402322769165044,0.15402322769165044
vit_b_16,concat,linear,387,100,photos/top_view_images/P3130731.JPG,photos/side_view_images/P3131085.JPG,2.12,2.12,2.255847692489624,0.13584769248962392,0.13584769248962392
vit_b_16,concat,linear,388,100,photos/top_view_images/P3130732.JPG,photos/side_view_images/P3131086.JPG,3.18,3.18,3.469953775405884,0.28995377540588363,0.28995377540588363
vit_b_16,concat,linear,389,100,photos/top_view_images/P3130733.JPG,photos/side_view_images/P3131087.JPG,4.24,4.24,4.25196647644043,0.011966476440429474,0.011966476440429474
vit_b_16,concat,linear,390,101,photos/top_view_images/P3130734.JPG,photos/side_view_images/P3131088.JPG,1.06,1.06,1.3527456521987915,0.29274565219879145,0.29274565219879145
vit_b_16,concat,linear,391,101,photos/top_view_images/P3130735.JPG,photos/side_view_images/P3131089.JPG,2.12,2.12,2.7475435733795166,0.6275435733795165,0.6275435733795165
vit_b_16,concat,linear,392,101,photos/top_view_images/P3130736.JPG,photos/side_view_images/P3131090.JPG,3.18,3.18,3.220261335372925,0.040261335372924645,0.040261335372924645
vit_b_16,concat,linear,393,102,photos/top_view_images/P3130737.JPG,photos/side_view_images/P3131091.JPG,1.06,1.06,1.3722578287124634,0.3122578287124633,0.3122578287124633
vit_b_16,concat,linear,394,102,photos/top_view_images/P3130738.JPG,photos/side_view_images/P3131092.JPG,2.12,2.12,2.1221272945404053,0.002127294540405167,0.002127294540405167
vit_b_16,concat,linear,395,102,photos/top_view_images/P3130739.JPG,photos/side_view_images/P3131093.JPG,3.18,3.18,2.781557321548462,-0.39844267845153825,0.39844267845153825
vit_b_16,concat,linear,396,102,photos/top_view_images/P3130740.JPG,photos/side_view_images/P3131094.JPG,4.24,4.24,4.014918804168701,-0.22508119583129904,0.22508119583129904
vit_b_16,concat,linear,397,103,photos/top_view_images/P3130741.JPG,photos/side_view_images/P3131095.JPG,1.06,1.06,1.3565778732299805,0.2965778732299804,0.2965778732299804
vit_b_16,concat,linear,398,103,photos/top_view_images/P3130742.JPG,photos/side_view_images/P3131096.JPG,2.12,2.12,2.0994813442230225,-0.020518655776977646,0.020518655776977646
vit_b_16,concat,linear,399,103,photos/top_view_images/P3130743.JPG,photos/side_view_images/P3131097.JPG,3.18,3.18,2.9005260467529297,-0.2794739532470705,0.2794739532470705
vit_b_16,concat,linear,400,103,photos/top_view_images/P3130744.JPG,photos/side_view_images/P3131098.JPG,4.24,4.24,3.59022855758667,-0.6497714424133303,0.6497714424133303
vit_b_16,concat,linear,401,104,photos/top_view_images/P3130745.JPG,photos/side_view_images/P3131099.JPG,1.06,1.06,0.671821653842926,-0.38817834615707403,0.38817834615707403
vit_b_16,concat,linear,402,104,photos/top_view_images/P3130746.JPG,photos/side_view_images/P3131100.JPG,2.12,2.12,1.157704472541809,-0.962295527458191,0.962295527458191
vit_b_16,concat,linear,403,104,photos/top_view_images/P3130747.JPG,photos/side_view_images/P3131101.JPG,3.18,3.18,2.8643786907196045,-0.31562130928039567,0.31562130928039567
vit_b_16,concat,linear,404,104,photos/top_view_images/P3130748.JPG,photos/side_view_images/P3131102.JPG,4.24,4.24,3.2386858463287354,-1.0013141536712649,1.0013141536712649
vit_b_16,concat,linear,405,105,photos/top_view_images/P3130749.JPG,photos/side_view_images/P3131103.JPG,1.06,1.06,1.4786657094955444,0.4186657094955444,0.4186657094955444
vit_b_16,concat,linear,406,105,photos/top_view_images/P3130750.JPG,photos/side_view_images/P3131104.JPG,2.12,2.12,2.5805742740631104,0.46057427406311024,0.46057427406311024
vit_b_16,concat,linear,407,105,photos/top_view_images/P3130751.JPG,photos/side_view_images/P3131105.JPG,3.18,3.18,3.008314847946167,-0.17168515205383317,0.17168515205383317
vit_b_16,concat,linear,408,105,photos/top_view_images/P3130752.JPG,photos/side_view_images/P3131106.JPG,4.24,4.24,3.325191020965576,-0.914808979034424,0.914808979034424
vit_b_16,concat,linear,409,106,photos/top_view_images/P3130753.JPG,photos/side_view_images/P3131107.JPG,1.06,1.06,1.5732555389404297,0.5132555389404296,0.5132555389404296
vit_b_16,concat,linear,410,106,photos/top_view_images/P3130754.JPG,photos/side_view_images/P3131108.JPG,2.12,2.12,2.067993402481079,-0.052006597518921005,0.052006597518921005
vit_b_16,concat,linear,411,106,photos/top_view_images/P3130755.JPG,photos/side_view_images/P3131109.JPG,3.18,3.18,3.4186441898345947,0.23864418983459457,0.23864418983459457
vit_b_16,concat,linear,412,106,photos/top_view_images/P3130756.JPG,photos/side_view_images/P3131110.JPG,4.24,4.24,4.493418216705322,0.25341821670532205,0.25341821670532205
vit_b_16,concat,linear,413,107,photos/top_view_images/P3130757.JPG,photos/side_view_images/P3131111.JPG,1.06,1.06,1.5033323764801025,0.4433323764801025,0.4433323764801025
vit_b_16,concat,linear,414,107,photos/top_view_images/P3130758.JPG,photos/side_view_images/P3131112.JPG,2.12,2.12,2.8868205547332764,0.7668205547332763,0.7668205547332763
vit_b_16,concat,linear,415,107,photos/top_view_images/P3130759.JPG,photos/side_view_images/P3131113.JPG,3.18,3.18,3.3179478645324707,0.13794786453247054,0.13794786453247054
vit_b_16,concat,linear,416,107,photos/top_view_images/P3130760.JPG,photos/side_view_images/P3131114.JPG,4.24,4.24,4.179304122924805,-0.060695877075195526,0.060695877075195526
vit_b_16,concat,linear,417,108,photos/top_view_images/P2090065.JPG,photos/side_view_images/P2090150.JPG,0.0,0.0,0.7001986503601074,0.7001986503601074,0.7001986503601074
vit_b_16,concat,linear,418,109,photos/top_view_images/P2160216.JPG,photos/side_view_images/P2160516.JPG,0.0,0.0,0.7697814702987671,0.7697814702987671,0.7697814702987671
vit_b_16,concat,linear,419,110,photos/top_view_images/P3100642.JPG,photos/side_view_images/P2020002.JPG,0.0,0.0,0.7371425628662109,0.7371425628662109,0.7371425628662109
vit_b_16,concat,mlp,0,1,photos/top_view_images/P2260331.JPG,photos/side_view_images/P2260685.JPG,1.06,1.06,1.322497010231018,0.262497010231018,0.262497010231018
vit_b_16,concat,mlp,1,1,photos/top_view_images/P2260332.JPG,photos/side_view_images/P2260686.JPG,2.12,2.12,1.9190717935562134,-0.20092820644378673,0.20092820644378673
vit_b_16,concat,mlp,2,1,photos/top_view_images/P2260333.JPG,photos/side_view_images/P2260687.JPG,3.18,3.18,3.1312005519866943,-0.048799448013305824,0.048799448013305824
vit_b_16,concat,mlp,3,1,photos/top_view_images/P2260334.JPG,photos/side_view_images/P2260688.JPG,4.24,4.24,3.834458589553833,-0.4055414104461672,0.4055414104461672
vit_b_16,concat,mlp,4,2,photos/top_view_images/P2260335.JPG,photos/side_view_images/P2260689.JPG,1.06,1.06,0.8171496391296387,-0.24285036087036138,0.24285036087036138
vit_b_16,concat,mlp,5,2,photos/top_view_images/P2260336.JPG,photos/side_view_images/P2260690.JPG,2.12,2.12,1.846125841140747,-0.27387415885925304,0.27387415885925304
vit_b_16,concat,mlp,6,2,photos/top_view_images/P2260337.JPG,photos/side_view_images/P2260692.JPG,3.18,3.18,3.6678693294525146,0.4878693294525145,0.4878693294525145
vit_b_16,concat,mlp,7,2,photos/top_view_images/P2260339.JPG,photos/side_view_images/P2260693.JPG,4.24,4.24,4.227149963378906,-0.012850036621093963,0.012850036621093963
vit_b_16,concat,mlp,8,3,photos/top_view_images/P2260340.JPG,photos/side_view_images/P2260694.JPG,1.06,1.06,1.287223219871521,0.22722321987152094,0.22722321987152094
vit_b_16,concat,mlp,9,3,photos/top_view_images/P2260341.JPG,photos/side_view_images/P2260695.JPG,2.12,2.12,2.081315517425537,-0.038684482574463,0.038684482574463
vit_b_16,concat,mlp,10,3,photos/top_view_images/P2260342.JPG,photos/side_view_images/P2260696.JPG,3.18,3.18,3.330245018005371,0.15024501800537093,0.15024501800537093
vit_b_16,concat,mlp,11,3,photos/top_view_images/P2260343.JPG,photos/side_view_images/P2260697.JPG,4.24,4.24,4.0944318771362305,-0.14556812286376974,0.14556812286376974
vit_b_16,concat,mlp,12,4,photos/top_view_images/P2260345.JPG,photos/side_view_images/P2260699.JPG,1.06,1.06,0.8532038927078247,-0.20679610729217535,0.20679610729217535
vit_b_16,concat,mlp,13,4,photos/top_view_images/P2260346.JPG,photos/side_view_images/P2260700.JPG,2.12,2.12,1.6856659650802612,-0.4343340349197389,0.4343340349197389
vit_b_16,concat,mlp,14,4,photos/top_view_images/P2260347.JPG,photos/side_view_images/P2260701.JPG,3.18,3.18,2.190441131591797,-0.9895588684082033,0.9895588684082033
vit_b_16,concat,mlp,15,4,photos/top_view_images/P2260348.JPG,photos/side_view_images/P2260702.JPG,4.24,4.24,4.084120273590088,-0.15587972640991232,0.15587972640991232
vit_b_16,concat,mlp,16,5,photos/top_view_images/P2260349.JPG,photos/side_view_images/P2260703.JPG,1.06,1.06,1.0734479427337646,0.013447942733764595,0.013447942733764595
vit_b_16,concat,mlp,17,5,photos/top_view_images/P2260350.JPG,photos/side_view_images/P2260704.JPG,2.12,2.12,2.262124538421631,0.14212453842163075,0.14212453842163075
vit_b_16,concat,mlp,18,5,photos/top_view_images/P2260351.JPG,photos/side_view_images/P2260705.JPG,3.18,3.18,3.0513253211975098,-0.1286746788024904,0.1286746788024904
vit_b_16,concat,mlp,19,5,photos/top_view_images/P2260352.JPG,photos/side_view_images/P2260706.JPG,4.24,4.24,4.2968034744262695,0.05680347442626932,0.05680347442626932
vit_b_16,concat,mlp,20,6,photos/top_view_images/P2270353.JPG,photos/side_view_images/P2270707.JPG,1.06,1.06,1.139146327972412,0.07914632797241206,0.07914632797241206
vit_b_16,concat,mlp,21,6,photos/top_view_images/P2270354.JPG,photos/side_view_images/P2270708.JPG,2.12,2.12,1.7269600629806519,-0.39303993701934825,0.39303993701934825
vit_b_16,concat,mlp,22,6,photos/top_view_images/P2270355.JPG,photos/side_view_images/P2270709.JPG,3.18,3.18,3.286698818206787,0.10669881820678695,0.10669881820678695
vit_b_16,concat,mlp,23,6,photos/top_view_images/P2270356.JPG,photos/side_view_images/P2270710.JPG,4.24,4.24,4.059154987335205,-0.18084501266479514,0.18084501266479514
vit_b_16,concat,mlp,24,7,photos/top_view_images/P2270357.JPG,photos/side_view_images/P2270712.JPG,1.06,1.06,1.262344241142273,0.2023442411422729,0.2023442411422729
vit_b_16,concat,mlp,25,7,photos/top_view_images/P2270358.JPG,photos/side_view_images/P2270713.JPG,2.12,2.12,2.6642277240753174,0.5442277240753173,0.5442277240753173
vit_b_16,concat,mlp,26,7,photos/top_view_images/P2270359.JPG,photos/side_view_images/P2270714.JPG,3.18,3.18,2.724026918411255,-0.4559730815887453,0.4559730815887453
vit_b_16,concat,mlp,27,7,photos/top_view_images/P2270360.JPG,photos/side_view_images/P2270715.JPG,4.24,4.24,4.234941482543945,-0.005058517456054901,0.005058517456054901
vit_b_16,concat,mlp,28,8,photos/top_view_images/P2270361.JPG,photos/side_view_images/P2270716.JPG,1.06,1.06,0.7577438950538635,-0.30225610494613653,0.30225610494613653
vit_b_16,concat,mlp,29,8,photos/top_view_images/P2270362.JPG,photos/side_view_images/P2270717.JPG,2.12,2.12,1.6193174123764038,-0.5006825876235963,0.5006825876235963
vit_b_16,concat,mlp,30,8,photos/top_view_images/P2270363.JPG,photos/side_view_images/P2270718.JPG,3.18,3.18,2.3670122623443604,-0.8129877376556398,0.8129877376556398
vit_b_16,concat,mlp,31,8,photos/top_view_images/P2270364.JPG,photos/side_view_images/P2270719.JPG,4.24,4.24,3.4490177631378174,-0.7909822368621828,0.7909822368621828
vit_b_16,concat,mlp,32,9,photos/top_view_images/P2270365.JPG,photos/side_view_images/P2270720.JPG,1.06,1.06,1.223258376121521,0.16325837612152094,0.16325837612152094
vit_b_16,concat,mlp,33,9,photos/top_view_images/P2270366.JPG,photos/side_view_images/P2270721.JPG,2.12,2.12,1.9074918031692505,-0.21250819683074962,0.21250819683074962
vit_b_16,concat,mlp,34,9,photos/top_view_images/P2270367.JPG,photos/side_view_images/P2270722.JPG,3.18,3.18,3.2110767364501953,0.031076736450195153,0.031076736450195153
vit_b_16,concat,mlp,35,9,photos/top_view_images/P2270368.JPG,photos/side_view_images/P2270723.JPG,4.24,4.24,4.441901206970215,0.20190120697021463,0.20190120697021463
vit_b_16,concat,mlp,36,10,photos/top_view_images/P2270369.JPG,photos/side_view_images/P2270724.JPG,1.06,1.06,0.8930408954620361,-0.16695910453796392,0.16695910453796392
vit_b_16,concat,mlp,37,10,photos/top_view_images/P2270370.JPG,photos/side_view_images/P2270725.JPG,2.12,2.12,1.9184894561767578,-0.2015105438232423,0.2015105438232423
vit_b_16,concat,mlp,38,10,photos/top_view_images/P2270371.JPG,photos/side_view_images/P2270726.JPG,3.18,3.18,2.6015117168426514,-0.5784882831573488,0.5784882831573488
vit_b_16,concat,mlp,39,10,photos/top_view_images/P2270372.JPG,photos/side_view_images/P2270727.JPG,4.24,4.24,3.3379125595092773,-0.9020874404907229,0.9020874404907229
vit_b_16,concat,mlp,40,11,photos/top_view_images/P2270373.JPG,photos/side_view_images/P2270728.JPG,1.06,1.06,0.9598139524459839,-0.10018604755401617,0.10018604755401617
vit_b_16,concat,mlp,41,11,photos/top_view_images/P2270374.JPG,photos/side_view_images/P2270729.JPG,2.12,2.12,1.9496299028396606,-0.17037009716033946,0.17037009716033946
vit_b_16,concat,mlp,42,11,photos/top_view_images/P2270375.JPG,photos/side_view_images/P2270730.JPG,3.18,3.18,3.0266621112823486,-0.15333788871765153,0.15333788871765153
vit_b_16,concat,mlp,43,11,photos/top_view_images/P2270376.JPG,photos/side_view_images/P2270731.JPG,4.24,4.24,3.712799072265625,-0.5272009277343752,0.5272009277343752
vit_b_16,concat,mlp,44,12,photos/top_view_images/P2270377.JPG,photos/side_view_images/P2270732.JPG,1.06,1.06,1.775400161743164,0.715400161743164,0.715400161743164
vit_b_16,concat,mlp,45,12,photos/top_view_images/P2270378.JPG,photos/side_view_images/P2270733.JPG,2.12,2.12,2.612501859664917,0.4925018596649169,0.4925018596649169
vit_b_16,concat,mlp,46,12,photos/top_view_images/P2270379.JPG,photos/side_view_images/P2270734.JPG,3.18,3.18,3.5671675205230713,0.38716752052307113,0.38716752052307113
vit_b_16,concat,mlp,47,12,photos/top_view_images/P2270381.JPG,photos/side_view_images/P2270736.JPG,4.24,4.24,4.4065752029418945,0.16657520294189432,0.16657520294189432
vit_b_16,concat,mlp,48,13,photos/top_view_images/P2270383.JPG,photos/side_view_images/P2270737.JPG,1.06,1.06,0.8346103429794312,-0.2253896570205689,0.2253896570205689
vit_b_16,concat,mlp,49,13,photos/top_view_images/P2270384.JPG,photos/side_view_images/P2270738.JPG,2.12,2.12,1.3906103372573853,-0.7293896627426149,0.7293896627426149
vit_b_16,concat,mlp,50,13,photos/top_view_images/P2270385.JPG,photos/side_view_images/P2270739.JPG,3.18,3.18,3.0748209953308105,-0.10517900466918961,0.10517900466918961
vit_b_16,concat,mlp,51,14,photos/top_view_images/P3020386.JPG,photos/side_view_images/P3020741.JPG,1.06,1.06,1.0409274101257324,-0.01907258987426763,0.01907258987426763
vit_b_16,concat,mlp,52,14,photos/top_view_images/P3020387.JPG,photos/side_view_images/P3020742.JPG,2.12,2.12,1.5418843030929565,-0.5781156969070436,0.5781156969070436
vit_b_16,concat,mlp,53,14,photos/top_view_images/P3020388.JPG,photos/side_view_images/P3020743.JPG,3.18,3.18,2.7766823768615723,-0.4033176231384279,0.4033176231384279
vit_b_16,concat,mlp,54,14,photos/top_view_images/P3020389.JPG,photos/side_view_images/P3020744.JPG,4.24,4.24,4.248652935028076,0.008652935028075959,0.008652935028075959
vit_b_16,concat,mlp,55,15,photos/top_view_images/P3020390.JPG,photos/side_view_images/P3020745.JPG,1.06,1.06,1.5031040906906128,0.44310409069061274,0.44310409069061274
vit_b_16,concat,mlp,56,15,photos/top_view_images/P3020391.JPG,photos/side_view_images/P3020746.JPG,2.12,2.12,2.4991748332977295,0.3791748332977294,0.3791748332977294
vit_b_16,concat,mlp,57,15,photos/top_view_images/P3020392.JPG,photos/side_view_images/P3020747.JPG,3.18,3.18,3.699613332748413,0.5196133327484129,0.5196133327484129
vit_b_16,concat,mlp,58,15,photos/top_view_images/P3020393.JPG,photos/side_view_images/P3020748.JPG,4.24,4.24,4.438215732574463,0.19821573257446268,0.19821573257446268
vit_b_16,concat,mlp,59,16,photos/top_view_images/P3020394.JPG,photos/side_view_images/P3020749.JPG,1.06,1.06,0.6207309365272522,-0.43926906347274786,0.43926906347274786
vit_b_16,concat,mlp,60,16,photos/top_view_images/P3020395.JPG,photos/side_view_images/P3020750.JPG,2.12,2.12,1.8781976699829102,-0.24180233001708995,0.24180233001708995
vit_b_16,concat,mlp,61,16,photos/top_view_images/P3020396.JPG,photos/side_view_images/P3020751.JPG,3.18,3.18,2.810464382171631,-0.3695356178283693,0.3695356178283693
vit_b_16,concat,mlp,62,16,photos/top_view_images/P3020397.JPG,photos/side_view_images/P3020752.JPG,4.24,4.24,4.204561233520508,-0.0354387664794924,0.0354387664794924
vit_b_16,concat,mlp,63,17,photos/top_view_images/P3020398.JPG,photos/side_view_images/P3020753.JPG,1.06,1.06,0.860880970954895,-0.19911902904510503,0.19911902904510503
vit_b_16,concat,mlp,64,17,photos/top_view_images/P3020399.JPG,photos/side_view_images/P3020754.JPG,2.12,2.12,2.3969149589538574,0.2769149589538573,0.2769149589538573
vit_b_16,concat,mlp,65,17,photos/top_view_images/P3020400.JPG,photos/side_view_images/P3020755.JPG,3.18,3.18,3.2178754806518555,0.03787548065185531,0.03787548065185531
vit_b_16,concat,mlp,66,17,photos/top_view_images/P3020401.JPG,photos/side_view_images/P3020756.JPG,4.24,4.24,4.417409420013428,0.17740942001342752,0.17740942001342752
vit_b_16,concat,mlp,67,18,photos/top_view_images/P3020402.JPG,photos/side_view_images/P3020757.JPG,1.06,1.06,1.8431020975112915,0.7831020975112915,0.7831020975112915
vit_b_16,concat,mlp,68,18,photos/top_view_images/P3020403.JPG,photos/side_view_images/P3020758.JPG,2.12,2.12,2.5422890186309814,0.42228901863098134,0.42228901863098134
vit_b_16,concat,mlp,69,18,photos/top_view_images/P3020404.JPG,photos/side_view_images/P3020759.JPG,3.18,3.18,3.0045535564422607,-0.17544644355773942,0.17544644355773942
vit_b_16,concat,mlp,70,18,photos/top_view_images/P3020405.JPG,photos/side_view_images/P3020760.JPG,4.24,4.24,4.030717849731445,-0.2092821502685549,0.2092821502685549
vit_b_16,concat,mlp,71,19,photos/top_view_images/P3020406.JPG,photos/side_view_images/P3020761.JPG,1.06,1.06,1.081791877746582,0.021791877746581978,0.021791877746581978
vit_b_16,concat,mlp,72,19,photos/top_view_images/P3020407.JPG,photos/side_view_images/P3020762.JPG,2.12,2.12,2.0749154090881348,-0.04508459091186534,0.04508459091186534
vit_b_16,concat,mlp,73,19,photos/top_view_images/P3020408.JPG,photos/side_view_images/P3020763.JPG,3.18,3.18,3.5349907875061035,0.35499078750610336,0.35499078750610336
vit_b_16,concat,mlp,74,19,photos/top_view_images/P3020409.JPG,photos/side_view_images/P3020764.JPG,4.24,4.24,4.411739349365234,0.17173934936523416,0.17173934936523416
vit_b_16,concat,mlp,75,20,photos/top_view_images/P3020410.JPG,photos/side_view_images/P3020765.JPG,1.06,1.06,1.408636450767517,0.34863645076751704,0.34863645076751704
vit_b_16,concat,mlp,76,20,photos/top_view_images/P3020411.JPG,photos/side_view_images/P3020766.JPG,2.12,2.12,2.1749281883239746,0.0549281883239745,0.0549281883239745
vit_b_16,concat,mlp,77,20,photos/top_view_images/P3020412.JPG,photos/side_view_images/P3020767.JPG,3.18,3.18,2.963696002960205,-0.21630399703979508,0.21630399703979508
vit_b_16,concat,mlp,78,20,photos/top_view_images/P3020413.JPG,photos/side_view_images/P3020768.JPG,4.24,4.24,3.771605968475342,-0.4683940315246584,0.4683940315246584
vit_b_16,concat,mlp,79,21,photos/top_view_images/P3020414.JPG,photos/side_view_images/P3020769.JPG,1.06,1.06,1.0735565423965454,0.013556542396545357,0.013556542396545357
vit_b_16,concat,mlp,80,21,photos/top_view_images/P3020415.JPG,photos/side_view_images/P3020770.JPG,2.12,2.12,2.653221607208252,0.5332216072082518,0.5332216072082518
vit_b_16,concat,mlp,81,21,photos/top_view_images/P3020416.JPG,photos/side_view_images/P3020771.JPG,3.18,3.18,3.507077217102051,0.3270772171020506,0.3270772171020506
vit_b_16,concat,mlp,82,21,photos/top_view_images/P3020417.JPG,photos/side_view_images/P3020772.JPG,4.24,4.24,3.3405513763427734,-0.8994486236572268,0.8994486236572268
vit_b_16,concat,mlp,83,22,photos/top_view_images/P3020418.JPG,photos/side_view_images/P3020773.JPG,1.06,1.06,0.7365249991416931,-0.32347500085830694,0.32347500085830694
vit_b_16,concat,mlp,84,22,photos/top_view_images/P3020419.JPG,photos/side_view_images/P3020774.JPG,2.12,2.12,1.4959323406219482,-0.6240676593780519,0.6240676593780519
vit_b_16,concat,mlp,85,22,photos/top_view_images/P3020420.JPG,photos/side_view_images/P3020775.JPG,3.18,3.18,2.8012006282806396,-0.3787993717193605,0.3787993717193605
vit_b_16,concat,mlp,86,22,photos/top_view_images/P3020421.JPG,photos/side_view_images/P3020776.JPG,4.24,4.24,3.9306952953338623,-0.3093047046661379,0.3093047046661379
vit_b_16,concat,mlp,87,23,photos/top_view_images/P3020422.JPG,photos/side_view_images/P3020777.JPG,1.06,1.06,1.1517844200134277,0.09178442001342768,0.09178442001342768
vit_b_16,concat,mlp,88,23,photos/top_view_images/P3020423.JPG,photos/side_view_images/P3020778.JPG,2.12,2.12,2.059931993484497,-0.060068006515503036,0.060068006515503036
vit_b_16,concat,mlp,89,23,photos/top_view_images/P3020424.JPG,photos/side_view_images/P3020779.JPG,3.18,3.18,3.01194429397583,-0.16805570602417008,0.16805570602417008
vit_b_16,concat,mlp,90,23,photos/top_view_images/P3020425.JPG,photos/side_view_images/P3020780.JPG,4.24,4.24,4.389703273773193,0.14970327377319315,0.14970327377319315
vit_b_16,concat,mlp,91,24,photos/top_view_images/P3020426.JPG,photos/side_view_images/P3020781.JPG,1.06,1.06,1.7375677824020386,0.6775677824020385,0.6775677824020385
vit_b_16,concat,mlp,92,24,photos/top_view_images/P3020427.JPG,photos/side_view_images/P3020782.JPG,2.12,2.12,2.1656508445739746,0.0456508445739745,0.0456508445739745
vit_b_16,concat,mlp,93,24,photos/top_view_images/P3020428.JPG,photos/side_view_images/P3020783.JPG,3.18,3.18,3.148101329803467,-0.03189867019653336,0.03189867019653336
vit_b_16,concat,mlp,94,24,photos/top_view_images/P3020429.JPG,photos/side_view_images/P3020784.JPG,4.24,4.24,3.755479097366333,-0.4845209026336672,0.4845209026336672
vit_b_16,concat,mlp,95,25,photos/top_view_images/P3020430.JPG,photos/side_view_images/P3020785.JPG,1.06,1.06,0.8565743565559387,-0.20342564344406133,0.20342564344406133
vit_b_16,concat,mlp,96,25,photos/top_view_images/P3020431.JPG,photos/side_view_images/P3020786.JPG,2.12,2.12,1.8213062286376953,-0.2986937713623048,0.2986937713623048
vit_b_16,concat,mlp,97,25,photos/top_view_images/P3020432.JPG,photos/side_view_images/P3020787.JPG,3.18,3.18,3.029773473739624,-0.15022652626037614,0.15022652626037614
vit_b_16,concat,mlp,98,25,photos/top_view_images/P3020433.JPG,photos/side_view_images/P3020788.JPG,4.24,4.24,4.278134822845459,0.03813482284545877,0.03813482284545877
vit_b_16,concat,mlp,99,26,photos/top_view_images/P3020434.JPG,photos/side_view_images/P3020789.JPG,1.06,1.06,1.1899539232254028,0.12995392322540278,0.12995392322540278
vit_b_16,concat,mlp,100,26,photos/top_view_images/P3020435.JPG,photos/side_view_images/P3020790.JPG,2.12,2.12,2.6137003898620605,0.49370038986206044,0.49370038986206044
vit_b_16,concat,mlp,101,26,photos/top_view_images/P3020436.JPG,photos/side_view_images/P3020791.JPG,3.18,3.18,3.3140854835510254,0.13408548355102523,0.13408548355102523
vit_b_16,concat,mlp,102,26,photos/top_view_images/P3020437.JPG,photos/side_view_images/P3020792.JPG,4.24,4.24,4.5721588134765625,0.3321588134765623,0.3321588134765623
vit_b_16,concat,mlp,103,27,photos/top_view_images/P3020438.JPG,photos/side_view_images/P3020793.JPG,1.06,1.06,0.8220891952514648,-0.2379108047485352,0.2379108047485352
vit_b_16,concat,mlp,104,27,photos/top_view_images/P3020439.JPG,photos/side_view_images/P3020794.JPG,2.12,2.12,1.8855665922164917,-0.2344334077835084,0.2344334077835084
vit_b_16,concat,mlp,105,27,photos/top_view_images/P3020440.JPG,photos/side_view_images/P3020795.JPG,3.18,3.18,3.4190311431884766,0.2390311431884764,0.2390311431884764
vit_b_16,concat,mlp,106,27,photos/top_view_images/P3020441.JPG,photos/side_view_images/P3020796.JPG,4.24,4.24,4.341252326965332,0.10125232696533182,0.10125232696533182
vit_b_16,concat,mlp,107,28,photos/top_view_images/P3030442.JPG,photos/side_view_images/P3030797.JPG,1.06,1.06,0.7561666965484619,-0.30383330345153814,0.30383330345153814
vit_b_16,concat,mlp,108,28,photos/top_view_images/P3030443.JPG,photos/side_view_images/P3030798.JPG,2.12,2.12,1.4450857639312744,-0.6749142360687257,0.6749142360687257
vit_b_16,concat,mlp,109,28,photos/top_view_images/P3030444.JPG,photos/side_view_images/P3030799.JPG,3.18,3.18,2.6393396854400635,-0.5406603145599367,0.5406603145599367
vit_b_16,concat,mlp,110,28,photos/top_view_images/P3030445.JPG,photos/side_view_images/P3030800.JPG,4.24,4.24,3.984971284866333,-0.2550287151336672,0.2550287151336672
vit_b_16,concat,mlp,111,29,photos/top_view_images/P3030446.JPG,photos/side_view_images/P3030801.JPG,1.06,1.06,1.0751855373382568,0.015185537338256783,0.015185537338256783
vit_b_16,concat,mlp,112,29,photos/top_view_images/P3030447.JPG,photos/side_view_images/P3030802.JPG,2.12,2.12,2.191800594329834,0.07180059432983388,0.07180059432983388
vit_b_16,concat,mlp,113,29,photos/top_view_images/P3030448.JPG,photos/side_view_images/P3030803.JPG,3.18,3.18,3.6902878284454346,0.5102878284454344,0.5102878284454344
vit_b_16,concat,mlp,114,29,photos/top_view_images/P3030449.JPG,photos/side_view_images/P3030804.JPG,4.24,4.24,4.34364128112793,0.10364128112792947,0.10364128112792947
vit_b_16,concat,mlp,115,30,photos/top_view_images/P3030450.JPG,photos/side_view_images/P3030805.JPG,1.06,1.06,1.2786537408828735,0.21865374088287348,0.21865374088287348
vit_b_16,concat,mlp,116,30,photos/top_view_images/P3030451.JPG,photos/side_view_images/P3030806.JPG,2.12,2.12,2.232499122619629,0.1124991226196288,0.1124991226196288
vit_b_16,concat,mlp,117,30,photos/top_view_images/P3030452.JPG,photos/side_view_images/P3030807.JPG,3.18,3.18,2.2252564430236816,-0.9547435569763185,0.9547435569763185
vit_b_16,concat,mlp,118,30,photos/top_view_images/P3030453.JPG,photos/side_view_images/P3030808.JPG,4.24,4.24,2.8671188354492188,-1.3728811645507815,1.3728811645507815
vit_b_16,concat,mlp,119,31,photos/top_view_images/P3030454.JPG,photos/side_view_images/P3030809.JPG,1.06,1.06,0.9361753463745117,-0.12382465362548833,0.12382465362548833
vit_b_16,concat,mlp,120,31,photos/top_view_images/P3030455.JPG,photos/side_view_images/P3030810.JPG,2.12,2.12,1.3568183183670044,-0.7631816816329957,0.7631816816329957
vit_b_16,concat,mlp,121,31,photos/top_view_images/P3030456.JPG,photos/side_view_images/P3030811.JPG,3.18,3.18,2.9870262145996094,-0.19297378540039078,0.19297378540039078
vit_b_16,concat,mlp,122,31,photos/top_view_images/P3030457.JPG,photos/side_view_images/P3030812.JPG,4.24,4.24,4.004250526428223,-0.23574947357177756,0.23574947357177756
vit_b_16,concat,mlp,123,32,photos/top_view_images/P3050458.JPG,photos/side_view_images/P3050813.JPG,1.06,1.06,1.1537898778915405,0.09378987789154047,0.09378987789154047
vit_b_16,concat,mlp,124,32,photos/top_view_images/P3050459.JPG,photos/side_view_images/P3050814.JPG,2.12,2.12,2.919210433959961,0.7992104339599608,0.7992104339599608
vit_b_16,concat,mlp,125,32,photos/top_view_images/P3050460.JPG,photos/side_view_images/P3050815.JPG,3.18,3.18,3.2203660011291504,0.04036600112915023,0.04036600112915023
vit_b_16,concat,mlp,126,32,photos/top_view_images/P3050462.JPG,photos/side_view_images/P3050817.JPG,4.24,4.24,3.87430477142334,-0.36569522857666037,0.36569522857666037
vit_b_16,concat,mlp,127,33,photos/top_view_images/P3050463.JPG,photos/side_view_images/P3050818.JPG,1.06,1.06,1.3457871675491333,0.28578716754913325,0.28578716754913325
vit_b_16,concat,mlp,128,33,photos/top_view_images/P3050464.JPG,photos/side_view_images/P3050819.JPG,2.12,2.12,1.6882100105285645,-0.43178998947143565,0.43178998947143565
vit_b_16,concat,mlp,129,34,photos/top_view_images/P3050467.JPG,photos/side_view_images/P3050823.JPG,1.06,1.06,1.4530811309814453,0.39308113098144526,0.39308113098144526
vit_b_16,concat,mlp,130,34,photos/top_view_images/P3050468.JPG,photos/side_view_images/P3050824.JPG,2.12,2.12,2.9606385231018066,0.8406385231018065,0.8406385231018065
vit_b_16,concat,mlp,131,34,photos/top_view_images/P3050469.JPG,photos/side_view_images/P3050825.JPG,3.18,3.18,3.9411370754241943,0.7611370754241942,0.7611370754241942
vit_b_16,concat,mlp,132,34,photos/top_view_images/P3050470.JPG,photos/side_view_images/P3050826.JPG,4.24,4.24,4.256585597991943,0.016585597991943146,0.016585597991943146
vit_b_16,concat,mlp,133,35,photos/top_view_images/P3050471.JPG,photos/side_view_images/P3050827.JPG,1.06,1.06,0.8960250616073608,-0.1639749383926392,0.1639749383926392
vit_b_16,concat,mlp,134,35,photos/top_view_images/P3050472.JPG,photos/side_view_images/P3050828.JPG,2.12,2.12,2.037076234817505,-0.08292376518249522,0.08292376518249522
vit_b_16,concat,mlp,135,35,photos/top_view_images/P3050473.JPG,photos/side_view_images/P3050829.JPG,3.18,3.18,2.857567310333252,-0.3224326896667482,0.3224326896667482
vit_b_16,concat,mlp,136,35,photos/top_view_images/P3050474.JPG,photos/side_view_images/P3050830.JPG,4.24,4.24,4.2398810386657715,-0.00011896133422872879,0.00011896133422872879
vit_b_16,concat,mlp,137,36,photos/top_view_images/P3050475.JPG,photos/side_view_images/P3050831.JPG,1.06,1.06,1.0619418621063232,0.001941862106323189,0.001941862106323189
vit_b_16,concat,mlp,138,36,photos/top_view_images/P3050476.JPG,photos/side_view_images/P3050832.JPG,2.12,2.12,1.9901188611984253,-0.1298811388015748,0.1298811388015748
vit_b_16,concat,mlp,139,36,photos/top_view_images/P3050477.JPG,photos/side_view_images/P3050833.JPG,3.18,3.18,3.058732509613037,-0.12126749038696305,0.12126749038696305
vit_b_16,concat,mlp,140,36,photos/top_view_images/P3050478.JPG,photos/side_view_images/P3050834.JPG,4.24,4.24,3.4090466499328613,-0.8309533500671389,0.8309533500671389
vit_b_16,concat,mlp,141,37,photos/top_view_images/P3050479.JPG,photos/side_view_images/P3050835.JPG,1.06,1.06,1.1824488639831543,0.12244886398315424,0.12244886398315424
vit_b_16,concat,mlp,142,37,photos/top_view_images/P3050480.JPG,photos/side_view_images/P3050836.JPG,2.12,2.12,2.285165309906006,0.16516530990600575,0.16516530990600575
vit_b_16,concat,mlp,143,37,photos/top_view_images/P3050481.JPG,photos/side_view_images/P3050837.JPG,3.18,3.18,2.978303909301758,-0.20169609069824235,0.20169609069824235
vit_b_16,concat,mlp,144,37,photos/top_view_images/P3050482.JPG,photos/side_view_images/P3050838.JPG,4.24,4.24,4.299712181091309,0.05971218109130838,0.05971218109130838
vit_b_16,concat,mlp,145,38,photos/top_view_images/P3050484.JPG,photos/side_view_images/P3050840.JPG,1.06,1.06,0.9256355166435242,-0.13436448335647588,0.13436448335647588
vit_b_16,concat,mlp,146,38,photos/top_view_images/P3050485.JPG,photos/side_view_images/P3050841.JPG,2.12,2.12,1.9401054382324219,-0.17989456176757823,0.17989456176757823
vit_b_16,concat,mlp,147,38,photos/top_view_images/P3050486.JPG,photos/side_view_images/P3050842.JPG,3.18,3.18,3.429140329360962,0.24914032936096175,0.24914032936096175
vit_b_16,concat,mlp,148,38,photos/top_view_images/P3050487.JPG,photos/side_view_images/P3050843.JPG,4.24,4.24,3.757378339767456,-0.48262166023254416,0.48262166023254416
vit_b_16,concat,mlp,149,39,photos/top_view_images/P3050488.JPG,photos/side_view_images/P3050844.JPG,1.06,1.06,1.0785822868347168,0.018582286834716744,0.018582286834716744
vit_b_16,concat,mlp,150,39,photos/top_view_images/P3050489.JPG,photos/side_view_images/P3050845.JPG,2.12,2.12,2.664278030395508,0.5442780303955077,0.5442780303955077
vit_b_16,concat,mlp,151,39,photos/top_view_images/P3050490.JPG,photos/side_view_images/P3050846.JPG,3.18,3.18,3.712301731109619,0.532301731109619,0.532301731109619
vit_b_16,concat,mlp,152,39,photos/top_view_images/P3050491.JPG,photos/side_view_images/P3050847.JPG,4.24,4.24,4.075127601623535,-0.16487239837646506,0.16487239837646506
vit_b_16,concat,mlp,153,40,photos/top_view_images/P3050492.JPG,photos/side_view_images/P3050848.JPG,1.06,1.06,1.166577935218811,0.10657793521881098,0.10657793521881098
vit_b_16,concat,mlp,154,40,photos/top_view_images/P3050493.JPG,photos/side_view_images/P3050849.JPG,2.12,2.12,1.9795442819595337,-0.14045571804046642,0.14045571804046642
vit_b_16,concat,mlp,155,40,photos/top_view_images/P3050494.JPG,photos/side_view_images/P3050850.JPG,3.18,3.18,3.1501197814941406,-0.029880218505859535,0.029880218505859535
vit_b_16,concat,mlp,156,40,photos/top_view_images/P3050495.JPG,photos/side_view_images/P3050851.JPG,4.24,4.24,3.323244571685791,-0.9167554283142092,0.9167554283142092
vit_b_16,concat,mlp,157,41,photos/top_view_images/P3050496.JPG,photos/side_view_images/P3050852.JPG,1.06,1.06,1.1083000898361206,0.04830008983612055,0.04830008983612055
vit_b_16,concat,mlp,158,41,photos/top_view_images/P3050497.JPG,photos/side_view_images/P3050853.JPG,2.12,2.12,2.238506317138672,0.11850631713867177,0.11850631713867177
vit_b_16,concat,mlp,159,41,photos/top_view_images/P3050498.JPG,photos/side_view_images/P3050854.JPG,3.18,3.18,3.2072033882141113,0.027203388214111168,0.027203388214111168
vit_b_16,concat,mlp,160,41,photos/top_view_images/P3050499.JPG,photos/side_view_images/P3050855.JPG,4.24,4.24,4.034396171569824,-0.205603828430176,0.205603828430176
vit_b_16,concat,mlp,161,42,photos/top_view_images/P3050500.JPG,photos/side_view_images/P3050857.JPG,2.12,2.12,1.4369398355484009,-0.6830601644515992,0.6830601644515992
vit_b_16,concat,mlp,162,42,photos/top_view_images/P3050501.JPG,photos/side_view_images/P3050858.JPG,3.18,3.18,2.552738666534424,-0.6272613334655763,0.6272613334655763
vit_b_16,concat,mlp,163,43,photos/top_view_images/P3060503.JPG,photos/side_view_images/P3060859.JPG,1.06,1.06,1.0308345556259155,-0.029165444374084526,0.029165444374084526
vit_b_16,concat,mlp,164,43,photos/top_view_images/P3060504.JPG,photos/side_view_images/P3060860.JPG,2.12,2.12,2.2289395332336426,0.10893953323364247,0.10893953323364247
vit_b_16,concat,mlp,165,43,photos/top_view_images/P3060505.JPG,photos/side_view_images/P3060861.JPG,3.18,3.18,3.1667842864990234,-0.013215713500976722,0.013215713500976722
vit_b_16,concat,mlp,166,43,photos/top_view_images/P3060506.JPG,photos/side_view_images/P3060862.JPG,4.24,4.24,3.8565104007720947,-0.3834895992279055,0.3834895992279055
vit_b_16,concat,mlp,167,44,photos/top_view_images/P3060507.JPG,photos/side_view_images/P3060863.JPG,1.06,1.06,0.8775883316993713,-0.18241166830062872,0.18241166830062872
vit_b_16,concat,mlp,168,44,photos/top_view_images/P3060508.JPG,photos/side_view_images/P3060864.JPG,2.12,2.12,1.7029672861099243,-0.4170327138900758,0.4170327138900758
vit_b_16,concat,mlp,169,44,photos/top_view_images/P3060509.JPG,photos/side_view_images/P3060865.JPG,3.18,3.18,2.990971565246582,-0.18902843475341813,0.18902843475341813
vit_b_16,concat,mlp,170,44,photos/top_view_images/P3060510.JPG,photos/side_view_images/P3060866.JPG,4.24,4.24,3.7714405059814453,-0.4685594940185549,0.4685594940185549
vit_b_16,concat,mlp,171,45,photos/top_view_images/P3060511.JPG,photos/side_view_images/P3060867.JPG,1.06,1.06,0.9858354330062866,-0.07416456699371343,0.07416456699371343
vit_b_16,concat,mlp,172,45,photos/top_view_images/P3060512.JPG,photos/side_view_images/P3060868.JPG,2.12,2.12,1.9965647459030151,-0.12343525409698497,0.12343525409698497
vit_b_16,concat,mlp,173,45,photos/top_view_images/P3060513.JPG,photos/side_view_images/P3060869.JPG,3.18,3.18,3.062870502471924,-0.11712949752807633,0.11712949752807633
vit_b_16,concat,mlp,174,45,photos/top_view_images/P3060514.JPG,photos/side_view_images/P3060870.JPG,4.24,4.24,4.156468868255615,-0.08353113174438498,0.08353113174438498
vit_b_16,concat,mlp,175,46,photos/top_view_images/P3060515.JPG,photos/side_view_images/P3060871.JPG,1.06,1.06,1.20592200756073,0.14592200756072993,0.14592200756072993
vit_b_16,concat,mlp,176,46,photos/top_view_images/P3060516.JPG,photos/side_view_images/P3060872.JPG,2.12,2.12,1.8864551782608032,-0.23354482173919688,0.23354482173919688
vit_b_16,concat,mlp,177,46,photos/top_view_images/P3060517.JPG,photos/side_view_images/P3060873.JPG,3.18,3.18,2.7116196155548096,-0.4683803844451906,0.4683803844451906
vit_b_16,concat,mlp,178,46,photos/top_view_images/P3060518.JPG,photos/side_view_images/P3060874.JPG,4.24,4.24,3.9090805053710938,-0.33091949462890646,0.33091949462890646
vit_b_16,concat,mlp,179,47,photos/top_view_images/P3060519.JPG,photos/side_view_images/P3060875.JPG,1.06,1.06,1.3225871324539185,0.2625871324539184,0.2625871324539184
vit_b_16,concat,mlp,180,47,photos/top_view_images/P3060520.JPG,photos/side_view_images/P3060876.JPG,2.12,2.12,2.6550283432006836,0.5350283432006835,0.5350283432006835
vit_b_16,concat,mlp,181,47,photos/top_view_images/P3060521.JPG,photos/side_view_images/P3060877.JPG,3.18,3.18,3.2897610664367676,0.10976106643676742,0.10976106643676742
vit_b_16,concat,mlp,182,47,photos/top_view_images/P3060522.JPG,photos/side_view_images/P3060878.JPG,4.24,4.24,3.9682345390319824,-0.2717654609680178,0.2717654609680178
vit_b_16,concat,mlp,183,48,photos/top_view_images/P3060523.JPG,photos/side_view_images/P3060879.JPG,1.06,1.06,1.1476266384124756,0.08762663841247553,0.08762663841247553
vit_b_16,concat,mlp,184,48,photos/top_view_images/P3060524.JPG,photos/side_view_images/P3060880.JPG,2.12,2.12,2.1128389835357666,-0.007161016464233505,0.007161016464233505
vit_b_16,concat,mlp,185,48,photos/top_view_images/P3060525.JPG,photos/side_view_images/P3060881.JPG,3.18,3.18,3.080026865005493,-0.099973134994507,0.099973134994507
vit_b_16,concat,mlp,186,48,photos/top_view_images/P3060526.JPG,photos/side_view_images/P3060882.JPG,4.24,4.24,3.293971061706543,-0.9460289382934572,0.9460289382934572
vit_b_16,concat,mlp,187,49,photos/top_view_images/P3060527.JPG,photos/side_view_images/P3060883.JPG,1.06,1.06,1.5911223888397217,0.5311223888397216,0.5311223888397216
vit_b_16,concat,mlp,188,49,photos/top_view_images/P3060528.JPG,photos/side_view_images/P3060884.JPG,2.12,2.12,2.7877724170684814,0.6677724170684813,0.6677724170684813
vit_b_16,concat,mlp,189,49,photos/top_view_images/P3060529.JPG,photos/side_view_images/P3060885.JPG,3.18,3.18,3.2204692363739014,0.04046923637390121,0.04046923637390121
vit_b_16,concat,mlp,190,49,photos/top_view_images/P3060530.JPG,photos/side_view_images/P3060886.JPG,4.24,4.24,3.969367265701294,-0.27063273429870627,0.27063273429870627
vit_b_16,concat,mlp,191,50,photos/top_view_images/P3060531.JPG,photos/side_view_images/P3060887.JPG,1.06,1.06,1.3163114786148071,0.2563114786148071,0.2563114786148071
vit_b_16,concat,mlp,192,50,photos/top_view_images/P3060532.JPG,photos/side_view_images/P3060888.JPG,2.12,2.12,2.378983497619629,0.2589834976196288,0.2589834976196288
vit_b_16,concat,mlp,193,50,photos/top_view_images/P3060533.JPG,photos/side_view_images/P3060889.JPG,3.18,3.18,3.537473201751709,0.3574732017517088,0.3574732017517088
vit_b_16,concat,mlp,194,50,photos/top_view_images/P3060534.JPG,photos/side_view_images/P3060890.JPG,4.24,4.24,4.436473846435547,0.19647384643554666,0.19647384643554666
vit_b_16,concat,mlp,195,51,photos/top_view_images/P3060535.JPG,photos/side_view_images/P3060891.JPG,1.06,1.06,1.1137217283248901,0.05372172832489008,0.05372172832489008
vit_b_16,concat,mlp,196,51,photos/top_view_images/P3060536.JPG,photos/side_view_images/P3060892.JPG,2.12,2.12,2.454127788543701,0.33412778854370107,0.33412778854370107
vit_b_16,concat,mlp,197,51,photos/top_view_images/P3060537.JPG,photos/side_view_images/P3060893.JPG,3.18,3.18,3.5432729721069336,0.36327297210693343,0.36327297210693343
vit_b_16,concat,mlp,198,51,photos/top_view_images/P3060538.JPG,photos/side_view_images/P3060894.JPG,4.24,4.24,3.997699737548828,-0.2423002624511721,0.2423002624511721
vit_b_16,concat,mlp,199,52,photos/top_view_images/P3060539.JPG,photos/side_view_images/P3060895.JPG,1.06,1.06,0.9421118497848511,-0.11788815021514898,0.11788815021514898
vit_b_16,concat,mlp,200,52,photos/top_view_images/P3060540.JPG,photos/side_view_images/P3060896.JPG,2.12,2.12,2.562593460083008,0.4425934600830077,0.4425934600830077
vit_b_16,concat,mlp,201,52,photos/top_view_images/P3060541.JPG,photos/side_view_images/P3060897.JPG,3.18,3.18,3.2813034057617188,0.10130340576171859,0.10130340576171859
vit_b_16,concat,mlp,202,52,photos/top_view_images/P3060542.JPG,photos/side_view_images/P3060898.JPG,4.24,4.24,3.8259425163269043,-0.4140574836730959,0.4140574836730959
vit_b_16,concat,mlp,203,53,photos/top_view_images/P3060543.JPG,photos/side_view_images/P3060899.JPG,1.06,1.06,0.8113271594047546,-0.24867284059524541,0.24867284059524541
vit_b_16,concat,mlp,204,53,photos/top_view_images/P3060544.JPG,photos/side_view_images/P3060900.JPG,2.12,2.12,1.6234818696975708,-0.4965181303024293,0.4965181303024293
vit_b_16,concat,mlp,205,53,photos/top_view_images/P3060545.JPG,photos/side_view_images/P3060901.JPG,3.18,3.18,2.4079430103302,-0.7720569896698,0.7720569896698
vit_b_16,concat,mlp,206,53,photos/top_view_images/P3060546.JPG,photos/side_view_images/P3060902.JPG,4.24,4.24,2.8018131256103516,-1.4381868743896487,1.4381868743896487
vit_b_16,concat,mlp,207,54,photos/top_view_images/P3060547.JPG,photos/side_view_images/P3060903.JPG,1.06,1.06,1.3490432500839233,0.2890432500839233,0.2890432500839233
vit_b_16,concat,mlp,208,54,photos/top_view_images/P3060548.JPG,photos/side_view_images/P3060904.JPG,2.12,2.12,2.797475814819336,0.6774758148193358,0.6774758148193358
vit_b_16,concat,mlp,209,54,photos/top_view_images/P3060549.JPG,photos/side_view_images/P3060905.JPG,3.18,3.18,3.443631172180176,0.2636311721801756,0.2636311721801756
vit_b_16,concat,mlp,210,55,photos/top_view_images/P3060550.JPG,photos/side_view_images/P3060906.JPG,1.06,1.06,0.9115633964538574,-0.14843660354614263,0.14843660354614263
vit_b_16,concat,mlp,211,55,photos/top_view_images/P3060551.JPG,photos/side_view_images/P3060907.JPG,2.12,2.12,2.7469592094421387,0.6269592094421386,0.6269592094421386
vit_b_16,concat,mlp,212,55,photos/top_view_images/P3060552.JPG,photos/side_view_images/P3060908.JPG,3.18,3.18,3.3986544609069824,0.21865446090698226,0.21865446090698226
vit_b_16,concat,mlp,213,55,photos/top_view_images/P3060553.JPG,photos/side_view_images/P3060909.JPG,4.24,4.24,4.065398693084717,-0.17460130691528342,0.17460130691528342
vit_b_16,concat,mlp,214,56,photos/top_view_images/P3060554.JPG,photos/side_view_images/P3060910.JPG,1.06,1.06,0.943006157875061,-0.11699384212493902,0.11699384212493902
vit_b_16,concat,mlp,215,56,photos/top_view_images/P3060555.JPG,photos/side_view_images/P3060911.JPG,2.12,2.12,1.8849256038665771,-0.23507439613342296,0.23507439613342296
vit_b_16,concat,mlp,216,56,photos/top_view_images/P3060556.JPG,photos/side_view_images/P3060912.JPG,3.18,3.18,2.949772834777832,-0.23022716522216813,0.23022716522216813
vit_b_16,concat,mlp,217,57,photos/top_view_images/P3090558.JPG,photos/side_view_images/P3090914.JPG,1.06,1.06,0.7563042044639587,-0.3036957955360413,0.3036957955360413
vit_b_16,concat,mlp,218,57,photos/top_view_images/P3090559.JPG,photos/side_view_images/P3090915.JPG,2.12,2.12,1.577925682067871,-0.542074317932129,0.542074317932129
vit_b_16,concat,mlp,219,57,photos/top_view_images/P3090560.JPG,photos/side_view_images/P3090916.JPG,3.18,3.18,2.4571988582611084,-0.7228011417388918,0.7228011417388918
vit_b_16,concat,mlp,220,57,photos/top_view_images/P3090561.JPG,photos/side_view_images/P3090917.JPG,4.24,4.24,3.5566437244415283,-0.6833562755584719,0.6833562755584719
vit_b_16,concat,mlp,221,58,photos/top_view_images/P3090562.JPG,photos/side_view_images/P3090918.JPG,1.06,1.06,1.0329889059066772,-0.027011094093322807,0.027011094093322807
vit_b_16,concat,mlp,222,58,photos/top_view_images/P3090563.JPG,photos/side_view_images/P3090919.JPG,2.12,2.12,2.79746150970459,0.6774615097045897,0.6774615097045897
vit_b_16,concat,mlp,223,58,photos/top_view_images/P3090564.JPG,photos/side_view_images/P3090920.JPG,3.18,3.18,3.140319347381592,-0.03968065261840836,0.03968065261840836
vit_b_16,concat,mlp,224,58,photos/top_view_images/P3090565.JPG,photos/side_view_images/P3090921.JPG,4.24,4.24,4.355781555175781,0.11578155517578104,0.11578155517578104
vit_b_16,concat,mlp,225,59,photos/top_view_images/P3090566.JPG,photos/side_view_images/P3090922.JPG,1.06,1.06,1.0286587476730347,-0.031341252326965385,0.031341252326965385
vit_b_16,concat,mlp,226,59,photos/top_view_images/P3090567.JPG,photos/side_view_images/P3090923.JPG,2.12,2.12,1.9599835872650146,-0.16001641273498546,0.16001641273498546
vit_b_16,concat,mlp,227,59,photos/top_view_images/P3090568.JPG,photos/side_view_images/P3090924.JPG,3.18,3.18,3.2038142681121826,0.023814268112182457,0.023814268112182457
vit_b_16,concat,mlp,228,59,photos/top_view_images/P3090569.JPG,photos/side_view_images/P3090925.JPG,4.24,4.24,3.7891156673431396,-0.45088433265686056,0.45088433265686056
vit_b_16,concat,mlp,229,60,photos/top_view_images/P3090570.JPG,photos/side_view_images/P3090926.JPG,1.06,1.06,0.880342423915863,-0.17965757608413702,0.17965757608413702
vit_b_16,concat,mlp,230,60,photos/top_view_images/P3090571.JPG,photos/side_view_images/P3090927.JPG,2.12,2.12,1.8072905540466309,-0.31270944595336925,0.31270944595336925
vit_b_16,concat,mlp,231,60,photos/top_view_images/P3090572.JPG,photos/side_view_images/P3090928.JPG,3.18,3.18,2.5646629333496094,-0.6153370666503908,0.6153370666503908
vit_b_16,concat,mlp,232,60,photos/top_view_images/P3090573.JPG,photos/side_view_images/P3090929.JPG,4.24,4.24,4.131316184997559,-0.10868381500244162,0.10868381500244162
vit_b_16,concat,mlp,233,61,photos/top_view_images/P3090574.JPG,photos/side_view_images/P3090930.JPG,1.06,1.06,1.293051838874817,0.23305183887481684,0.23305183887481684
vit_b_16,concat,mlp,234,61,photos/top_view_images/P3090575.JPG,photos/side_view_images/P3090931.JPG,2.12,2.12,2.104334592819214,-0.01566540718078624,0.01566540718078624
vit_b_16,concat,mlp,235,61,photos/top_view_images/P3090576.JPG,photos/side_view_images/P3090932.JPG,3.18,3.18,2.8601391315460205,-0.31986086845397965,0.31986086845397965
vit_b_16,concat,mlp,236,61,photos/top_view_images/P3090577.JPG,photos/side_view_images/P3090933.JPG,4.24,4.24,3.6667749881744385,-0.5732250118255617,0.5732250118255617
vit_b_16,concat,mlp,237,62,photos/top_view_images/P3090578.JPG,photos/side_view_images/P3090934.JPG,1.06,1.06,1.837324857711792,0.7773248577117919,0.7773248577117919
vit_b_16,concat,mlp,238,62,photos/top_view_images/P3090579.JPG,photos/side_view_images/P3090935.JPG,2.12,2.12,2.3848204612731934,0.26482046127319325,0.26482046127319325
vit_b_16,concat,mlp,239,62,photos/top_view_images/P3090580.JPG,photos/side_view_images/P3090936.JPG,3.18,3.18,3.624114513397217,0.44411451339721664,0.44411451339721664
vit_b_16,concat,mlp,240,62,photos/top_view_images/P3090581.JPG,photos/side_view_images/P3090937.JPG,4.24,4.24,4.5421833992004395,0.30218339920043924,0.30218339920043924
vit_b_16,concat,mlp,241,63,photos/top_view_images/P3090582.JPG,photos/side_view_images/P3090938.JPG,1.06,1.06,1.176469326019287,0.11646932601928706,0.11646932601928706
vit_b_16,concat,mlp,242,63,photos/top_view_images/P3090583.JPG,photos/side_view_images/P3090939.JPG,3.18,3.18,3.459906578063965,0.2799065780639647,0.2799065780639647
vit_b_16,concat,mlp,243,63,photos/top_view_images/P3090584.JPG,photos/side_view_images/P3090940.JPG,4.24,4.24,4.212732791900635,-0.027267208099365448,0.027267208099365448
vit_b_16,concat,mlp,244,64,photos/top_view_images/P3090585.JPG,photos/side_view_images/P3090941.JPG,1.06,1.06,1.1552802324295044,0.09528023242950434,0.09528023242950434
vit_b_16,concat,mlp,245,64,photos/top_view_images/P3090586.JPG,photos/side_view_images/P3090942.JPG,2.12,2.12,1.704530119895935,-0.41546988010406505,0.41546988010406505
vit_b_16,concat,mlp,246,64,photos/top_view_images/P3090587.JPG,photos/side_view_images/P3090943.JPG,3.18,3.18,3.1470584869384766,-0.0329415130615236,0.0329415130615236
vit_b_16,concat,mlp,247,64,photos/top_view_images/P3090588.JPG,photos/side_view_images/P3090944.JPG,4.24,4.24,3.9931693077087402,-0.24683069229125998,0.24683069229125998
vit_b_16,concat,mlp,248,65,photos/top_view_images/P3090589.JPG,photos/side_view_images/P3090945.JPG,1.06,1.06,1.0902507305145264,0.030250730514526314,0.030250730514526314
vit_b_16,concat,mlp,249,65,photos/top_view_images/P3090590.JPG,photos/side_view_images/P3090946.JPG,2.12,2.12,1.8390623331069946,-0.2809376668930055,0.2809376668930055
vit_b_16,concat,mlp,250,65,photos/top_view_images/P3090591.JPG,photos/side_view_images/P3090947.JPG,3.18,3.18,3.59476375579834,0.4147637557983397,0.4147637557983397
vit_b_16,concat,mlp,251,65,photos/top_view_images/P3090592.JPG,photos/side_view_images/P3090948.JPG,4.24,4.24,4.4955620765686035,0.2555620765686033,0.2555620765686033
vit_b_16,concat,mlp,252,66,photos/top_view_images/P3090593.JPG,photos/side_view_images/P3090949.JPG,1.06,1.06,2.0954737663269043,1.0354737663269042,1.0354737663269042
vit_b_16,concat,mlp,253,66,photos/top_view_images/P3090594.JPG,photos/side_view_images/P3090950.JPG,2.12,2.12,2.845099925994873,0.7250999259948729,0.7250999259948729
vit_b_16,concat,mlp,254,66,photos/top_view_images/P3090596.JPG,photos/side_view_images/P3090952.JPG,3.18,3.18,3.365701913833618,0.185701913833618,0.185701913833618
vit_b_16,concat,mlp,255,66,photos/top_view_images/P3090597.JPG,photos/side_view_images/P3090953.JPG,4.24,4.24,3.108924388885498,-1.1310756111145022,1.1310756111145022
vit_b_16,concat,mlp,256,67,photos/top_view_images/P3090598.JPG,photos/side_view_images/P3090954.JPG,1.06,1.06,0.9817484617233276,-0.07825153827667242,0.07825153827667242
vit_b_16,concat,mlp,257,67,photos/top_view_images/P3090599.JPG,photos/side_view_images/P3090955.JPG,2.12,2.12,2.0122857093811035,-0.10771429061889659,0.10771429061889659
vit_b_16,concat,mlp,258,67,photos/top_view_images/P3090600.JPG,photos/side_view_images/P3090956.JPG,3.18,3.18,3.1483283042907715,-0.031671695709228675,0.031671695709228675
vit_b_16,concat,mlp,259,67,photos/top_view_images/P3090601.JPG,photos/side_view_images/P3090957.JPG,4.24,4.24,3.8416168689727783,-0.3983831310272219,0.3983831310272219
vit_b_16,concat,mlp,260,68,photos/top_view_images/P3090602.JPG,photos/side_view_images/P3090958.JPG,1.06,1.06,1.1345875263214111,0.07458752632141108,0.07458752632141108
vit_b_16,concat,mlp,261,68,photos/top_view_images/P3090603.JPG,photos/side_view_images/P3090959.JPG,2.12,2.12,2.3167519569396973,0.19675195693969716,0.19675195693969716
vit_b_16,concat,mlp,262,68,photos/top_view_images/P3090604.JPG,photos/side_view_images/P3090960.JPG,3.18,3.18,3.127716064453125,-0.05228393554687516,0.05228393554687516
vit_b_16,concat,mlp,263,68,photos/top_view_images/P3090605.JPG,photos/side_view_images/P3090961.JPG,4.24,4.24,4.176344871520996,-0.06365512847900412,0.06365512847900412
vit_b_16,concat,mlp,264,69,photos/top_view_images/P3090606.JPG,photos/side_view_images/P3090962.JPG,1.06,1.06,1.0060521364212036,-0.05394786357879644,0.05394786357879644
vit_b_16,concat,mlp,265,69,photos/top_view_images/P3090607.JPG,photos/side_view_images/P3090963.JPG,2.12,2.12,1.96194326877594,-0.15805673122406017,0.15805673122406017
vit_b_16,concat,mlp,266,69,photos/top_view_images/P3090608.JPG,photos/side_view_images/P3090964.JPG,3.18,3.18,3.3244423866271973,0.1444423866271971,0.1444423866271971
vit_b_16,concat,mlp,267,69,photos/top_view_images/P3090609.JPG,photos/side_view_images/P3090965.JPG,4.24,4.24,3.980048179626465,-0.25995182037353537,0.25995182037353537
vit_b_16,concat,mlp,268,70,photos/top_view_images/P3090610.JPG,photos/side_view_images/P3090966.JPG,1.06,1.06,0.824006199836731,-0.2359938001632691,0.2359938001632691
vit_b_16,concat,mlp,269,70,photos/top_view_images/P3090612.JPG,photos/side_view_images/P3090967.JPG,2.12,2.12,1.5940196514129639,-0.5259803485870362,0.5259803485870362
vit_b_16,concat,mlp,270,70,photos/top_view_images/P3090613.JPG,photos/side_view_images/P3090968.JPG,3.18,3.18,2.9030961990356445,-0.27690380096435563,0.27690380096435563
vit_b_16,concat,mlp,271,70,photos/top_view_images/P3090614.JPG,photos/side_view_images/P3090969.JPG,4.24,4.24,3.8516175746917725,-0.38838242530822775,0.38838242530822775
vit_b_16,concat,mlp,272,71,photos/top_view_images/P3090615.JPG,photos/side_view_images/P3090970.JPG,1.06,1.06,1.1266322135925293,0.06663221359252924,0.06663221359252924
vit_b_16,concat,mlp,273,71,photos/top_view_images/P3090616.JPG,photos/side_view_images/P3090971.JPG,2.12,2.12,1.8136378526687622,-0.3063621473312379,0.3063621473312379
vit_b_16,concat,mlp,274,71,photos/top_view_images/P3090617.JPG,photos/side_view_images/P3090972.JPG,3.18,3.18,2.9531636238098145,-0.2268363761901857,0.2268363761901857
vit_b_16,concat,mlp,275,71,photos/top_view_images/P3090618.JPG,photos/side_view_images/P3090973.JPG,4.24,4.24,3.9005560874938965,-0.33944391250610373,0.33944391250610373
vit_b_16,concat,mlp,276,72,photos/top_view_images/P3090619.JPG,photos/side_view_images/P3090974.JPG,1.06,1.06,0.9427098631858826,-0.11729013681411748,0.11729013681411748
vit_b_16,concat,mlp,277,72,photos/top_view_images/P3090620.JPG,photos/side_view_images/P3090975.JPG,2.12,2.12,1.686197280883789,-0.43380271911621104,0.43380271911621104
vit_b_16,concat,mlp,278,72,photos/top_view_images/P3090621.JPG,photos/side_view_images/P3090976.JPG,3.18,3.18,2.8181746006011963,-0.36182539939880387,0.36182539939880387
vit_b_16,concat,mlp,279,72,photos/top_view_images/P3090622.JPG,photos/side_view_images/P3090977.JPG,4.24,4.24,4.117081642150879,-0.1229183578491213,0.1229183578491213
vit_b_16,concat,mlp,280,73,photos/top_view_images/P3090623.JPG,photos/side_view_images/P3090978.JPG,1.06,1.06,0.7804368734359741,-0.27956312656402593,0.27956312656402593
vit_b_16,concat,mlp,281,73,photos/top_view_images/P3090624.JPG,photos/side_view_images/P3090979.JPG,2.12,2.12,2.4002370834350586,0.2802370834350585,0.2802370834350585
vit_b_16,concat,mlp,282,73,photos/top_view_images/P3090625.JPG,photos/side_view_images/P3090980.JPG,3.18,3.18,3.0389113426208496,-0.14108865737915055,0.14108865737915055
vit_b_16,concat,mlp,283,73,photos/top_view_images/P3090626.JPG,photos/side_view_images/P3090981.JPG,4.24,4.24,4.058923244476318,-0.18107675552368185,0.18107675552368185
vit_b_16,concat,mlp,284,74,photos/top_view_images/P3090627.JPG,photos/side_view_images/P3090982.JPG,1.06,1.06,0.8857448697090149,-0.17425513029098516,0.17425513029098516
vit_b_16,concat,mlp,285,74,photos/top_view_images/P3090628.JPG,photos/side_view_images/P3090983.JPG,2.12,2.12,2.266805648803711,0.14680564880371083,0.14680564880371083
vit_b_16,concat,mlp,286,74,photos/top_view_images/P3090629.JPG,photos/side_view_images/P3090984.JPG,3.18,3.18,3.0947821140289307,-0.0852178859710695,0.0852178859710695
vit_b_16,concat,mlp,287,74,photos/top_view_images/P3090630.JPG,photos/side_view_images/P3090985.JPG,4.24,4.24,4.474287509918213,0.23428750991821268,0.23428750991821268
vit_b_16,concat,mlp,288,75,photos/top_view_images/P3100631.JPG,photos/side_view_images/P3100986.JPG,1.06,1.06,1.0028162002563477,-0.0571837997436524,0.0571837997436524
vit_b_16,concat,mlp,289,75,photos/top_view_images/P3100632.JPG,photos/side_view_images/P3100987.JPG,2.12,2.12,2.1764557361602783,0.056455736160278214,0.056455736160278214
vit_b_16,concat,mlp,290,75,photos/top_view_images/P3100633.JPG,photos/side_view_images/P3100988.JPG,3.18,3.18,2.786254405975342,-0.39374559402465836,0.39374559402465836
vit_b_16,concat,mlp,291,75,photos/top_view_images/P3100634.JPG,photos/side_view_images/P3100989.JPG,4.24,4.24,4.08425760269165,-0.15574239730834982,0.15574239730834982
vit_b_16,concat,mlp,292,76,photos/top_view_images/P3100635.JPG,photos/side_view_images/P3100990.JPG,1.06,1.06,1.2468974590301514,0.18689745903015131,0.18689745903015131
vit_b_16,concat,mlp,293,76,photos/top_view_images/P3100636.JPG,photos/side_view_images/P3100991.JPG,2.12,2.12,2.379099130630493,0.25909913063049306,0.25909913063049306
vit_b_16,concat,mlp,294,76,photos/top_view_images/P3100637.JPG,photos/side_view_images/P3100992.JPG,3.18,3.18,3.295501947402954,0.11550194740295394,0.11550194740295394
vit_b_16,concat,mlp,295,76,photos/top_view_images/P3100638.JPG,photos/side_view_images/P3100993.JPG,4.24,4.24,4.243684768676758,0.0036847686767575993,0.0036847686767575993
vit_b_16,concat,mlp,296,77,photos/top_view_images/P3100639.JPG,photos/side_view_images/P3100994.JPG,1.06,1.06,1.3064241409301758,0.24642414093017573,0.24642414093017573
vit_b_16,concat,mlp,297,77,photos/top_view_images/P3100640.JPG,photos/side_view_images/P3100995.JPG,2.12,2.12,1.8161852359771729,-0.30381476402282726,0.30381476402282726
vit_b_16,concat,mlp,298,77,photos/top_view_images/P3100641.JPG,photos/side_view_images/P3100996.JPG,3.18,3.18,3.0386383533477783,-0.14136164665222184,0.14136164665222184
vit_b_16,concat,mlp,299,78,photos/top_view_images/P3100643.JPG,photos/side_view_images/P3100997.JPG,1.06,1.06,1.112548828125,0.05254882812499995,0.05254882812499995
vit_b_16,concat,mlp,300,78,photos/top_view_images/P3100644.JPG,photos/side_view_images/P3100998.JPG,2.12,2.12,2.3110084533691406,0.19100845336914052,0.19100845336914052
vit_b_16,concat,mlp,301,78,photos/top_view_images/P3100645.JPG,photos/side_view_images/P3100999.JPG,3.18,3.18,3.4104223251342773,0.23042232513427718,0.23042232513427718
vit_b_16,concat,mlp,302,78,photos/top_view_images/P3100646.JPG,photos/side_view_images/P3101000.JPG,4.24,4.24,3.9481253623962402,-0.29187463760376,0.29187463760376
vit_b_16,concat,mlp,303,79,photos/top_view_images/P3100647.JPG,photos/side_view_images/P3101001.JPG,1.06,1.06,1.0642800331115723,0.004280033111572212,0.004280033111572212
vit_b_16,concat,mlp,304,79,photos/top_view_images/P3100648.JPG,photos/side_view_images/P3101002.JPG,2.12,2.12,2.2112579345703125,0.0912579345703124,0.0912579345703124
vit_b_16,concat,mlp,305,79,photos/top_view_images/P3100649.JPG,photos/side_view_images/P3101003.JPG,3.18,3.18,3.4740748405456543,0.29407484054565414,0.29407484054565414
vit_b_16,concat,mlp,306,80,photos/top_view_images/P3100650.JPG,photos/side_view_images/P3101004.JPG,1.06,1.06,1.3422514200210571,0.2822514200210571,0.2822514200210571
vit_b_16,concat,mlp,307,80,photos/top_view_images/P3100651.JPG,photos/side_view_images/P3101005.JPG,2.12,2.12,2.788896083831787,0.668896083831787,0.668896083831787
vit_b_16,concat,mlp,308,80,photos/top_view_images/P3100652.JPG,photos/side_view_images/P3101006.JPG,3.18,3.18,4.3007612228393555,1.1207612228393553,1.1207612228393553
vit_b_16,concat,mlp,309,80,photos/top_view_images/P3100653.JPG,photos/side_view_images/P3101007.JPG,4.24,4.24,4.463973045349121,0.22397304534912088,0.22397304534912088
vit_b_16,concat,mlp,310,81,photos/top_view_images/P3100654.JPG,photos/side_view_images/P3101008.JPG,1.06,1.06,1.006386637687683,-0.05361336231231695,0.05361336231231695
vit_b_16,concat,mlp,311,81,photos/top_view_images/P3100655.JPG,photos/side_view_images/P3101009.JPG,2.12,2.12,2.3253908157348633,0.20539081573486317,0.20539081573486317
vit_b_16,concat,mlp,312,81,photos/top_view_images/P3100656.JPG,photos/side_view_images/P3101010.JPG,3.18,3.18,3.7989730834960938,0.6189730834960936,0.6189730834960936
vit_b_16,concat,mlp,313,81,photos/top_view_images/P3100657.JPG,photos/side_view_images/P3101011.JPG,4.24,4.24,4.393678665161133,0.1536786651611326,0.1536786651611326
vit_b_16,concat,mlp,314,82,photos/top_view_images/P3120658.JPG,photos/side_view_images/P3121012.JPG,1.06,1.06,1.2888319492340088,0.22883194923400874,0.22883194923400874
vit_b_16,concat,mlp,315,82,photos/top_view_images/P3120659.JPG,photos/side_view_images/P3121013.JPG,2.12,2.12,2.248619794845581,0.12861979484558095,0.12861979484558095
vit_b_16,concat,mlp,316,82,photos/top_view_images/P3120660.JPG,photos/side_view_images/P3121014.JPG,3.18,3.18,3.19470477104187,0.014704771041869957,0.014704771041869957
vit_b_16,concat,mlp,317,82,photos/top_view_images/P3120661.JPG,photos/side_view_images/P3121015.JPG,4.24,4.24,4.240817546844482,0.0008175468444822087,0.0008175468444822087
vit_b_16,concat,mlp,318,83,photos/top_view_images/P3120662.JPG,photos/side_view_images/P3121016.JPG,1.06,1.06,1.222051978111267,0.16205197811126704,0.16205197811126704
vit_b_16,concat,mlp,319,83,photos/top_view_images/P3120663.JPG,photos/side_view_images/P3121017.JPG,2.12,2.12,2.1294548511505127,0.009454851150512589,0.009454851150512589
vit_b_16,concat,mlp,320,83,photos/top_view_images/P3120664.JPG,photos/side_view_images/P3121018.JPG,3.18,3.18,2.862149238586426,-0.3178507614135744,0.3178507614135744
vit_b_16,concat,mlp,321,83,photos/top_view_images/P3120665.JPG,photos/side_view_images/P3121019.JPG,4.24,4.24,4.295842170715332,0.05584217071533182,0.05584217071533182
vit_b_16,concat,mlp,322,84,photos/top_view_images/P3120666.JPG,photos/side_view_images/P3121020.JPG,1.06,1.06,1.3161760568618774,0.2561760568618774,0.2561760568618774
vit_b_16,concat,mlp,323,84,photos/top_view_images/P3120667.JPG,photos/side_view_images/P3121021.JPG,2.12,2.12,3.1772117614746094,1.0572117614746093,1.0572117614746093
vit_b_16,concat,mlp,324,84,photos/top_view_images/P3120668.JPG,photos/side_view_images/P3121022.JPG,3.18,3.18,3.534881114959717,0.35488111495971664,0.35488111495971664
vit_b_16,concat,mlp,325,84,photos/top_view_images/P3120669.JPG,photos/side_view_images/P3121023.JPG,4.24,4.24,4.6031293869018555,0.36312938690185526,0.36312938690185526
vit_b_16,concat,mlp,326,85,photos/top_view_images/P3120670.JPG,photos/side_view_images/P3121024.JPG,1.06,1.06,0.8960010409355164,-0.1639989590644837,0.1639989590644837
vit_b_16,concat,mlp,327,85,photos/top_view_images/P3120671.JPG,photos/side_view_images/P3121025.JPG,2.12,2.12,1.993017554283142,-0.12698244571685802,0.12698244571685802
vit_b_16,concat,mlp,328,85,photos/top_view_images/P3120672.JPG,photos/side_view_images/P3121026.JPG,3.18,3.18,3.6158549785614014,0.4358549785614012,0.4358549785614012
vit_b_16,concat,mlp,329,85,photos/top_view_images/P3120673.JPG,photos/side_view_images/P3121027.JPG,4.24,4.24,3.800957441329956,-0.43904255867004416,0.43904255867004416
vit_b_16,concat,mlp,330,86,photos/top_view_images/P3120674.JPG,photos/side_view_images/P3121028.JPG,1.06,1.06,0.9341906309127808,-0.1258093690872193,0.1258093690872193
vit_b_16,concat,mlp,331,86,photos/top_view_images/P3120675.JPG,photos/side_view_images/P3121029.JPG,2.12,2.12,1.6745253801345825,-0.4454746198654176,0.4454746198654176
vit_b_16,concat,mlp,332,86,photos/top_view_images/P3120676.JPG,photos/side_view_images/P3121030.JPG,3.18,3.18,2.770538330078125,-0.40946166992187516,0.40946166992187516
vit_b_16,concat,mlp,333,86,photos/top_view_images/P3120677.JPG,photos/side_view_images/P3121031.JPG,4.24,4.24,3.8244266510009766,-0.41557334899902365,0.41557334899902365
vit_b_16,concat,mlp,334,87,photos/top_view_images/P3120678.JPG,photos/side_view_images/P3121032.JPG,1.06,1.06,1.3410512208938599,0.2810512208938598,0.2810512208938598
vit_b_16,concat,mlp,335,87,photos/top_view_images/P3120679.JPG,photos/side_view_images/P3121033.JPG,2.12,2.12,3.186638832092285,1.066638832092285,1.066638832092285
vit_b_16,concat,mlp,336,87,photos/top_view_images/P3120680.JPG,photos/side_view_images/P3121034.JPG,3.18,3.18,3.989495277404785,0.809495277404785,0.809495277404785
vit_b_16,concat,mlp,337,87,photos/top_view_images/P3120681.JPG,photos/side_view_images/P3121035.JPG,4.24,4.24,4.409754276275635,0.16975427627563455,0.16975427627563455
vit_b_16,concat,mlp,338,88,photos/top_view_images/P3120682.JPG,photos/side_view_images/P3121036.JPG,1.06,1.06,0.7472741007804871,-0.312725899219513,0.312725899219513
vit_b_16,concat,mlp,339,88,photos/top_view_images/P3120683.JPG,photos/side_view_images/P3121037.JPG,2.12,2.12,1.6511406898498535,-0.4688593101501466,0.4688593101501466
vit_b_16,concat,mlp,340,88,photos/top_view_images/P3120684.JPG,photos/side_view_images/P3121038.JPG,3.18,3.18,3.254661798477173,0.07466179847717269,0.07466179847717269
vit_b_16,concat,mlp,341,88,photos/top_view_images/P3120685.JPG,photos/side_view_images/P3121039.JPG,4.24,4.24,3.8235089778900146,-0.41649102210998556,0.41649102210998556
vit_b_16,concat,mlp,342,89,photos/top_view_images/P3120686.JPG,photos/side_view_images/P3121040.JPG,1.06,1.06,1.184830665588379,0.12483066558837885,0.12483066558837885
vit_b_16,concat,mlp,343,89,photos/top_view_images/P3120687.JPG,photos/side_view_images/P3121041.JPG,2.12,2.12,1.6392759084701538,-0.4807240915298463,0.4807240915298463
vit_b_16,concat,mlp,344,89,photos/top_view_images/P3120688.JPG,photos/side_view_images/P3121042.JPG,3.18,3.18,3.207789897918701,0.027789897918701012,0.027789897918701012
vit_b_16,concat,mlp,345,89,photos/top_view_images/P3120689.JPG,photos/side_view_images/P3121043.JPG,4.24,4.24,3.823646068572998,-0.41635393142700217,0.41635393142700217
vit_b_16,concat,mlp,346,90,photos/top_view_images/P3120690.JPG,photos/side_view_images/P3121044.JPG,1.06,1.06,1.3208993673324585,0.26089936733245844,0.26089936733245844
vit_b_16,concat,mlp,347,90,photos/top_view_images/P3120691.JPG,photos/side_view_images/P3121045.JPG,2.12,2.12,2.715786933898926,0.5957869338989257,0.5957869338989257
vit_b_16,concat,mlp,348,90,photos/top_view_images/P3120692.JPG,photos/side_view_images/P3121046.JPG,3.18,3.18,3.9481868743896484,0.7681868743896483,0.7681868743896483
vit_b_16,concat,mlp,349,90,photos/top_view_images/P3120693.JPG,photos/side_view_images/P3121047.JPG,4.24,4.24,4.671016693115234,0.43101669311523416,0.43101669311523416
vit_b_16,concat,mlp,350,91,photos/top_view_images/P3120694.JPG,photos/side_view_images/P3121048.JPG,1.06,1.06,0.9993459582328796,-0.060654041767120415,0.060654041767120415
vit_b_16,concat,mlp,351,91,photos/top_view_images/P3120695.JPG,photos/side_view_images/P3121049.JPG,2.12,2.12,1.4725133180618286,-0.6474866819381715,0.6474866819381715
vit_b_16,concat,mlp,352,91,photos/top_view_images/P3120696.JPG,photos/side_view_images/P3121050.JPG,3.18,3.18,3.2709500789642334,0.09095007896423324,0.09095007896423324
vit_b_16,concat,mlp,353,91,photos/top_view_images/P3120697.JPG,photos/side_view_images/P3121051.JPG,4.24,4.24,3.9129135608673096,-0.32708643913269064,0.32708643913269064
vit_b_16,concat,mlp,354,92,photos/top_view_images/P3120698.JPG,photos/side_view_images/P3121052.JPG,1.06,1.06,1.017154574394226,-0.04284542560577398,0.04284542560577398
vit_b_16,concat,mlp,355,92,photos/top_view_images/P3120699.JPG,photos/side_view_images/P3121053.JPG,2.12,2.12,2.129134178161621,0.009134178161620987,0.009134178161620987
vit_b_16,concat,mlp,356,92,photos/top_view_images/P3120700.JPG,photos/side_view_images/P3121054.JPG,3.18,3.18,3.4844040870666504,0.30440408706665023,0.30440408706665023
vit_b_16,concat,mlp,357,92,photos/top_view_images/P3120701.JPG,photos/side_view_images/P3121055.JPG,4.24,4.24,4.329251766204834,0.08925176620483377,0.08925176620483377
vit_b_16,concat,mlp,358,93,photos/top_view_images/P3120702.JPG,photos/side_view_images/P3121056.JPG,1.06,1.06,1.1691021919250488,0.10910219192504877,0.10910219192504877
vit_b_16,concat,mlp,359,93,photos/top_view_images/P3120703.JPG,photos/side_view_images/P3121057.JPG,2.12,2.12,2.358313798904419,0.23831379890441884,0.23831379890441884
vit_b_16,concat,mlp,360,93,photos/top_view_images/P3120704.JPG,photos/side_view_images/P3121058.JPG,3.18,3.18,3.6041276454925537,0.42412764549255355,0.42412764549255355
vit_b_16,concat,mlp,361,93,photos/top_view_images/P3120705.JPG,photos/side_view_images/P3121059.JPG,4.24,4.24,4.283685207366943,0.043685207366943146,0.043685207366943146
vit_b_16,concat,mlp,362,94,photos/top_view_images/P3120706.JPG,photos/side_view_images/P3121060.JPG,1.06,1.06,1.1692343950271606,0.10923439502716059,0.10923439502716059
vit_b_16,concat,mlp,363,94,photos/top_view_images/P3120707.JPG,photos/side_view_images/P3121061.JPG,2.12,2.12,1.9897781610488892,-0.13022183895111095,0.13022183895111095
vit_b_16,concat,mlp,364,94,photos/top_view_images/P3120708.JPG,photos/side_view_images/P3121062.JPG,3.18,3.18,2.9605181217193604,-0.2194818782806398,0.2194818782806398
vit_b_16,concat,mlp,365,94,photos/top_view_images/P3120709.JPG,photos/side_view_images/P3121063.JPG,4.24,4.24,4.269359588623047,0.029359588623046662,0.029359588623046662
vit_b_16,concat,mlp,366,95,photos/top_view_images/P3120710.JPG,photos/side_view_images/P3121064.JPG,1.06,1.06,1.0693496465682983,0.009349646568298287,0.009349646568298287
vit_b_16,concat,mlp,367,95,photos/top_view_images/P3120711.JPG,photos/side_view_images/P3121065.JPG,2.12,2.12,2.495223045349121,0.375223045349121,0.375223045349121
vit_b_16,concat,mlp,368,95,photos/top_view_images/P3120712.JPG,photos/side_view_images/P3121066.JPG,3.18,3.18,3.799744129180908,0.619744129180908,0.619744129180908
vit_b_16,concat,mlp,369,95,photos/top_view_images/P3120713.JPG,photos/side_view_images/P3121067.JPG,4.24,4.24,4.5661821365356445,0.3261821365356443,0.3261821365356443
vit_b_16,concat,mlp,370,96,photos/top_view_images/P3130714.JPG,photos/side_view_images/P3131068.JPG,1.06,1.06,1.0295015573501587,-0.030498442649841362,0.030498442649841362
vit_b_16,concat,mlp,371,96,photos/top_view_images/P3130715.JPG,photos/side_view_images/P3131069.JPG,2.12,2.12,2.1037065982818604,-0.016293401718139755,0.016293401718139755
vit_b_16,concat,mlp,372,96,photos/top_view_images/P3130716.JPG,photos/side_view_images/P3131070.JPG,3.18,3.18,2.979980230331421,-0.20001976966857926,0.20001976966857926
vit_b_16,concat,mlp,373,96,photos/top_view_images/P3130717.JPG,photos/side_view_images/P3131071.JPG,4.24,4.24,4.041164875030518,-0.19883512496948264,0.19883512496948264
vit_b_16,concat,mlp,374,97,photos/top_view_images/P3130718.JPG,photos/side_view_images/P3131072.JPG,1.06,1.06,1.042599081993103,-0.017400918006897026,0.017400918006897026
vit_b_16,concat,mlp,375,97,photos/top_view_images/P3130719.JPG,photos/side_view_images/P3131073.JPG,2.12,2.12,2.1191744804382324,-0.0008255195617676847,0.0008255195617676847
vit_b_16,concat,mlp,376,97,photos/top_view_images/P3130720.JPG,photos/side_view_images/P3131074.JPG,3.18,3.18,3.0569465160369873,-0.12305348396301286,0.12305348396301286
vit_b_16,concat,mlp,377,97,photos/top_view_images/P3130721.JPG,photos/side_view_images/P3131075.JPG,4.24,4.24,4.214349269866943,-0.025650730133056854,0.025650730133056854
vit_b_16,concat,mlp,378,98,photos/top_view_images/P3130722.JPG,photos/side_view_images/P3131076.JPG,1.06,1.06,0.9584144353866577,-0.10158556461334234,0.10158556461334234
vit_b_16,concat,mlp,379,98,photos/top_view_images/P3130723.JPG,photos/side_view_images/P3131077.JPG,2.12,2.12,1.6971683502197266,-0.42283164978027354,0.42283164978027354
vit_b_16,concat,mlp,380,98,photos/top_view_images/P3130724.JPG,photos/side_view_images/P3131078.JPG,3.18,3.18,2.333622932434082,-0.8463770675659181,0.8463770675659181
vit_b_16,concat,mlp,381,98,photos/top_view_images/P3130725.JPG,photos/side_view_images/P3131079.JPG,4.24,4.24,3.356574058532715,-0.8834259414672854,0.8834259414672854
vit_b_16,concat,mlp,382,99,photos/top_view_images/P3130726.JPG,photos/side_view_images/P3131080.JPG,1.06,1.06,1.2325018644332886,0.17250186443328852,0.17250186443328852
vit_b_16,concat,mlp,383,99,photos/top_view_images/P3130727.JPG,photos/side_view_images/P3131081.JPG,2.12,2.12,1.9748412370681763,-0.14515876293182384,0.14515876293182384
vit_b_16,concat,mlp,384,99,photos/top_view_images/P3130728.JPG,photos/side_view_images/P3131082.JPG,3.18,3.18,2.9977526664733887,-0.1822473335266115,0.1822473335266115
vit_b_16,concat,mlp,385,99,photos/top_view_images/P3130729.JPG,photos/side_view_images/P3131083.JPG,4.24,4.24,3.6499905586242676,-0.5900094413757326,0.5900094413757326
vit_b_16,concat,mlp,386,100,photos/top_view_images/P3130730.JPG,photos/side_view_images/P3131084.JPG,1.06,1.06,0.8307019472122192,-0.22929805278778082,0.22929805278778082
vit_b_16,concat,mlp,387,100,photos/top_view_images/P3130731.JPG,photos/side_view_images/P3131085.JPG,2.12,2.12,2.3665056228637695,0.24650562286376942,0.24650562286376942
vit_b_16,concat,mlp,388,100,photos/top_view_images/P3130732.JPG,photos/side_view_images/P3131086.JPG,3.18,3.18,3.7388100624084473,0.5588100624084471,0.5588100624084471
vit_b_16,concat,mlp,389,100,photos/top_view_images/P3130733.JPG,photos/side_view_images/P3131087.JPG,4.24,4.24,4.443015098571777,0.20301509857177713,0.20301509857177713
vit_b_16,concat,mlp,390,101,photos/top_view_images/P3130734.JPG,photos/side_view_images/P3131088.JPG,1.06,1.06,1.265973687171936,0.20597368717193598,0.20597368717193598
vit_b_16,concat,mlp,391,101,photos/top_view_images/P3130735.JPG,photos/side_view_images/P3131089.JPG,2.12,2.12,2.590263843536377,0.47026384353637685,0.47026384353637685
vit_b_16,concat,mlp,392,101,photos/top_view_images/P3130736.JPG,photos/side_view_images/P3131090.JPG,3.18,3.18,3.317655563354492,0.13765556335449203,0.13765556335449203
vit_b_16,concat,mlp,393,102,photos/top_view_images/P3130737.JPG,photos/side_view_images/P3131091.JPG,1.06,1.06,1.2595436573028564,0.1995436573028564,0.1995436573028564
vit_b_16,concat,mlp,394,102,photos/top_view_images/P3130738.JPG,photos/side_view_images/P3131092.JPG,2.12,2.12,2.233419895172119,0.11341989517211903,0.11341989517211903
vit_b_16,concat,mlp,395,102,photos/top_view_images/P3130739.JPG,photos/side_view_images/P3131093.JPG,3.18,3.18,3.0271363258361816,-0.15286367416381852,0.15286367416381852
vit_b_16,concat,mlp,396,102,photos/top_view_images/P3130740.JPG,photos/side_view_images/P3131094.JPG,4.24,4.24,4.092203140258789,-0.14779685974121115,0.14779685974121115
vit_b_16,concat,mlp,397,103,photos/top_view_images/P3130741.JPG,photos/side_view_images/P3131095.JPG,1.06,1.06,1.245114803314209,0.18511480331420893,0.18511480331420893
vit_b_16,concat,mlp,398,103,photos/top_view_images/P3130742.JPG,photos/side_view_images/P3131096.JPG,2.12,2.12,1.8727598190307617,-0.2472401809692384,0.2472401809692384
vit_b_16,concat,mlp,399,103,photos/top_view_images/P3130743.JPG,photos/side_view_images/P3131097.JPG,3.18,3.18,3.149022340774536,-0.030977659225464027,0.030977659225464027
vit_b_16,concat,mlp,400,103,photos/top_view_images/P3130744.JPG,photos/side_view_images/P3131098.JPG,4.24,4.24,3.7909786701202393,-0.44902132987976096,0.44902132987976096
vit_b_16,concat,mlp,401,104,photos/top_view_images/P3130745.JPG,photos/side_view_images/P3131099.JPG,1.06,1.06,0.7164069414138794,-0.34359305858612066,0.34359305858612066
vit_b_16,concat,mlp,402,104,photos/top_view_images/P3130746.JPG,photos/side_view_images/P3131100.JPG,2.12,2.12,1.3660248517990112,-0.7539751482009889,0.7539751482009889
vit_b_16,concat,mlp,403,104,photos/top_view_images/P3130747.JPG,photos/side_view_images/P3131101.JPG,3.18,3.18,3.0378193855285645,-0.1421806144714357,0.1421806144714357
vit_b_16,concat,mlp,404,104,photos/top_view_images/P3130748.JPG,photos/side_view_images/P3131102.JPG,4.24,4.24,3.4337973594665527,-0.8062026405334475,0.8062026405334475
vit_b_16,concat,mlp,405,105,photos/top_view_images/P3130749.JPG,photos/side_view_images/P3131103.JPG,1.06,1.06,1.269553542137146,0.20955354213714594,0.20955354213714594
vit_b_16,concat,mlp,406,105,photos/top_view_images/P3130750.JPG,photos/side_view_images/P3131104.JPG,2.12,2.12,2.8546853065490723,0.7346853065490722,0.7346853065490722
vit_b_16,concat,mlp,407,105,photos/top_view_images/P3130751.JPG,photos/side_view_images/P3131105.JPG,3.18,3.18,3.3119497299194336,0.13194972991943343,0.13194972991943343
vit_b_16,concat,mlp,408,105,photos/top_view_images/P3130752.JPG,photos/side_view_images/P3131106.JPG,4.24,4.24,3.519073009490967,-0.7209269905090334,0.7209269905090334
vit_b_16,concat,mlp,409,106,photos/top_view_images/P3130753.JPG,photos/side_view_images/P3131107.JPG,1.06,1.06,1.3717669248580933,0.3117669248580932,0.3117669248580932
vit_b_16,concat,mlp,410,106,photos/top_view_images/P3130754.JPG,photos/side_view_images/P3131108.JPG,2.12,2.12,2.2100343704223633,0.09003437042236317,0.09003437042236317
vit_b_16,concat,mlp,411,106,photos/top_view_images/P3130755.JPG,photos/side_view_images/P3131109.JPG,3.18,3.18,3.4272007942199707,0.24720079421997054,0.24720079421997054
vit_b_16,concat,mlp,412,106,photos/top_view_images/P3130756.JPG,photos/side_view_images/P3131110.JPG,4.24,4.24,4.277050971984863,0.03705097198486307,0.03705097198486307
vit_b_16,concat,mlp,413,107,photos/top_view_images/P3130757.JPG,photos/side_view_images/P3131111.JPG,1.06,1.06,1.3806605339050293,0.32066053390502924,0.32066053390502924
vit_b_16,concat,mlp,414,107,photos/top_view_images/P3130758.JPG,photos/side_view_images/P3131112.JPG,2.12,2.12,2.6502065658569336,0.5302065658569335,0.5302065658569335
vit_b_16,concat,mlp,415,107,photos/top_view_images/P3130759.JPG,photos/side_view_images/P3131113.JPG,3.18,3.18,2.9581797122955322,-0.22182028770446793,0.22182028770446793
vit_b_16,concat,mlp,416,107,photos/top_view_images/P3130760.JPG,photos/side_view_images/P3131114.JPG,4.24,4.24,3.812786340713501,-0.42721365928649924,0.42721365928649924
vit_b_16,concat,mlp,417,108,photos/top_view_images/P2090065.JPG,photos/side_view_images/P2090150.JPG,0.0,0.0,0.4652670919895172,0.4652670919895172,0.4652670919895172
vit_b_16,concat,mlp,418,109,photos/top_view_images/P2160216.JPG,photos/side_view_images/P2160516.JPG,0.0,0.0,0.4974043369293213,0.4974043369293213,0.4974043369293213
vit_b_16,concat,mlp,419,110,photos/top_view_images/P3100642.JPG,photos/side_view_images/P2020002.JPG,0.0,0.0,0.702913224697113,0.702913224697113,0.702913224697113
