backbone,fusion,regressor,sample_idx,exp_id,top_path,side_path,volume,y_true,y_pred,residual,abs_error
densenet121,side only,linear,0,1,photos/top_view_images/P2260331.JPG,photos/side_view_images/P2260685.JPG,1.06,1.06,1.0518040657043457,-0.00819593429565435,0.00819593429565435
densenet121,side only,linear,1,1,photos/top_view_images/P2260332.JPG,photos/side_view_images/P2260686.JPG,2.12,2.12,2.033194065093994,-0.08680593490600597,0.08680593490600597
densenet121,side only,linear,2,1,photos/top_view_images/P2260333.JPG,photos/side_view_images/P2260687.JPG,3.18,3.18,2.9855289459228516,-0.1944710540771486,0.1944710540771486
densenet121,side only,linear,3,1,photos/top_view_images/P2260334.JPG,photos/side_view_images/P2260688.JPG,4.24,4.24,3.8984363079071045,-0.3415636920928957,0.3415636920928957
densenet121,side only,linear,4,2,photos/top_view_images/P2260335.JPG,photos/side_view_images/P2260689.JPG,1.06,1.06,0.8859230279922485,-0.17407697200775152,0.17407697200775152
densenet121,side only,linear,5,2,photos/top_view_images/P2260336.JPG,photos/side_view_images/P2260690.JPG,2.12,2.12,1.9137279987335205,-0.2062720012664796,0.2062720012664796
densenet121,side only,linear,6,2,photos/top_view_images/P2260337.JPG,photos/side_view_images/P2260692.JPG,3.18,3.18,3.2947826385498047,0.11478263854980453,0.11478263854980453
densenet121,side only,linear,7,2,photos/top_view_images/P2260339.JPG,photos/side_view_images/P2260693.JPG,4.24,4.24,4.412059783935547,0.17205978393554666,0.17205978393554666
densenet121,side only,linear,8,3,photos/top_view_images/P2260340.JPG,photos/side_view_images/P2260694.JPG,1.06,1.06,0.664097785949707,-0.395902214050293,0.395902214050293
densenet121,side only,linear,9,3,photos/top_view_images/P2260341.JPG,photos/side_view_images/P2260695.JPG,2.12,2.12,1.7399905920028687,-0.38000940799713145,0.38000940799713145
densenet121,side only,linear,10,3,photos/top_view_images/P2260342.JPG,photos/side_view_images/P2260696.JPG,3.18,3.18,3.2623543739318848,0.0823543739318846,0.0823543739318846
densenet121,side only,linear,11,3,photos/top_view_images/P2260343.JPG,photos/side_view_images/P2260697.JPG,4.24,4.24,3.737071990966797,-0.5029280090332033,0.5029280090332033
densenet121,side only,linear,12,4,photos/top_view_images/P2260345.JPG,photos/side_view_images/P2260699.JPG,1.06,1.06,0.6447947025299072,-0.4152052974700928,0.4152052974700928
densenet121,side only,linear,13,4,photos/top_view_images/P2260346.JPG,photos/side_view_images/P2260700.JPG,2.12,2.12,1.9062734842300415,-0.2137265157699586,0.2137265157699586
densenet121,side only,linear,14,4,photos/top_view_images/P2260347.JPG,photos/side_view_images/P2260701.JPG,3.18,3.18,2.224938154220581,-0.9550618457794191,0.9550618457794191
densenet121,side only,linear,15,4,photos/top_view_images/P2260348.JPG,photos/side_view_images/P2260702.JPG,4.24,4.24,3.315293550491333,-0.9247064495086672,0.9247064495086672
densenet121,side only,linear,16,5,photos/top_view_images/P2260349.JPG,photos/side_view_images/P2260703.JPG,1.06,1.06,1.770991563796997,0.710991563796997,0.710991563796997
densenet121,side only,linear,17,5,photos/top_view_images/P2260350.JPG,photos/side_view_images/P2260704.JPG,2.12,2.12,2.6252760887145996,0.5052760887145995,0.5052760887145995
densenet121,side only,linear,18,5,photos/top_view_images/P2260351.JPG,photos/side_view_images/P2260705.JPG,3.18,3.18,3.3599021434783936,0.1799021434783934,0.1799021434783934
densenet121,side only,linear,19,5,photos/top_view_images/P2260352.JPG,photos/side_view_images/P2260706.JPG,4.24,4.24,4.674982070922852,0.43498207092285135,0.43498207092285135
densenet121,side only,linear,20,6,photos/top_view_images/P2270353.JPG,photos/side_view_images/P2270707.JPG,1.06,1.06,1.7383745908737183,0.6783745908737182,0.6783745908737182
densenet121,side only,linear,21,6,photos/top_view_images/P2270354.JPG,photos/side_view_images/P2270708.JPG,2.12,2.12,3.116238594055176,0.9962385940551757,0.9962385940551757
densenet121,side only,linear,22,6,photos/top_view_images/P2270355.JPG,photos/side_view_images/P2270709.JPG,3.18,3.18,3.429210662841797,0.24921066284179672,0.24921066284179672
densenet121,side only,linear,23,6,photos/top_view_images/P2270356.JPG,photos/side_view_images/P2270710.JPG,4.24,4.24,5.321513652801514,1.0815136528015135,1.0815136528015135
densenet121,side only,linear,24,7,photos/top_view_images/P2270357.JPG,photos/side_view_images/P2270712.JPG,1.06,1.06,1.0870178937911987,0.027017893791198677,0.027017893791198677
densenet121,side only,linear,25,7,photos/top_view_images/P2270358.JPG,photos/side_view_images/P2270713.JPG,2.12,2.12,1.8028620481491089,-0.3171379518508912,0.3171379518508912
densenet121,side only,linear,26,7,photos/top_view_images/P2270359.JPG,photos/side_view_images/P2270714.JPG,3.18,3.18,2.9699714183807373,-0.21002858161926286,0.21002858161926286
densenet121,side only,linear,27,7,photos/top_view_images/P2270360.JPG,photos/side_view_images/P2270715.JPG,4.24,4.24,3.787890911102295,-0.4521090888977053,0.4521090888977053
densenet121,side only,linear,28,8,photos/top_view_images/P2270361.JPG,photos/side_view_images/P2270716.JPG,1.06,1.06,0.8373634815216064,-0.2226365184783936,0.2226365184783936
densenet121,side only,linear,29,8,photos/top_view_images/P2270362.JPG,photos/side_view_images/P2270717.JPG,2.12,2.12,2.0756258964538574,-0.044374103546142685,0.044374103546142685
densenet121,side only,linear,30,8,photos/top_view_images/P2270363.JPG,photos/side_view_images/P2270718.JPG,3.18,3.18,2.5098493099212646,-0.6701506900787355,0.6701506900787355
densenet121,side only,linear,31,8,photos/top_view_images/P2270364.JPG,photos/side_view_images/P2270719.JPG,4.24,4.24,3.3527374267578125,-0.8872625732421877,0.8872625732421877
densenet121,side only,linear,32,9,photos/top_view_images/P2270365.JPG,photos/side_view_images/P2270720.JPG,1.06,1.06,1.0956616401672363,0.035661640167236275,0.035661640167236275
densenet121,side only,linear,33,9,photos/top_view_images/P2270366.JPG,photos/side_view_images/P2270721.JPG,2.12,2.12,2.1825602054595947,0.06256020545959462,0.06256020545959462
densenet121,side only,linear,34,9,photos/top_view_images/P2270367.JPG,photos/side_view_images/P2270722.JPG,3.18,3.18,3.679184675216675,0.49918467521667464,0.49918467521667464
densenet121,side only,linear,35,9,photos/top_view_images/P2270368.JPG,photos/side_view_images/P2270723.JPG,4.24,4.24,3.4562408924102783,-0.7837591075897219,0.7837591075897219
densenet121,side only,linear,36,10,photos/top_view_images/P2270369.JPG,photos/side_view_images/P2270724.JPG,1.06,1.06,1.1376471519470215,0.07764715194702143,0.07764715194702143
densenet121,side only,linear,37,10,photos/top_view_images/P2270370.JPG,photos/side_view_images/P2270725.JPG,2.12,2.12,2.4030706882476807,0.28307068824768056,0.28307068824768056
densenet121,side only,linear,38,10,photos/top_view_images/P2270371.JPG,photos/side_view_images/P2270726.JPG,3.18,3.18,3.227027416229248,0.04702741622924789,0.04702741622924789
densenet121,side only,linear,39,10,photos/top_view_images/P2270372.JPG,photos/side_view_images/P2270727.JPG,4.24,4.24,4.716972351074219,0.47697235107421854,0.47697235107421854
densenet121,side only,linear,40,11,photos/top_view_images/P2270373.JPG,photos/side_view_images/P2270728.JPG,1.06,1.06,0.7216904163360596,-0.3383095836639405,0.3383095836639405
densenet121,side only,linear,41,11,photos/top_view_images/P2270374.JPG,photos/side_view_images/P2270729.JPG,2.12,2.12,2.604158639907837,0.4841586399078368,0.4841586399078368
densenet121,side only,linear,42,11,photos/top_view_images/P2270375.JPG,photos/side_view_images/P2270730.JPG,3.18,3.18,3.7545628547668457,0.5745628547668455,0.5745628547668455
densenet121,side only,linear,43,11,photos/top_view_images/P2270376.JPG,photos/side_view_images/P2270731.JPG,4.24,4.24,3.5027642250061035,-0.7372357749938967,0.7372357749938967
densenet121,side only,linear,44,12,photos/top_view_images/P2270377.JPG,photos/side_view_images/P2270732.JPG,1.06,1.06,1.6627418994903564,0.6027418994903564,0.6027418994903564
densenet121,side only,linear,45,12,photos/top_view_images/P2270378.JPG,photos/side_view_images/P2270733.JPG,2.12,2.12,2.7542409896850586,0.6342409896850585,0.6342409896850585
densenet121,side only,linear,46,12,photos/top_view_images/P2270379.JPG,photos/side_view_images/P2270734.JPG,3.18,3.18,3.5749764442443848,0.3949764442443846,0.3949764442443846
densenet121,side only,linear,47,12,photos/top_view_images/P2270381.JPG,photos/side_view_images/P2270736.JPG,4.24,4.24,3.9822936058044434,-0.25770639419555685,0.25770639419555685
densenet121,side only,linear,48,13,photos/top_view_images/P2270383.JPG,photos/side_view_images/P2270737.JPG,1.06,1.06,0.9944267272949219,-0.06557327270507818,0.06557327270507818
densenet121,side only,linear,49,13,photos/top_view_images/P2270384.JPG,photos/side_view_images/P2270738.JPG,2.12,2.12,1.2229552268981934,-0.8970447731018067,0.8970447731018067
densenet121,side only,linear,50,13,photos/top_view_images/P2270385.JPG,photos/side_view_images/P2270739.JPG,3.18,3.18,2.1139347553253174,-1.0660652446746828,1.0660652446746828
densenet121,side only,linear,51,14,photos/top_view_images/P3020386.JPG,photos/side_view_images/P3020741.JPG,1.06,1.06,1.6413013935089111,0.5813013935089111,0.5813013935089111
densenet121,side only,linear,52,14,photos/top_view_images/P3020387.JPG,photos/side_view_images/P3020742.JPG,2.12,2.12,2.179236888885498,0.05923688888549794,0.05923688888549794
densenet121,side only,linear,53,14,photos/top_view_images/P3020388.JPG,photos/side_view_images/P3020743.JPG,3.18,3.18,3.3576908111572266,0.1776908111572264,0.1776908111572264
densenet121,side only,linear,54,14,photos/top_view_images/P3020389.JPG,photos/side_view_images/P3020744.JPG,4.24,4.24,4.505630016326904,0.2656300163269041,0.2656300163269041
densenet121,side only,linear,55,15,photos/top_view_images/P3020390.JPG,photos/side_view_images/P3020745.JPG,1.06,1.06,0.8379824161529541,-0.22201758384704595,0.22201758384704595
densenet121,side only,linear,56,15,photos/top_view_images/P3020391.JPG,photos/side_view_images/P3020746.JPG,2.12,2.12,2.806415319442749,0.6864153194427489,0.6864153194427489
densenet121,side only,linear,57,15,photos/top_view_images/P3020392.JPG,photos/side_view_images/P3020747.JPG,3.18,3.18,3.461743116378784,0.281743116378784,0.281743116378784
densenet121,side only,linear,58,15,photos/top_view_images/P3020393.JPG,photos/side_view_images/P3020748.JPG,4.24,4.24,4.212822914123535,-0.027177085876465057,0.027177085876465057
densenet121,side only,linear,59,16,photos/top_view_images/P3020394.JPG,photos/side_view_images/P3020749.JPG,1.06,1.06,0.5511035919189453,-0.5088964080810547,0.5088964080810547
densenet121,side only,linear,60,16,photos/top_view_images/P3020395.JPG,photos/side_view_images/P3020750.JPG,2.12,2.12,2.014326810836792,-0.10567318916320811,0.10567318916320811
densenet121,side only,linear,61,16,photos/top_view_images/P3020396.JPG,photos/side_view_images/P3020751.JPG,3.18,3.18,2.392451286315918,-0.7875487136840822,0.7875487136840822
densenet121,side only,linear,62,16,photos/top_view_images/P3020397.JPG,photos/side_view_images/P3020752.JPG,4.24,4.24,3.57778263092041,-0.6622173690795901,0.6622173690795901
densenet121,side only,linear,63,17,photos/top_view_images/P3020398.JPG,photos/side_view_images/P3020753.JPG,1.06,1.06,0.7384650707244873,-0.32153492927551275,0.32153492927551275
densenet121,side only,linear,64,17,photos/top_view_images/P3020399.JPG,photos/side_view_images/P3020754.JPG,2.12,2.12,1.1547259092330933,-0.9652740907669068,0.9652740907669068
densenet121,side only,linear,65,17,photos/top_view_images/P3020400.JPG,photos/side_view_images/P3020755.JPG,3.18,3.18,2.9994258880615234,-0.18057411193847672,0.18057411193847672
densenet121,side only,linear,66,17,photos/top_view_images/P3020401.JPG,photos/side_view_images/P3020756.JPG,4.24,4.24,4.023645401000977,-0.21635459899902365,0.21635459899902365
densenet121,side only,linear,67,18,photos/top_view_images/P3020402.JPG,photos/side_view_images/P3020757.JPG,1.06,1.06,1.393247127532959,0.33324712753295893,0.33324712753295893
densenet121,side only,linear,68,18,photos/top_view_images/P3020403.JPG,photos/side_view_images/P3020758.JPG,2.12,2.12,1.330522060394287,-0.789477939605713,0.789477939605713
densenet121,side only,linear,69,18,photos/top_view_images/P3020404.JPG,photos/side_view_images/P3020759.JPG,3.18,3.18,2.7041728496551514,-0.4758271503448488,0.4758271503448488
densenet121,side only,linear,70,18,photos/top_view_images/P3020405.JPG,photos/side_view_images/P3020760.JPG,4.24,4.24,3.49232816696167,-0.7476718330383303,0.7476718330383303
densenet121,side only,linear,71,19,photos/top_view_images/P3020406.JPG,photos/side_view_images/P3020761.JPG,1.06,1.06,1.5444316864013672,0.48443168640136713,0.48443168640136713
densenet121,side only,linear,72,19,photos/top_view_images/P3020407.JPG,photos/side_view_images/P3020762.JPG,2.12,2.12,2.795064687728882,0.6750646877288817,0.6750646877288817
densenet121,side only,linear,73,19,photos/top_view_images/P3020408.JPG,photos/side_view_images/P3020763.JPG,3.18,3.18,4.638970375061035,1.458970375061035,1.458970375061035
densenet121,side only,linear,74,19,photos/top_view_images/P3020409.JPG,photos/side_view_images/P3020764.JPG,4.24,4.24,5.033924579620361,0.7939245796203611,0.7939245796203611
densenet121,side only,linear,75,20,photos/top_view_images/P3020410.JPG,photos/side_view_images/P3020765.JPG,1.06,1.06,1.3286073207855225,0.2686073207855224,0.2686073207855224
densenet121,side only,linear,76,20,photos/top_view_images/P3020411.JPG,photos/side_view_images/P3020766.JPG,2.12,2.12,1.949375867843628,-0.17062413215637218,0.17062413215637218
densenet121,side only,linear,77,20,photos/top_view_images/P3020412.JPG,photos/side_view_images/P3020767.JPG,3.18,3.18,2.5114262104034424,-0.6685737895965578,0.6685737895965578
densenet121,side only,linear,78,20,photos/top_view_images/P3020413.JPG,photos/side_view_images/P3020768.JPG,4.24,4.24,4.192563533782959,-0.04743646621704123,0.04743646621704123
densenet121,side only,linear,79,21,photos/top_view_images/P3020414.JPG,photos/side_view_images/P3020769.JPG,1.06,1.06,1.3496525287628174,0.28965252876281733,0.28965252876281733
densenet121,side only,linear,80,21,photos/top_view_images/P3020415.JPG,photos/side_view_images/P3020770.JPG,2.12,2.12,2.7795019149780273,0.6595019149780272,0.6595019149780272
densenet121,side only,linear,81,21,photos/top_view_images/P3020416.JPG,photos/side_view_images/P3020771.JPG,3.18,3.18,4.362817287445068,1.1828172874450682,1.1828172874450682
densenet121,side only,linear,82,21,photos/top_view_images/P3020417.JPG,photos/side_view_images/P3020772.JPG,4.24,4.24,3.6467208862304688,-0.5932791137695315,0.5932791137695315
densenet121,side only,linear,83,22,photos/top_view_images/P3020418.JPG,photos/side_view_images/P3020773.JPG,1.06,1.06,0.9016094207763672,-0.15839057922363287,0.15839057922363287
densenet121,side only,linear,84,22,photos/top_view_images/P3020419.JPG,photos/side_view_images/P3020774.JPG,2.12,2.12,1.377475380897522,-0.7425246191024781,0.7425246191024781
densenet121,side only,linear,85,22,photos/top_view_images/P3020420.JPG,photos/side_view_images/P3020775.JPG,3.18,3.18,3.1941628456115723,0.014162845611572106,0.014162845611572106
densenet121,side only,linear,86,22,photos/top_view_images/P3020421.JPG,photos/side_view_images/P3020776.JPG,4.24,4.24,3.7031667232513428,-0.5368332767486574,0.5368332767486574
densenet121,side only,linear,87,23,photos/top_view_images/P3020422.JPG,photos/side_view_images/P3020777.JPG,1.06,1.06,1.5579553842544556,0.4979553842544555,0.4979553842544555
densenet121,side only,linear,88,23,photos/top_view_images/P3020423.JPG,photos/side_view_images/P3020778.JPG,2.12,2.12,2.356881618499756,0.23688161849975575,0.23688161849975575
densenet121,side only,linear,89,23,photos/top_view_images/P3020424.JPG,photos/side_view_images/P3020779.JPG,3.18,3.18,3.383723497390747,0.2037234973907469,0.2037234973907469
densenet121,side only,linear,90,23,photos/top_view_images/P3020425.JPG,photos/side_view_images/P3020780.JPG,4.24,4.24,4.469372749328613,0.22937274932861307,0.22937274932861307
densenet121,side only,linear,91,24,photos/top_view_images/P3020426.JPG,photos/side_view_images/P3020781.JPG,1.06,1.06,1.59759521484375,0.53759521484375,0.53759521484375
densenet121,side only,linear,92,24,photos/top_view_images/P3020427.JPG,photos/side_view_images/P3020782.JPG,2.12,2.12,2.4016644954681396,0.28166449546813954,0.28166449546813954
densenet121,side only,linear,93,24,photos/top_view_images/P3020428.JPG,photos/side_view_images/P3020783.JPG,3.18,3.18,4.555790901184082,1.3757909011840819,1.3757909011840819
densenet121,side only,linear,94,24,photos/top_view_images/P3020429.JPG,photos/side_view_images/P3020784.JPG,4.24,4.24,5.006622791290283,0.766622791290283,0.766622791290283
densenet121,side only,linear,95,25,photos/top_view_images/P3020430.JPG,photos/side_view_images/P3020785.JPG,1.06,1.06,0.48567795753479004,-0.57432204246521,0.57432204246521
densenet121,side only,linear,96,25,photos/top_view_images/P3020431.JPG,photos/side_view_images/P3020786.JPG,2.12,2.12,1.5613913536071777,-0.5586086463928224,0.5586086463928224
densenet121,side only,linear,97,25,photos/top_view_images/P3020432.JPG,photos/side_view_images/P3020787.JPG,3.18,3.18,2.6558995246887207,-0.5241004753112795,0.5241004753112795
densenet121,side only,linear,98,25,photos/top_view_images/P3020433.JPG,photos/side_view_images/P3020788.JPG,4.24,4.24,3.3782429695129395,-0.8617570304870608,0.8617570304870608
densenet121,side only,linear,99,26,photos/top_view_images/P3020434.JPG,photos/side_view_images/P3020789.JPG,1.06,1.06,1.8739925622940063,0.8139925622940063,0.8139925622940063
densenet121,side only,linear,100,26,photos/top_view_images/P3020435.JPG,photos/side_view_images/P3020790.JPG,2.12,2.12,2.6757006645202637,0.5557006645202636,0.5557006645202636
densenet121,side only,linear,101,26,photos/top_view_images/P3020436.JPG,photos/side_view_images/P3020791.JPG,3.18,3.18,4.003520488739014,0.8235204887390135,0.8235204887390135
densenet121,side only,linear,102,26,photos/top_view_images/P3020437.JPG,photos/side_view_images/P3020792.JPG,4.24,4.24,4.63597297668457,0.3959729766845701,0.3959729766845701
densenet121,side only,linear,103,27,photos/top_view_images/P3020438.JPG,photos/side_view_images/P3020793.JPG,1.06,1.06,0.8709323406219482,-0.1890676593780518,0.1890676593780518
densenet121,side only,linear,104,27,photos/top_view_images/P3020439.JPG,photos/side_view_images/P3020794.JPG,2.12,2.12,1.8811613321304321,-0.23883866786956798,0.23883866786956798
densenet121,side only,linear,105,27,photos/top_view_images/P3020440.JPG,photos/side_view_images/P3020795.JPG,3.18,3.18,2.5795738697052,-0.6004261302948,0.6004261302948
densenet121,side only,linear,106,27,photos/top_view_images/P3020441.JPG,photos/side_view_images/P3020796.JPG,4.24,4.24,3.7082815170288086,-0.5317184829711916,0.5317184829711916
densenet121,side only,linear,107,28,photos/top_view_images/P3030442.JPG,photos/side_view_images/P3030797.JPG,1.06,1.06,0.8289716243743896,-0.2310283756256104,0.2310283756256104
densenet121,side only,linear,108,28,photos/top_view_images/P3030443.JPG,photos/side_view_images/P3030798.JPG,2.12,2.12,1.7749881744384766,-0.34501182556152354,0.34501182556152354
densenet121,side only,linear,109,28,photos/top_view_images/P3030444.JPG,photos/side_view_images/P3030799.JPG,3.18,3.18,3.246335029602051,0.06633502960205062,0.06633502960205062
densenet121,side only,linear,110,28,photos/top_view_images/P3030445.JPG,photos/side_view_images/P3030800.JPG,4.24,4.24,3.557918071746826,-0.682081928253174,0.682081928253174
densenet121,side only,linear,111,29,photos/top_view_images/P3030446.JPG,photos/side_view_images/P3030801.JPG,1.06,1.06,1.4645121097564697,0.4045121097564697,0.4045121097564697
densenet121,side only,linear,112,29,photos/top_view_images/P3030447.JPG,photos/side_view_images/P3030802.JPG,2.12,2.12,2.534318685531616,0.4143186855316161,0.4143186855316161
densenet121,side only,linear,113,29,photos/top_view_images/P3030448.JPG,photos/side_view_images/P3030803.JPG,3.18,3.18,3.4119184017181396,0.2319184017181395,0.2319184017181395
densenet121,side only,linear,114,29,photos/top_view_images/P3030449.JPG,photos/side_view_images/P3030804.JPG,4.24,4.24,3.8504340648651123,-0.3895659351348879,0.3895659351348879
densenet121,side only,linear,115,30,photos/top_view_images/P3030450.JPG,photos/side_view_images/P3030805.JPG,1.06,1.06,1.3073334693908691,0.2473334693908691,0.2473334693908691
densenet121,side only,linear,116,30,photos/top_view_images/P3030451.JPG,photos/side_view_images/P3030806.JPG,2.12,2.12,2.2337639331817627,0.11376393318176259,0.11376393318176259
densenet121,side only,linear,117,30,photos/top_view_images/P3030452.JPG,photos/side_view_images/P3030807.JPG,3.18,3.18,1.8790862560272217,-1.3009137439727785,1.3009137439727785
densenet121,side only,linear,118,30,photos/top_view_images/P3030453.JPG,photos/side_view_images/P3030808.JPG,4.24,4.24,3.4322714805603027,-0.8077285194396975,0.8077285194396975
densenet121,side only,linear,119,31,photos/top_view_images/P3030454.JPG,photos/side_view_images/P3030809.JPG,1.06,1.06,1.0678733587265015,0.007873358726501412,0.007873358726501412
densenet121,side only,linear,120,31,photos/top_view_images/P3030455.JPG,photos/side_view_images/P3030810.JPG,2.12,2.12,2.171269416809082,0.051269416809081925,0.051269416809081925
densenet121,side only,linear,121,31,photos/top_view_images/P3030456.JPG,photos/side_view_images/P3030811.JPG,3.18,3.18,2.9350497722625732,-0.24495022773742692,0.24495022773742692
densenet121,side only,linear,122,31,photos/top_view_images/P3030457.JPG,photos/side_view_images/P3030812.JPG,4.24,4.24,4.400972366333008,0.1609723663330076,0.1609723663330076
densenet121,side only,linear,123,32,photos/top_view_images/P3050458.JPG,photos/side_view_images/P3050813.JPG,1.06,1.06,1.5096445083618164,0.44964450836181635,0.44964450836181635
densenet121,side only,linear,124,32,photos/top_view_images/P3050459.JPG,photos/side_view_images/P3050814.JPG,2.12,2.12,3.876264810562134,1.7562648105621337,1.7562648105621337
densenet121,side only,linear,125,32,photos/top_view_images/P3050460.JPG,photos/side_view_images/P3050815.JPG,3.18,3.18,3.693037986755371,0.5130379867553709,0.5130379867553709
densenet121,side only,linear,126,32,photos/top_view_images/P3050462.JPG,photos/side_view_images/P3050817.JPG,4.24,4.24,3.714092254638672,-0.5259077453613283,0.5259077453613283
densenet121,side only,linear,127,33,photos/top_view_images/P3050463.JPG,photos/side_view_images/P3050818.JPG,1.06,1.06,0.4026021957397461,-0.657397804260254,0.657397804260254
densenet121,side only,linear,128,33,photos/top_view_images/P3050464.JPG,photos/side_view_images/P3050819.JPG,2.12,2.12,1.4107812643051147,-0.7092187356948854,0.7092187356948854
densenet121,side only,linear,129,34,photos/top_view_images/P3050467.JPG,photos/side_view_images/P3050823.JPG,1.06,1.06,2.042606830596924,0.9826068305969238,0.9826068305969238
densenet121,side only,linear,130,34,photos/top_view_images/P3050468.JPG,photos/side_view_images/P3050824.JPG,2.12,2.12,3.147953748703003,1.0279537487030028,1.0279537487030028
densenet121,side only,linear,131,34,photos/top_view_images/P3050469.JPG,photos/side_view_images/P3050825.JPG,3.18,3.18,3.6408987045288086,0.46089870452880843,0.46089870452880843
densenet121,side only,linear,132,34,photos/top_view_images/P3050470.JPG,photos/side_view_images/P3050826.JPG,4.24,4.24,4.057089805603027,-0.18291019439697287,0.18291019439697287
densenet121,side only,linear,133,35,photos/top_view_images/P3050471.JPG,photos/side_view_images/P3050827.JPG,1.06,1.06,1.276256799697876,0.21625679969787592,0.21625679969787592
densenet121,side only,linear,134,35,photos/top_view_images/P3050472.JPG,photos/side_view_images/P3050828.JPG,2.12,2.12,2.3208401203155518,0.20084012031555165,0.20084012031555165
densenet121,side only,linear,135,35,photos/top_view_images/P3050473.JPG,photos/side_view_images/P3050829.JPG,3.18,3.18,2.908407211303711,-0.2715927886962892,0.2715927886962892
densenet121,side only,linear,136,35,photos/top_view_images/P3050474.JPG,photos/side_view_images/P3050830.JPG,4.24,4.24,4.33933687210083,0.09933687210082986,0.09933687210082986
densenet121,side only,linear,137,36,photos/top_view_images/P3050475.JPG,photos/side_view_images/P3050831.JPG,1.06,1.06,1.1185728311538696,0.058572831153869576,0.058572831153869576
densenet121,side only,linear,138,36,photos/top_view_images/P3050476.JPG,photos/side_view_images/P3050832.JPG,2.12,2.12,2.8865156173706055,0.7665156173706054,0.7665156173706054
densenet121,side only,linear,139,36,photos/top_view_images/P3050477.JPG,photos/side_view_images/P3050833.JPG,3.18,3.18,3.057356357574463,-0.12264364242553727,0.12264364242553727
densenet121,side only,linear,140,36,photos/top_view_images/P3050478.JPG,photos/side_view_images/P3050834.JPG,4.24,4.24,3.6780877113342285,-0.5619122886657717,0.5619122886657717
densenet121,side only,linear,141,37,photos/top_view_images/P3050479.JPG,photos/side_view_images/P3050835.JPG,1.06,1.06,0.6688382625579834,-0.39116173744201665,0.39116173744201665
densenet121,side only,linear,142,37,photos/top_view_images/P3050480.JPG,photos/side_view_images/P3050836.JPG,2.12,2.12,2.118835687637329,-0.001164312362671005,0.001164312362671005
densenet121,side only,linear,143,37,photos/top_view_images/P3050481.JPG,photos/side_view_images/P3050837.JPG,3.18,3.18,2.699533700942993,-0.480466299057007,0.480466299057007
densenet121,side only,linear,144,37,photos/top_view_images/P3050482.JPG,photos/side_view_images/P3050838.JPG,4.24,4.24,3.3642454147338867,-0.8757545852661135,0.8757545852661135
densenet121,side only,linear,145,38,photos/top_view_images/P3050484.JPG,photos/side_view_images/P3050840.JPG,1.06,1.06,1.2501904964447021,0.1901904964447021,0.1901904964447021
densenet121,side only,linear,146,38,photos/top_view_images/P3050485.JPG,photos/side_view_images/P3050841.JPG,2.12,2.12,1.8593953847885132,-0.2606046152114869,0.2606046152114869
densenet121,side only,linear,147,38,photos/top_view_images/P3050486.JPG,photos/side_view_images/P3050842.JPG,3.18,3.18,2.4150431156158447,-0.7649568843841554,0.7649568843841554
densenet121,side only,linear,148,38,photos/top_view_images/P3050487.JPG,photos/side_view_images/P3050843.JPG,4.24,4.24,3.3244194984436035,-0.9155805015563967,0.9155805015563967
densenet121,side only,linear,149,39,photos/top_view_images/P3050488.JPG,photos/side_view_images/P3050844.JPG,1.06,1.06,1.3646759986877441,0.3046759986877441,0.3046759986877441
densenet121,side only,linear,150,39,photos/top_view_images/P3050489.JPG,photos/side_view_images/P3050845.JPG,2.12,2.12,2.4361519813537598,0.31615198135375966,0.31615198135375966
densenet121,side only,linear,151,39,photos/top_view_images/P3050490.JPG,photos/side_view_images/P3050846.JPG,3.18,3.18,3.8207359313964844,0.6407359313964842,0.6407359313964842
densenet121,side only,linear,152,39,photos/top_view_images/P3050491.JPG,photos/side_view_images/P3050847.JPG,4.24,4.24,4.768595218658447,0.528595218658447,0.528595218658447
densenet121,side only,linear,153,40,photos/top_view_images/P3050492.JPG,photos/side_view_images/P3050848.JPG,1.06,1.06,0.5658698081970215,-0.49413019180297857,0.49413019180297857
densenet121,side only,linear,154,40,photos/top_view_images/P3050493.JPG,photos/side_view_images/P3050849.JPG,2.12,2.12,1.4406720399856567,-0.6793279600143434,0.6793279600143434
densenet121,side only,linear,155,40,photos/top_view_images/P3050494.JPG,photos/side_view_images/P3050850.JPG,3.18,3.18,2.5500781536102295,-0.6299218463897707,0.6299218463897707
densenet121,side only,linear,156,40,photos/top_view_images/P3050495.JPG,photos/side_view_images/P3050851.JPG,4.24,4.24,2.8817291259765625,-1.3582708740234377,1.3582708740234377
densenet121,side only,linear,157,41,photos/top_view_images/P3050496.JPG,photos/side_view_images/P3050852.JPG,1.06,1.06,1.3294891119003296,0.26948911190032954,0.26948911190032954
densenet121,side only,linear,158,41,photos/top_view_images/P3050497.JPG,photos/side_view_images/P3050853.JPG,2.12,2.12,1.667983889579773,-0.45201611042022716,0.45201611042022716
densenet121,side only,linear,159,41,photos/top_view_images/P3050498.JPG,photos/side_view_images/P3050854.JPG,3.18,3.18,3.0359911918640137,-0.1440088081359865,0.1440088081359865
densenet121,side only,linear,160,41,photos/top_view_images/P3050499.JPG,photos/side_view_images/P3050855.JPG,4.24,4.24,3.0678694248199463,-1.172130575180054,1.172130575180054
densenet121,side only,linear,161,42,photos/top_view_images/P3050500.JPG,photos/side_view_images/P3050857.JPG,2.12,2.12,2.173281192779541,0.05328119277954091,0.05328119277954091
densenet121,side only,linear,162,42,photos/top_view_images/P3050501.JPG,photos/side_view_images/P3050858.JPG,3.18,3.18,2.890282154083252,-0.2897178459167482,0.2897178459167482
densenet121,side only,linear,163,43,photos/top_view_images/P3060503.JPG,photos/side_view_images/P3060859.JPG,1.06,1.06,0.9107565879821777,-0.14924341201782232,0.14924341201782232
densenet121,side only,linear,164,43,photos/top_view_images/P3060504.JPG,photos/side_view_images/P3060860.JPG,2.12,2.12,3.4657528400421143,1.3457528400421142,1.3457528400421142
densenet121,side only,linear,165,43,photos/top_view_images/P3060505.JPG,photos/side_view_images/P3060861.JPG,3.18,3.18,3.7311573028564453,0.5511573028564452,0.5511573028564452
densenet121,side only,linear,166,43,photos/top_view_images/P3060506.JPG,photos/side_view_images/P3060862.JPG,4.24,4.24,4.697262763977051,0.45726276397705057,0.45726276397705057
densenet121,side only,linear,167,44,photos/top_view_images/P3060507.JPG,photos/side_view_images/P3060863.JPG,1.06,1.06,0.3441331386566162,-0.7158668613433838,0.7158668613433838
densenet121,side only,linear,168,44,photos/top_view_images/P3060508.JPG,photos/side_view_images/P3060864.JPG,2.12,2.12,1.7342839241027832,-0.3857160758972169,0.3857160758972169
densenet121,side only,linear,169,44,photos/top_view_images/P3060509.JPG,photos/side_view_images/P3060865.JPG,3.18,3.18,2.7409818172454834,-0.43901818275451676,0.43901818275451676
densenet121,side only,linear,170,44,photos/top_view_images/P3060510.JPG,photos/side_view_images/P3060866.JPG,4.24,4.24,3.198399543762207,-1.0416004562377932,1.0416004562377932
densenet121,side only,linear,171,45,photos/top_view_images/P3060511.JPG,photos/side_view_images/P3060867.JPG,1.06,1.06,1.9549018144607544,0.8949018144607543,0.8949018144607543
densenet121,side only,linear,172,45,photos/top_view_images/P3060512.JPG,photos/side_view_images/P3060868.JPG,2.12,2.12,2.2665014266967773,0.14650142669677724,0.14650142669677724
densenet121,side only,linear,173,45,photos/top_view_images/P3060513.JPG,photos/side_view_images/P3060869.JPG,3.18,3.18,2.832319736480713,-0.34768026351928727,0.34768026351928727
densenet121,side only,linear,174,45,photos/top_view_images/P3060514.JPG,photos/side_view_images/P3060870.JPG,4.24,4.24,3.531198740005493,-0.708801259994507,0.708801259994507
densenet121,side only,linear,175,46,photos/top_view_images/P3060515.JPG,photos/side_view_images/P3060871.JPG,1.06,1.06,1.6023225784301758,0.5423225784301757,0.5423225784301757
densenet121,side only,linear,176,46,photos/top_view_images/P3060516.JPG,photos/side_view_images/P3060872.JPG,2.12,2.12,2.5242972373962402,0.40429723739624013,0.40429723739624013
densenet121,side only,linear,177,46,photos/top_view_images/P3060517.JPG,photos/side_view_images/P3060873.JPG,3.18,3.18,3.587019920349121,0.40701992034912093,0.40701992034912093
densenet121,side only,linear,178,46,photos/top_view_images/P3060518.JPG,photos/side_view_images/P3060874.JPG,4.24,4.24,3.3119845390319824,-0.9280154609680178,0.9280154609680178
densenet121,side only,linear,179,47,photos/top_view_images/P3060519.JPG,photos/side_view_images/P3060875.JPG,1.06,1.06,1.3694050312042236,0.3094050312042236,0.3094050312042236
densenet121,side only,linear,180,47,photos/top_view_images/P3060520.JPG,photos/side_view_images/P3060876.JPG,2.12,2.12,2.844547748565674,0.7245477485656737,0.7245477485656737
densenet121,side only,linear,181,47,photos/top_view_images/P3060521.JPG,photos/side_view_images/P3060877.JPG,3.18,3.18,3.190455436706543,0.010455436706542809,0.010455436706542809
densenet121,side only,linear,182,47,photos/top_view_images/P3060522.JPG,photos/side_view_images/P3060878.JPG,4.24,4.24,4.3456621170043945,0.10566211700439432,0.10566211700439432
densenet121,side only,linear,183,48,photos/top_view_images/P3060523.JPG,photos/side_view_images/P3060879.JPG,1.06,1.06,1.096423625946045,0.03642362594604487,0.03642362594604487
densenet121,side only,linear,184,48,photos/top_view_images/P3060524.JPG,photos/side_view_images/P3060880.JPG,2.12,2.12,0.8928709030151367,-1.2271290969848634,1.2271290969848634
densenet121,side only,linear,185,48,photos/top_view_images/P3060525.JPG,photos/side_view_images/P3060881.JPG,3.18,3.18,2.583380937576294,-0.5966190624237062,0.5966190624237062
densenet121,side only,linear,186,48,photos/top_view_images/P3060526.JPG,photos/side_view_images/P3060882.JPG,4.24,4.24,3.0627660751342773,-1.1772339248657229,1.1772339248657229
densenet121,side only,linear,187,49,photos/top_view_images/P3060527.JPG,photos/side_view_images/P3060883.JPG,1.06,1.06,1.9528920650482178,0.8928920650482177,0.8928920650482177
densenet121,side only,linear,188,49,photos/top_view_images/P3060528.JPG,photos/side_view_images/P3060884.JPG,2.12,2.12,3.063934803009033,0.9439348030090331,0.9439348030090331
densenet121,side only,linear,189,49,photos/top_view_images/P3060529.JPG,photos/side_view_images/P3060885.JPG,3.18,3.18,3.7663538455963135,0.5863538455963133,0.5863538455963133
densenet121,side only,linear,190,49,photos/top_view_images/P3060530.JPG,photos/side_view_images/P3060886.JPG,4.24,4.24,3.688706874847412,-0.5512931251525881,0.5512931251525881
densenet121,side only,linear,191,50,photos/top_view_images/P3060531.JPG,photos/side_view_images/P3060887.JPG,1.06,1.06,1.9370123147964478,0.8770123147964477,0.8770123147964477
densenet121,side only,linear,192,50,photos/top_view_images/P3060532.JPG,photos/side_view_images/P3060888.JPG,2.12,2.12,3.325868844985962,1.2058688449859618,1.2058688449859618
densenet121,side only,linear,193,50,photos/top_view_images/P3060533.JPG,photos/side_view_images/P3060889.JPG,3.18,3.18,3.7964930534362793,0.6164930534362791,0.6164930534362791
densenet121,side only,linear,194,50,photos/top_view_images/P3060534.JPG,photos/side_view_images/P3060890.JPG,4.24,4.24,4.3751420974731445,0.13514209747314432,0.13514209747314432
densenet121,side only,linear,195,51,photos/top_view_images/P3060535.JPG,photos/side_view_images/P3060891.JPG,1.06,1.06,1.2198892831802368,0.15988928318023676,0.15988928318023676
densenet121,side only,linear,196,51,photos/top_view_images/P3060536.JPG,photos/side_view_images/P3060892.JPG,2.12,2.12,2.822880268096924,0.7028802680969237,0.7028802680969237
densenet121,side only,linear,197,51,photos/top_view_images/P3060537.JPG,photos/side_view_images/P3060893.JPG,3.18,3.18,2.8518729209899902,-0.3281270790100099,0.3281270790100099
densenet121,side only,linear,198,51,photos/top_view_images/P3060538.JPG,photos/side_view_images/P3060894.JPG,4.24,4.24,3.3281383514404297,-0.9118616485595705,0.9118616485595705
densenet121,side only,linear,199,52,photos/top_view_images/P3060539.JPG,photos/side_view_images/P3060895.JPG,1.06,1.06,1.706506609916687,0.646506609916687,0.646506609916687
densenet121,side only,linear,200,52,photos/top_view_images/P3060540.JPG,photos/side_view_images/P3060896.JPG,2.12,2.12,2.1055803298950195,-0.014419670104980575,0.014419670104980575
densenet121,side only,linear,201,52,photos/top_view_images/P3060541.JPG,photos/side_view_images/P3060897.JPG,3.18,3.18,3.4227347373962402,0.24273473739624007,0.24273473739624007
densenet121,side only,linear,202,52,photos/top_view_images/P3060542.JPG,photos/side_view_images/P3060898.JPG,4.24,4.24,3.7597665786743164,-0.4802334213256838,0.4802334213256838
densenet121,side only,linear,203,53,photos/top_view_images/P3060543.JPG,photos/side_view_images/P3060899.JPG,1.06,1.06,0.014969825744628906,-1.0450301742553711,1.0450301742553711
densenet121,side only,linear,204,53,photos/top_view_images/P3060544.JPG,photos/side_view_images/P3060900.JPG,2.12,2.12,1.725588321685791,-0.3944116783142091,0.3944116783142091
densenet121,side only,linear,205,53,photos/top_view_images/P3060545.JPG,photos/side_view_images/P3060901.JPG,3.18,3.18,2.675398588180542,-0.5046014118194582,0.5046014118194582
densenet121,side only,linear,206,53,photos/top_view_images/P3060546.JPG,photos/side_view_images/P3060902.JPG,4.24,4.24,3.405919075012207,-0.8340809249877932,0.8340809249877932
densenet121,side only,linear,207,54,photos/top_view_images/P3060547.JPG,photos/side_view_images/P3060903.JPG,1.06,1.06,1.9812498092651367,0.9212498092651367,0.9212498092651367
densenet121,side only,linear,208,54,photos/top_view_images/P3060548.JPG,photos/side_view_images/P3060904.JPG,2.12,2.12,2.1746060848236084,0.05460608482360829,0.05460608482360829
densenet121,side only,linear,209,54,photos/top_view_images/P3060549.JPG,photos/side_view_images/P3060905.JPG,3.18,3.18,2.9814224243164062,-0.1985775756835939,0.1985775756835939
densenet121,side only,linear,210,55,photos/top_view_images/P3060550.JPG,photos/side_view_images/P3060906.JPG,1.06,1.06,0.6803575754165649,-0.3796424245834351,0.3796424245834351
densenet121,side only,linear,211,55,photos/top_view_images/P3060551.JPG,photos/side_view_images/P3060907.JPG,2.12,2.12,2.1997382640838623,0.0797382640838622,0.0797382640838622
densenet121,side only,linear,212,55,photos/top_view_images/P3060552.JPG,photos/side_view_images/P3060908.JPG,3.18,3.18,3.5801188945770264,0.4001188945770262,0.4001188945770262
densenet121,side only,linear,213,55,photos/top_view_images/P3060553.JPG,photos/side_view_images/P3060909.JPG,4.24,4.24,4.414856910705566,0.1748569107055662,0.1748569107055662
densenet121,side only,linear,214,56,photos/top_view_images/P3060554.JPG,photos/side_view_images/P3060910.JPG,1.06,1.06,1.3637323379516602,0.3037323379516601,0.3037323379516601
densenet121,side only,linear,215,56,photos/top_view_images/P3060555.JPG,photos/side_view_images/P3060911.JPG,2.12,2.12,2.2315566539764404,0.11155665397644032,0.11155665397644032
densenet121,side only,linear,216,56,photos/top_view_images/P3060556.JPG,photos/side_view_images/P3060912.JPG,3.18,3.18,2.5827319622039795,-0.5972680377960207,0.5972680377960207
densenet121,side only,linear,217,57,photos/top_view_images/P3090558.JPG,photos/side_view_images/P3090914.JPG,1.06,1.06,1.635556936264038,0.575556936264038,0.575556936264038
densenet121,side only,linear,218,57,photos/top_view_images/P3090559.JPG,photos/side_view_images/P3090915.JPG,2.12,2.12,2.6050126552581787,0.4850126552581786,0.4850126552581786
densenet121,side only,linear,219,57,photos/top_view_images/P3090560.JPG,photos/side_view_images/P3090916.JPG,3.18,3.18,3.5510759353637695,0.37107593536376937,0.37107593536376937
densenet121,side only,linear,220,57,photos/top_view_images/P3090561.JPG,photos/side_view_images/P3090917.JPG,4.24,4.24,4.882814407348633,0.6428144073486326,0.6428144073486326
densenet121,side only,linear,221,58,photos/top_view_images/P3090562.JPG,photos/side_view_images/P3090918.JPG,1.06,1.06,1.1614761352539062,0.1014761352539062,0.1014761352539062
densenet121,side only,linear,222,58,photos/top_view_images/P3090563.JPG,photos/side_view_images/P3090919.JPG,2.12,2.12,3.046107292175293,0.9261072921752929,0.9261072921752929
densenet121,side only,linear,223,58,photos/top_view_images/P3090564.JPG,photos/side_view_images/P3090920.JPG,3.18,3.18,2.5362462997436523,-0.6437537002563478,0.6437537002563478
densenet121,side only,linear,224,58,photos/top_view_images/P3090565.JPG,photos/side_view_images/P3090921.JPG,4.24,4.24,3.7604379653930664,-0.4795620346069338,0.4795620346069338
densenet121,side only,linear,225,59,photos/top_view_images/P3090566.JPG,photos/side_view_images/P3090922.JPG,1.06,1.06,0.9222991466522217,-0.13770085334777837,0.13770085334777837
densenet121,side only,linear,226,59,photos/top_view_images/P3090567.JPG,photos/side_view_images/P3090923.JPG,2.12,2.12,2.406672239303589,0.28667223930358876,0.28667223930358876
densenet121,side only,linear,227,59,photos/top_view_images/P3090568.JPG,photos/side_view_images/P3090924.JPG,3.18,3.18,3.2967474460601807,0.1167474460601805,0.1167474460601805
densenet121,side only,linear,228,59,photos/top_view_images/P3090569.JPG,photos/side_view_images/P3090925.JPG,4.24,4.24,4.132592678070068,-0.10740732192993185,0.10740732192993185
densenet121,side only,linear,229,60,photos/top_view_images/P3090570.JPG,photos/side_view_images/P3090926.JPG,1.06,1.06,0.8401825428009033,-0.21981745719909673,0.21981745719909673
densenet121,side only,linear,230,60,photos/top_view_images/P3090571.JPG,photos/side_view_images/P3090927.JPG,2.12,2.12,1.8096320629119873,-0.3103679370880128,0.3103679370880128
densenet121,side only,linear,231,60,photos/top_view_images/P3090572.JPG,photos/side_view_images/P3090928.JPG,3.18,3.18,3.0144267082214355,-0.1655732917785646,0.1655732917785646
densenet121,side only,linear,232,60,photos/top_view_images/P3090573.JPG,photos/side_view_images/P3090929.JPG,4.24,4.24,4.230717182159424,-0.009282817840576385,0.009282817840576385
densenet121,side only,linear,233,61,photos/top_view_images/P3090574.JPG,photos/side_view_images/P3090930.JPG,1.06,1.06,0.6400846242904663,-0.41991537570953374,0.41991537570953374
densenet121,side only,linear,234,61,photos/top_view_images/P3090575.JPG,photos/side_view_images/P3090931.JPG,2.12,2.12,1.67826247215271,-0.44173752784729015,0.44173752784729015
densenet121,side only,linear,235,61,photos/top_view_images/P3090576.JPG,photos/side_view_images/P3090932.JPG,3.18,3.18,2.4085566997528076,-0.7714433002471925,0.7714433002471925
densenet121,side only,linear,236,61,photos/top_view_images/P3090577.JPG,photos/side_view_images/P3090933.JPG,4.24,4.24,3.236811876296997,-1.0031881237030031,1.0031881237030031
densenet121,side only,linear,237,62,photos/top_view_images/P3090578.JPG,photos/side_view_images/P3090934.JPG,1.06,1.06,1.1458845138549805,0.08588451385498042,0.08588451385498042
densenet121,side only,linear,238,62,photos/top_view_images/P3090579.JPG,photos/side_view_images/P3090935.JPG,2.12,2.12,2.4823434352874756,0.3623434352874755,0.3623434352874755
densenet121,side only,linear,239,62,photos/top_view_images/P3090580.JPG,photos/side_view_images/P3090936.JPG,3.18,3.18,3.44122052192688,0.2612205219268797,0.2612205219268797
densenet121,side only,linear,240,62,photos/top_view_images/P3090581.JPG,photos/side_view_images/P3090937.JPG,4.24,4.24,4.972311019897461,0.7323110198974607,0.7323110198974607
densenet121,side only,linear,241,63,photos/top_view_images/P3090582.JPG,photos/side_view_images/P3090938.JPG,1.06,1.06,0.6850138902664185,-0.3749861097335816,0.3749861097335816
densenet121,side only,linear,242,63,photos/top_view_images/P3090583.JPG,photos/side_view_images/P3090939.JPG,3.18,3.18,2.9601376056671143,-0.2198623943328859,0.2198623943328859
densenet121,side only,linear,243,63,photos/top_view_images/P3090584.JPG,photos/side_view_images/P3090940.JPG,4.24,4.24,2.7169530391693115,-1.5230469608306887,1.5230469608306887
densenet121,side only,linear,244,64,photos/top_view_images/P3090585.JPG,photos/side_view_images/P3090941.JPG,1.06,1.06,1.7284992933273315,0.6684992933273315,0.6684992933273315
densenet121,side only,linear,245,64,photos/top_view_images/P3090586.JPG,photos/side_view_images/P3090942.JPG,2.12,2.12,2.356947660446167,0.23694766044616689,0.23694766044616689
densenet121,side only,linear,246,64,photos/top_view_images/P3090587.JPG,photos/side_view_images/P3090943.JPG,3.18,3.18,4.077341079711914,0.8973410797119139,0.8973410797119139
densenet121,side only,linear,247,64,photos/top_view_images/P3090588.JPG,photos/side_view_images/P3090944.JPG,4.24,4.24,4.4091691970825195,0.16916919708251932,0.16916919708251932
densenet121,side only,linear,248,65,photos/top_view_images/P3090589.JPG,photos/side_view_images/P3090945.JPG,1.06,1.06,0.82538902759552,-0.23461097240448003,0.23461097240448003
densenet121,side only,linear,249,65,photos/top_view_images/P3090590.JPG,photos/side_view_images/P3090946.JPG,2.12,2.12,2.017669916152954,-0.102330083847046,0.102330083847046
densenet121,side only,linear,250,65,photos/top_view_images/P3090591.JPG,photos/side_view_images/P3090947.JPG,3.18,3.18,2.94193959236145,-0.23806040763854996,0.23806040763854996
densenet121,side only,linear,251,65,photos/top_view_images/P3090592.JPG,photos/side_view_images/P3090948.JPG,4.24,4.24,3.939774990081787,-0.3002250099182131,0.3002250099182131
densenet121,side only,linear,252,66,photos/top_view_images/P3090593.JPG,photos/side_view_images/P3090949.JPG,1.06,1.06,0.874531626701355,-0.18546837329864507,0.18546837329864507
densenet121,side only,linear,253,66,photos/top_view_images/P3090594.JPG,photos/side_view_images/P3090950.JPG,2.12,2.12,2.0151846408843994,-0.10481535911560069,0.10481535911560069
densenet121,side only,linear,254,66,photos/top_view_images/P3090596.JPG,photos/side_view_images/P3090952.JPG,3.18,3.18,3.659170627593994,0.479170627593994,0.479170627593994
densenet121,side only,linear,255,66,photos/top_view_images/P3090597.JPG,photos/side_view_images/P3090953.JPG,4.24,4.24,3.884080648422241,-0.355919351577759,0.355919351577759
densenet121,side only,linear,256,67,photos/top_view_images/P3090598.JPG,photos/side_view_images/P3090954.JPG,1.06,1.06,0.4412076473236084,-0.6187923526763917,0.6187923526763917
densenet121,side only,linear,257,67,photos/top_view_images/P3090599.JPG,photos/side_view_images/P3090955.JPG,2.12,2.12,2.114213705062866,-0.005786294937133896,0.005786294937133896
densenet121,side only,linear,258,67,photos/top_view_images/P3090600.JPG,photos/side_view_images/P3090956.JPG,3.18,3.18,3.1092214584350586,-0.07077854156494157,0.07077854156494157
densenet121,side only,linear,259,67,photos/top_view_images/P3090601.JPG,photos/side_view_images/P3090957.JPG,4.24,4.24,3.723252296447754,-0.5167477035522463,0.5167477035522463
densenet121,side only,linear,260,68,photos/top_view_images/P3090602.JPG,photos/side_view_images/P3090958.JPG,1.06,1.06,1.1826739311218262,0.12267393112182612,0.12267393112182612
densenet121,side only,linear,261,68,photos/top_view_images/P3090603.JPG,photos/side_view_images/P3090959.JPG,2.12,2.12,1.7206745147705078,-0.3993254852294923,0.3993254852294923
densenet121,side only,linear,262,68,photos/top_view_images/P3090604.JPG,photos/side_view_images/P3090960.JPG,3.18,3.18,2.3588783740997314,-0.8211216259002687,0.8211216259002687
densenet121,side only,linear,263,68,photos/top_view_images/P3090605.JPG,photos/side_view_images/P3090961.JPG,4.24,4.24,3.428096294403076,-0.811903705596924,0.811903705596924
densenet121,side only,linear,264,69,photos/top_view_images/P3090606.JPG,photos/side_view_images/P3090962.JPG,1.06,1.06,1.402174472808838,0.34217447280883784,0.34217447280883784
densenet121,side only,linear,265,69,photos/top_view_images/P3090607.JPG,photos/side_view_images/P3090963.JPG,2.12,2.12,2.206260919570923,0.08626091957092274,0.08626091957092274
densenet121,side only,linear,266,69,photos/top_view_images/P3090608.JPG,photos/side_view_images/P3090964.JPG,3.18,3.18,3.1137547492980957,-0.06624525070190446,0.06624525070190446
densenet121,side only,linear,267,69,photos/top_view_images/P3090609.JPG,photos/side_view_images/P3090965.JPG,4.24,4.24,3.874462604522705,-0.36553739547729514,0.36553739547729514
densenet121,side only,linear,268,70,photos/top_view_images/P3090610.JPG,photos/side_view_images/P3090966.JPG,1.06,1.06,0.6612997055053711,-0.39870029449462896,0.39870029449462896
densenet121,side only,linear,269,70,photos/top_view_images/P3090612.JPG,photos/side_view_images/P3090967.JPG,2.12,2.12,1.6998720169067383,-0.4201279830932618,0.4201279830932618
densenet121,side only,linear,270,70,photos/top_view_images/P3090613.JPG,photos/side_view_images/P3090968.JPG,3.18,3.18,2.899693012237549,-0.28030698776245133,0.28030698776245133
densenet121,side only,linear,271,70,photos/top_view_images/P3090614.JPG,photos/side_view_images/P3090969.JPG,4.24,4.24,4.319854736328125,0.07985473632812479,0.07985473632812479
densenet121,side only,linear,272,71,photos/top_view_images/P3090615.JPG,photos/side_view_images/P3090970.JPG,1.06,1.06,1.6819274425506592,0.6219274425506591,0.6219274425506591
densenet121,side only,linear,273,71,photos/top_view_images/P3090616.JPG,photos/side_view_images/P3090971.JPG,2.12,2.12,2.634533166885376,0.5145331668853759,0.5145331668853759
densenet121,side only,linear,274,71,photos/top_view_images/P3090617.JPG,photos/side_view_images/P3090972.JPG,3.18,3.18,3.3404040336608887,0.1604040336608885,0.1604040336608885
densenet121,side only,linear,275,71,photos/top_view_images/P3090618.JPG,photos/side_view_images/P3090973.JPG,4.24,4.24,4.711353302001953,0.4713533020019529,0.4713533020019529
densenet121,side only,linear,276,72,photos/top_view_images/P3090619.JPG,photos/side_view_images/P3090974.JPG,1.06,1.06,0.7215366363525391,-0.338463363647461,0.338463363647461
densenet121,side only,linear,277,72,photos/top_view_images/P3090620.JPG,photos/side_view_images/P3090975.JPG,2.12,2.12,1.8816211223602295,-0.23837887763977061,0.23837887763977061
densenet121,side only,linear,278,72,photos/top_view_images/P3090621.JPG,photos/side_view_images/P3090976.JPG,3.18,3.18,2.650294303894043,-0.5297056961059572,0.5297056961059572
densenet121,side only,linear,279,72,photos/top_view_images/P3090622.JPG,photos/side_view_images/P3090977.JPG,4.24,4.24,3.0663671493530273,-1.1736328506469729,1.1736328506469729
densenet121,side only,linear,280,73,photos/top_view_images/P3090623.JPG,photos/side_view_images/P3090978.JPG,1.06,1.06,1.6369777917861938,0.5769777917861938,0.5769777917861938
densenet121,side only,linear,281,73,photos/top_view_images/P3090624.JPG,photos/side_view_images/P3090979.JPG,2.12,2.12,2.461106061935425,0.3411060619354247,0.3411060619354247
densenet121,side only,linear,282,73,photos/top_view_images/P3090625.JPG,photos/side_view_images/P3090980.JPG,3.18,3.18,2.834808349609375,-0.34519165039062516,0.34519165039062516
densenet121,side only,linear,283,73,photos/top_view_images/P3090626.JPG,photos/side_view_images/P3090981.JPG,4.24,4.24,4.090306758880615,-0.14969324111938498,0.14969324111938498
densenet121,side only,linear,284,74,photos/top_view_images/P3090627.JPG,photos/side_view_images/P3090982.JPG,1.06,1.06,1.1626038551330566,0.10260385513305659,0.10260385513305659
densenet121,side only,linear,285,74,photos/top_view_images/P3090628.JPG,photos/side_view_images/P3090983.JPG,2.12,2.12,2.51849365234375,0.3984936523437499,0.3984936523437499
densenet121,side only,linear,286,74,photos/top_view_images/P3090629.JPG,photos/side_view_images/P3090984.JPG,3.18,3.18,2.9247541427612305,-0.2552458572387697,0.2552458572387697
densenet121,side only,linear,287,74,photos/top_view_images/P3090630.JPG,photos/side_view_images/P3090985.JPG,4.24,4.24,4.660636901855469,0.42063690185546854,0.42063690185546854
densenet121,side only,linear,288,75,photos/top_view_images/P3100631.JPG,photos/side_view_images/P3100986.JPG,1.06,1.06,0.19591760635375977,-0.8640823936462403,0.8640823936462403
densenet121,side only,linear,289,75,photos/top_view_images/P3100632.JPG,photos/side_view_images/P3100987.JPG,2.12,2.12,1.6657395362854004,-0.4542604637145997,0.4542604637145997
densenet121,side only,linear,290,75,photos/top_view_images/P3100633.JPG,photos/side_view_images/P3100988.JPG,3.18,3.18,3.396994113922119,0.21699411392211898,0.21699411392211898
densenet121,side only,linear,291,75,photos/top_view_images/P3100634.JPG,photos/side_view_images/P3100989.JPG,4.24,4.24,3.4867429733276367,-0.7532570266723635,0.7532570266723635
densenet121,side only,linear,292,76,photos/top_view_images/P3100635.JPG,photos/side_view_images/P3100990.JPG,1.06,1.06,1.3644912242889404,0.3044912242889404,0.3044912242889404
densenet121,side only,linear,293,76,photos/top_view_images/P3100636.JPG,photos/side_view_images/P3100991.JPG,2.12,2.12,1.9718914031982422,-0.14810859680175792,0.14810859680175792
densenet121,side only,linear,294,76,photos/top_view_images/P3100637.JPG,photos/side_view_images/P3100992.JPG,3.18,3.18,3.221048355102539,0.0410483551025389,0.0410483551025389
densenet121,side only,linear,295,76,photos/top_view_images/P3100638.JPG,photos/side_view_images/P3100993.JPG,4.24,4.24,3.614781379699707,-0.6252186203002932,0.6252186203002932
densenet121,side only,linear,296,77,photos/top_view_images/P3100639.JPG,photos/side_view_images/P3100994.JPG,1.06,1.06,1.4717284440994263,0.4117284440994262,0.4117284440994262
densenet121,side only,linear,297,77,photos/top_view_images/P3100640.JPG,photos/side_view_images/P3100995.JPG,2.12,2.12,1.7263984680175781,-0.393601531982422,0.393601531982422
densenet121,side only,linear,298,77,photos/top_view_images/P3100641.JPG,photos/side_view_images/P3100996.JPG,3.18,3.18,2.522077798843384,-0.6579222011566164,0.6579222011566164
densenet121,side only,linear,299,78,photos/top_view_images/P3100643.JPG,photos/side_view_images/P3100997.JPG,1.06,1.06,1.3341307640075684,0.2741307640075683,0.2741307640075683
densenet121,side only,linear,300,78,photos/top_view_images/P3100644.JPG,photos/side_view_images/P3100998.JPG,2.12,2.12,1.7995716333389282,-0.3204283666610719,0.3204283666610719
densenet121,side only,linear,301,78,photos/top_view_images/P3100645.JPG,photos/side_view_images/P3100999.JPG,3.18,3.18,2.862413167953491,-0.31758683204650895,0.31758683204650895
densenet121,side only,linear,302,78,photos/top_view_images/P3100646.JPG,photos/side_view_images/P3101000.JPG,4.24,4.24,4.175457000732422,-0.06454299926757834,0.06454299926757834
densenet121,side only,linear,303,79,photos/top_view_images/P3100647.JPG,photos/side_view_images/P3101001.JPG,1.06,1.06,0.772418737411499,-0.28758126258850103,0.28758126258850103
densenet121,side only,linear,304,79,photos/top_view_images/P3100648.JPG,photos/side_view_images/P3101002.JPG,2.12,2.12,1.6554501056671143,-0.46454989433288585,0.46454989433288585
densenet121,side only,linear,305,79,photos/top_view_images/P3100649.JPG,photos/side_view_images/P3101003.JPG,3.18,3.18,3.4375805854797363,0.25758058547973617,0.25758058547973617
densenet121,side only,linear,306,80,photos/top_view_images/P3100650.JPG,photos/side_view_images/P3101004.JPG,1.06,1.06,0.5414304733276367,-0.5185695266723633,0.5185695266723633
densenet121,side only,linear,307,80,photos/top_view_images/P3100651.JPG,photos/side_view_images/P3101005.JPG,2.12,2.12,2.3965399265289307,0.27653992652893056,0.27653992652893056
densenet121,side only,linear,308,80,photos/top_view_images/P3100652.JPG,photos/side_view_images/P3101006.JPG,3.18,3.18,3.011402130126953,-0.16859786987304703,0.16859786987304703
densenet121,side only,linear,309,80,photos/top_view_images/P3100653.JPG,photos/side_view_images/P3101007.JPG,4.24,4.24,3.68668794631958,-0.5533120536804201,0.5533120536804201
densenet121,side only,linear,310,81,photos/top_view_images/P3100654.JPG,photos/side_view_images/P3101008.JPG,1.06,1.06,1.291440725326538,0.23144072532653803,0.23144072532653803
densenet121,side only,linear,311,81,photos/top_view_images/P3100655.JPG,photos/side_view_images/P3101009.JPG,2.12,2.12,1.434056043624878,-0.6859439563751222,0.6859439563751222
densenet121,side only,linear,312,81,photos/top_view_images/P3100656.JPG,photos/side_view_images/P3101010.JPG,3.18,3.18,2.5117814540863037,-0.6682185459136964,0.6682185459136964
densenet121,side only,linear,313,81,photos/top_view_images/P3100657.JPG,photos/side_view_images/P3101011.JPG,4.24,4.24,3.9604759216308594,-0.27952407836914084,0.27952407836914084
densenet121,side only,linear,314,82,photos/top_view_images/P3120658.JPG,photos/side_view_images/P3121012.JPG,1.06,1.06,1.3180445432662964,0.25804454326629633,0.25804454326629633
densenet121,side only,linear,315,82,photos/top_view_images/P3120659.JPG,photos/side_view_images/P3121013.JPG,2.12,2.12,2.913609743118286,0.793609743118286,0.793609743118286
densenet121,side only,linear,316,82,photos/top_view_images/P3120660.JPG,photos/side_view_images/P3121014.JPG,3.18,3.18,3.7596774101257324,0.5796774101257323,0.5796774101257323
densenet121,side only,linear,317,82,photos/top_view_images/P3120661.JPG,photos/side_view_images/P3121015.JPG,4.24,4.24,4.599771499633789,0.35977149963378885,0.35977149963378885
densenet121,side only,linear,318,83,photos/top_view_images/P3120662.JPG,photos/side_view_images/P3121016.JPG,1.06,1.06,1.1301552057266235,0.07015520572662348,0.07015520572662348
densenet121,side only,linear,319,83,photos/top_view_images/P3120663.JPG,photos/side_view_images/P3121017.JPG,2.12,2.12,2.6152443885803223,0.49524438858032216,0.49524438858032216
densenet121,side only,linear,320,83,photos/top_view_images/P3120664.JPG,photos/side_view_images/P3121018.JPG,3.18,3.18,3.7483925819396973,0.5683925819396971,0.5683925819396971
densenet121,side only,linear,321,83,photos/top_view_images/P3120665.JPG,photos/side_view_images/P3121019.JPG,4.24,4.24,4.734488487243652,0.49448848724365213,0.49448848724365213
densenet121,side only,linear,322,84,photos/top_view_images/P3120666.JPG,photos/side_view_images/P3121020.JPG,1.06,1.06,1.6132901906967163,0.5532901906967163,0.5532901906967163
densenet121,side only,linear,323,84,photos/top_view_images/P3120667.JPG,photos/side_view_images/P3121021.JPG,2.12,2.12,2.463097095489502,0.34309709548950185,0.34309709548950185
densenet121,side only,linear,324,84,photos/top_view_images/P3120668.JPG,photos/side_view_images/P3121022.JPG,3.18,3.18,3.4295058250427246,0.24950582504272445,0.24950582504272445
densenet121,side only,linear,325,84,photos/top_view_images/P3120669.JPG,photos/side_view_images/P3121023.JPG,4.24,4.24,4.212403774261475,-0.027596225738525604,0.027596225738525604
densenet121,side only,linear,326,85,photos/top_view_images/P3120670.JPG,photos/side_view_images/P3121024.JPG,1.06,1.06,1.3937125205993652,0.3337125205993652,0.3337125205993652
densenet121,side only,linear,327,85,photos/top_view_images/P3120671.JPG,photos/side_view_images/P3121025.JPG,2.12,2.12,2.661137104034424,0.5411371040344237,0.5411371040344237
densenet121,side only,linear,328,85,photos/top_view_images/P3120672.JPG,photos/side_view_images/P3121026.JPG,3.18,3.18,3.8530631065368652,0.6730631065368651,0.6730631065368651
densenet121,side only,linear,329,85,photos/top_view_images/P3120673.JPG,photos/side_view_images/P3121027.JPG,4.24,4.24,3.984910011291504,-0.2550899887084963,0.2550899887084963
densenet121,side only,linear,330,86,photos/top_view_images/P3120674.JPG,photos/side_view_images/P3121028.JPG,1.06,1.06,1.330207109451294,0.2702071094512939,0.2702071094512939
densenet121,side only,linear,331,86,photos/top_view_images/P3120675.JPG,photos/side_view_images/P3121029.JPG,2.12,2.12,2.116028308868408,-0.0039716911315919035,0.0039716911315919035
densenet121,side only,linear,332,86,photos/top_view_images/P3120676.JPG,photos/side_view_images/P3121030.JPG,3.18,3.18,3.537073850631714,0.3570738506317137,0.3570738506317137
densenet121,side only,linear,333,86,photos/top_view_images/P3120677.JPG,photos/side_view_images/P3121031.JPG,4.24,4.24,4.21693754196167,-0.02306245803833029,0.02306245803833029
densenet121,side only,linear,334,87,photos/top_view_images/P3120678.JPG,photos/side_view_images/P3121032.JPG,1.06,1.06,0.936194658279419,-0.12380534172058111,0.12380534172058111
densenet121,side only,linear,335,87,photos/top_view_images/P3120679.JPG,photos/side_view_images/P3121033.JPG,2.12,2.12,2.4482996463775635,0.32829964637756337,0.32829964637756337
densenet121,side only,linear,336,87,photos/top_view_images/P3120680.JPG,photos/side_view_images/P3121034.JPG,3.18,3.18,3.169043779373169,-0.010956220626831215,0.010956220626831215
densenet121,side only,linear,337,87,photos/top_view_images/P3120681.JPG,photos/side_view_images/P3121035.JPG,4.24,4.24,4.146140098571777,-0.09385990142822287,0.09385990142822287
densenet121,side only,linear,338,88,photos/top_view_images/P3120682.JPG,photos/side_view_images/P3121036.JPG,1.06,1.06,1.4315648078918457,0.37156480789184565,0.37156480789184565
densenet121,side only,linear,339,88,photos/top_view_images/P3120683.JPG,photos/side_view_images/P3121037.JPG,2.12,2.12,1.7149924039840698,-0.4050075960159303,0.4050075960159303
densenet121,side only,linear,340,88,photos/top_view_images/P3120684.JPG,photos/side_view_images/P3121038.JPG,3.18,3.18,3.061353921890259,-0.11864607810974137,0.11864607810974137
densenet121,side only,linear,341,88,photos/top_view_images/P3120685.JPG,photos/side_view_images/P3121039.JPG,4.24,4.24,3.5524473190307617,-0.6875526809692385,0.6875526809692385
densenet121,side only,linear,342,89,photos/top_view_images/P3120686.JPG,photos/side_view_images/P3121040.JPG,1.06,1.06,0.9909930229187012,-0.06900697708129888,0.06900697708129888
densenet121,side only,linear,343,89,photos/top_view_images/P3120687.JPG,photos/side_view_images/P3121041.JPG,2.12,2.12,1.9202208518981934,-0.19977914810180675,0.19977914810180675
densenet121,side only,linear,344,89,photos/top_view_images/P3120688.JPG,photos/side_view_images/P3121042.JPG,3.18,3.18,2.9111766815185547,-0.2688233184814455,0.2688233184814455
densenet121,side only,linear,345,89,photos/top_view_images/P3120689.JPG,photos/side_view_images/P3121043.JPG,4.24,4.24,4.096382141113281,-0.14361785888671896,0.14361785888671896
densenet121,side only,linear,346,90,photos/top_view_images/P3120690.JPG,photos/side_view_images/P3121044.JPG,1.06,1.06,1.2960125207901,0.23601252079010004,0.23601252079010004
densenet121,side only,linear,347,90,photos/top_view_images/P3120691.JPG,photos/side_view_images/P3121045.JPG,2.12,2.12,2.4805638790130615,0.3605638790130614,0.3605638790130614
densenet121,side only,linear,348,90,photos/top_view_images/P3120692.JPG,photos/side_view_images/P3121046.JPG,3.18,3.18,3.5274319648742676,0.3474319648742674,0.3474319648742674
densenet121,side only,linear,349,90,photos/top_view_images/P3120693.JPG,photos/side_view_images/P3121047.JPG,4.24,4.24,4.629178047180176,0.38917804718017557,0.38917804718017557
densenet121,side only,linear,350,91,photos/top_view_images/P3120694.JPG,photos/side_view_images/P3121048.JPG,1.06,1.06,1.386373519897461,0.3263735198974609,0.3263735198974609
densenet121,side only,linear,351,91,photos/top_view_images/P3120695.JPG,photos/side_view_images/P3121049.JPG,2.12,2.12,1.7022331953048706,-0.4177668046951295,0.4177668046951295
densenet121,side only,linear,352,91,photos/top_view_images/P3120696.JPG,photos/side_view_images/P3121050.JPG,3.18,3.18,2.8741579055786133,-0.3058420944213869,0.3058420944213869
densenet121,side only,linear,353,91,photos/top_view_images/P3120697.JPG,photos/side_view_images/P3121051.JPG,4.24,4.24,3.4814722537994385,-0.7585277462005617,0.7585277462005617
densenet121,side only,linear,354,92,photos/top_view_images/P3120698.JPG,photos/side_view_images/P3121052.JPG,1.06,1.06,0.7013218402862549,-0.35867815971374517,0.35867815971374517
densenet121,side only,linear,355,92,photos/top_view_images/P3120699.JPG,photos/side_view_images/P3121053.JPG,2.12,2.12,2.832834243774414,0.712834243774414,0.712834243774414
densenet121,side only,linear,356,92,photos/top_view_images/P3120700.JPG,photos/side_view_images/P3121054.JPG,3.18,3.18,3.150580644607544,-0.029419355392456215,0.029419355392456215
densenet121,side only,linear,357,92,photos/top_view_images/P3120701.JPG,photos/side_view_images/P3121055.JPG,4.24,4.24,4.2698774337768555,0.029877433776855256,0.029877433776855256
densenet121,side only,linear,358,93,photos/top_view_images/P3120702.JPG,photos/side_view_images/P3121056.JPG,1.06,1.06,1.2365002632141113,0.17650026321411127,0.17650026321411127
densenet121,side only,linear,359,93,photos/top_view_images/P3120703.JPG,photos/side_view_images/P3121057.JPG,2.12,2.12,1.9230306148529053,-0.19696938514709483,0.19696938514709483
densenet121,side only,linear,360,93,photos/top_view_images/P3120704.JPG,photos/side_view_images/P3121058.JPG,3.18,3.18,2.91499400138855,-0.26500599861145036,0.26500599861145036
densenet121,side only,linear,361,93,photos/top_view_images/P3120705.JPG,photos/side_view_images/P3121059.JPG,4.24,4.24,4.3116679191589355,0.07166791915893533,0.07166791915893533
densenet121,side only,linear,362,94,photos/top_view_images/P3120706.JPG,photos/side_view_images/P3121060.JPG,1.06,1.06,1.4042842388153076,0.34428423881530756,0.34428423881530756
densenet121,side only,linear,363,94,photos/top_view_images/P3120707.JPG,photos/side_view_images/P3121061.JPG,2.12,2.12,2.1196389198303223,-0.00036108016967784096,0.00036108016967784096
densenet121,side only,linear,364,94,photos/top_view_images/P3120708.JPG,photos/side_view_images/P3121062.JPG,3.18,3.18,2.500910520553589,-0.6790894794464113,0.6790894794464113
densenet121,side only,linear,365,94,photos/top_view_images/P3120709.JPG,photos/side_view_images/P3121063.JPG,4.24,4.24,4.164323329925537,-0.0756766700744631,0.0756766700744631
densenet121,side only,linear,366,95,photos/top_view_images/P3120710.JPG,photos/side_view_images/P3121064.JPG,1.06,1.06,1.0500249862670898,-0.00997501373291021,0.00997501373291021
densenet121,side only,linear,367,95,photos/top_view_images/P3120711.JPG,photos/side_view_images/P3121065.JPG,2.12,2.12,2.6190242767333984,0.49902427673339833,0.49902427673339833
densenet121,side only,linear,368,95,photos/top_view_images/P3120712.JPG,photos/side_view_images/P3121066.JPG,3.18,3.18,3.6796979904174805,0.4996979904174803,0.4996979904174803
densenet121,side only,linear,369,95,photos/top_view_images/P3120713.JPG,photos/side_view_images/P3121067.JPG,4.24,4.24,4.693243026733398,0.4532430267333982,0.4532430267333982
densenet121,side only,linear,370,96,photos/top_view_images/P3130714.JPG,photos/side_view_images/P3131068.JPG,1.06,1.06,1.501847505569458,0.44184750556945795,0.44184750556945795
densenet121,side only,linear,371,96,photos/top_view_images/P3130715.JPG,photos/side_view_images/P3131069.JPG,2.12,2.12,2.701568126678467,0.5815681266784667,0.5815681266784667
densenet121,side only,linear,372,96,photos/top_view_images/P3130716.JPG,photos/side_view_images/P3131070.JPG,3.18,3.18,4.233296871185303,1.0532968711853026,1.0532968711853026
densenet121,side only,linear,373,96,photos/top_view_images/P3130717.JPG,photos/side_view_images/P3131071.JPG,4.24,4.24,5.115131855010986,0.8751318550109861,0.8751318550109861
densenet121,side only,linear,374,97,photos/top_view_images/P3130718.JPG,photos/side_view_images/P3131072.JPG,1.06,1.06,1.0954270362854004,0.03542703628540034,0.03542703628540034
densenet121,side only,linear,375,97,photos/top_view_images/P3130719.JPG,photos/side_view_images/P3131073.JPG,2.12,2.12,2.860434055328369,0.740434055328369,0.740434055328369
densenet121,side only,linear,376,97,photos/top_view_images/P3130720.JPG,photos/side_view_images/P3131074.JPG,3.18,3.18,3.2591004371643066,0.07910043716430648,0.07910043716430648
densenet121,side only,linear,377,97,photos/top_view_images/P3130721.JPG,photos/side_view_images/P3131075.JPG,4.24,4.24,4.172056674957275,-0.06794332504272482,0.06794332504272482
densenet121,side only,linear,378,98,photos/top_view_images/P3130722.JPG,photos/side_view_images/P3131076.JPG,1.06,1.06,0.8170672655105591,-0.24293273448944097,0.24293273448944097
densenet121,side only,linear,379,98,photos/top_view_images/P3130723.JPG,photos/side_view_images/P3131077.JPG,2.12,2.12,1.9596595764160156,-0.16034042358398448,0.16034042358398448
densenet121,side only,linear,380,98,photos/top_view_images/P3130724.JPG,photos/side_view_images/P3131078.JPG,3.18,3.18,2.926055669784546,-0.25394433021545426,0.25394433021545426
densenet121,side only,linear,381,98,photos/top_view_images/P3130725.JPG,photos/side_view_images/P3131079.JPG,4.24,4.24,4.369515419006348,0.12951541900634744,0.12951541900634744
densenet121,side only,linear,382,99,photos/top_view_images/P3130726.JPG,photos/side_view_images/P3131080.JPG,1.06,1.06,0.949439525604248,-0.110560474395752,0.110560474395752
densenet121,side only,linear,383,99,photos/top_view_images/P3130727.JPG,photos/side_view_images/P3131081.JPG,2.12,2.12,2.2751352787017822,0.15513527870178212,0.15513527870178212
densenet121,side only,linear,384,99,photos/top_view_images/P3130728.JPG,photos/side_view_images/P3131082.JPG,3.18,3.18,3.0165226459503174,-0.16347735404968278,0.16347735404968278
densenet121,side only,linear,385,99,photos/top_view_images/P3130729.JPG,photos/side_view_images/P3131083.JPG,4.24,4.24,3.5872268676757812,-0.652773132324219,0.652773132324219
densenet121,side only,linear,386,100,photos/top_view_images/P3130730.JPG,photos/side_view_images/P3131084.JPG,1.06,1.06,0.7546776533126831,-0.30532234668731695,0.30532234668731695
densenet121,side only,linear,387,100,photos/top_view_images/P3130731.JPG,photos/side_view_images/P3131085.JPG,2.12,2.12,2.229156017303467,0.10915601730346669,0.10915601730346669
densenet121,side only,linear,388,100,photos/top_view_images/P3130732.JPG,photos/side_view_images/P3131086.JPG,3.18,3.18,3.540515422821045,0.36051542282104476,0.36051542282104476
densenet121,side only,linear,389,100,photos/top_view_images/P3130733.JPG,photos/side_view_images/P3131087.JPG,4.24,4.24,4.509346961975098,0.26934696197509744,0.26934696197509744
densenet121,side only,linear,390,101,photos/top_view_images/P3130734.JPG,photos/side_view_images/P3131088.JPG,1.06,1.06,0.378948450088501,-0.6810515499114991,0.6810515499114991
densenet121,side only,linear,391,101,photos/top_view_images/P3130735.JPG,photos/side_view_images/P3131089.JPG,2.12,2.12,2.534560441970825,0.4145604419708251,0.4145604419708251
densenet121,side only,linear,392,101,photos/top_view_images/P3130736.JPG,photos/side_view_images/P3131090.JPG,3.18,3.18,3.434783935546875,0.25478393554687484,0.25478393554687484
densenet121,side only,linear,393,102,photos/top_view_images/P3130737.JPG,photos/side_view_images/P3131091.JPG,1.06,1.06,0.7283493280410767,-0.3316506719589234,0.3316506719589234
densenet121,side only,linear,394,102,photos/top_view_images/P3130738.JPG,photos/side_view_images/P3131092.JPG,2.12,2.12,1.8631900548934937,-0.25680994510650645,0.25680994510650645
densenet121,side only,linear,395,102,photos/top_view_images/P3130739.JPG,photos/side_view_images/P3131093.JPG,3.18,3.18,2.869687557220459,-0.3103124427795412,0.3103124427795412
densenet121,side only,linear,396,102,photos/top_view_images/P3130740.JPG,photos/side_view_images/P3131094.JPG,4.24,4.24,4.14445161819458,-0.09554838180542014,0.09554838180542014
densenet121,side only,linear,397,103,photos/top_view_images/P3130741.JPG,photos/side_view_images/P3131095.JPG,1.06,1.06,0.8928167819976807,-0.1671832180023194,0.1671832180023194
densenet121,side only,linear,398,103,photos/top_view_images/P3130742.JPG,photos/side_view_images/P3131096.JPG,2.12,2.12,2.7296247482299805,0.6096247482299804,0.6096247482299804
densenet121,side only,linear,399,103,photos/top_view_images/P3130743.JPG,photos/side_view_images/P3131097.JPG,3.18,3.18,2.8916006088256836,-0.28839939117431657,0.28839939117431657
densenet121,side only,linear,400,103,photos/top_view_images/P3130744.JPG,photos/side_view_images/P3131098.JPG,4.24,4.24,4.06113338470459,-0.17886661529541037,0.17886661529541037
densenet121,side only,linear,401,104,photos/top_view_images/P3130745.JPG,photos/side_view_images/P3131099.JPG,1.06,1.06,0.7554003000259399,-0.3045996999740601,0.3045996999740601
densenet121,side only,linear,402,104,photos/top_view_images/P3130746.JPG,photos/side_view_images/P3131100.JPG,2.12,2.12,2.0548529624938965,-0.06514703750610362,0.06514703750610362
densenet121,side only,linear,403,104,photos/top_view_images/P3130747.JPG,photos/side_view_images/P3131101.JPG,3.18,3.18,3.2531380653381348,0.0731380653381346,0.0731380653381346
densenet121,side only,linear,404,104,photos/top_view_images/P3130748.JPG,photos/side_view_images/P3131102.JPG,4.24,4.24,4.431144714355469,0.19114471435546854,0.19114471435546854
densenet121,side only,linear,405,105,photos/top_view_images/P3130749.JPG,photos/side_view_images/P3131103.JPG,1.06,1.06,1.1109848022460938,0.0509848022460937,0.0509848022460937
densenet121,side only,linear,406,105,photos/top_view_images/P3130750.JPG,photos/side_view_images/P3131104.JPG,2.12,2.12,2.734050750732422,0.6140507507324218,0.6140507507324218
densenet121,side only,linear,407,105,photos/top_view_images/P3130751.JPG,photos/side_view_images/P3131105.JPG,3.18,3.18,3.289959669113159,0.10995966911315902,0.10995966911315902
densenet121,side only,linear,408,105,photos/top_view_images/P3130752.JPG,photos/side_view_images/P3131106.JPG,4.24,4.24,3.800117254257202,-0.43988274574279806,0.43988274574279806
densenet121,side only,linear,409,106,photos/top_view_images/P3130753.JPG,photos/side_view_images/P3131107.JPG,1.06,1.06,0.579035758972168,-0.4809642410278321,0.4809642410278321
densenet121,side only,linear,410,106,photos/top_view_images/P3130754.JPG,photos/side_view_images/P3131108.JPG,2.12,2.12,1.674851417541504,-0.4451485824584962,0.4451485824584962
densenet121,side only,linear,411,106,photos/top_view_images/P3130755.JPG,photos/side_view_images/P3131109.JPG,3.18,3.18,2.4013302326202393,-0.7786697673797609,0.7786697673797609
densenet121,side only,linear,412,106,photos/top_view_images/P3130756.JPG,photos/side_view_images/P3131110.JPG,4.24,4.24,3.8329718112945557,-0.40702818870544455,0.40702818870544455
densenet121,side only,linear,413,107,photos/top_view_images/P3130757.JPG,photos/side_view_images/P3131111.JPG,1.06,1.06,0.7018961906433105,-0.3581038093566895,0.3581038093566895
densenet121,side only,linear,414,107,photos/top_view_images/P3130758.JPG,photos/side_view_images/P3131112.JPG,2.12,2.12,2.0527470111846924,-0.06725298881530772,0.06725298881530772
densenet121,side only,linear,415,107,photos/top_view_images/P3130759.JPG,photos/side_view_images/P3131113.JPG,3.18,3.18,2.7729382514953613,-0.40706174850463883,0.40706174850463883
densenet121,side only,linear,416,107,photos/top_view_images/P3130760.JPG,photos/side_view_images/P3131114.JPG,4.24,4.24,3.522160053253174,-0.7178399467468264,0.7178399467468264
densenet121,side only,linear,417,108,photos/top_view_images/P2090065.JPG,photos/side_view_images/P2090150.JPG,0.0,0.0,-0.3541598320007324,-0.3541598320007324,0.3541598320007324
densenet121,side only,linear,418,109,photos/top_view_images/P2160216.JPG,photos/side_view_images/P2160516.JPG,0.0,0.0,-0.2825906276702881,-0.2825906276702881,0.2825906276702881
densenet121,side only,linear,419,110,photos/top_view_images/P3100642.JPG,photos/side_view_images/P2020002.JPG,0.0,0.0,-0.46854376792907715,-0.46854376792907715,0.46854376792907715
densenet121,side only,ridge,0,1,photos/top_view_images/P2260331.JPG,photos/side_view_images/P2260685.JPG,1.06,1.06,1.5279651880264282,0.46796518802642817,0.46796518802642817
densenet121,side only,ridge,1,1,photos/top_view_images/P2260332.JPG,photos/side_view_images/P2260686.JPG,2.12,2.12,2.38126540184021,0.26126540184020985,0.26126540184020985
densenet121,side only,ridge,2,1,photos/top_view_images/P2260333.JPG,photos/side_view_images/P2260687.JPG,3.18,3.18,3.2281723022460938,0.04817230224609359,0.04817230224609359
densenet121,side only,ridge,3,1,photos/top_view_images/P2260334.JPG,photos/side_view_images/P2260688.JPG,4.24,4.24,4.051652431488037,-0.1883475685119631,0.1883475685119631
densenet121,side only,ridge,4,2,photos/top_view_images/P2260335.JPG,photos/side_view_images/P2260689.JPG,1.06,1.06,0.9278652667999268,-0.1321347332000733,0.1321347332000733
densenet121,side only,ridge,5,2,photos/top_view_images/P2260336.JPG,photos/side_view_images/P2260690.JPG,2.12,2.12,1.675549864768982,-0.4444501352310182,0.4444501352310182
densenet121,side only,ridge,6,2,photos/top_view_images/P2260337.JPG,photos/side_view_images/P2260692.JPG,3.18,3.18,2.977261781692505,-0.20273821830749528,0.20273821830749528
densenet121,side only,ridge,7,2,photos/top_view_images/P2260339.JPG,photos/side_view_images/P2260693.JPG,4.24,4.24,3.668266773223877,-0.5717332267761233,0.5717332267761233
densenet121,side only,ridge,8,3,photos/top_view_images/P2260340.JPG,photos/side_view_images/P2260694.JPG,1.06,1.06,1.2570230960845947,0.19702309608459467,0.19702309608459467
densenet121,side only,ridge,9,3,photos/top_view_images/P2260341.JPG,photos/side_view_images/P2260695.JPG,2.12,2.12,2.447814464569092,0.3278144645690917,0.3278144645690917
densenet121,side only,ridge,10,3,photos/top_view_images/P2260342.JPG,photos/side_view_images/P2260696.JPG,3.18,3.18,3.1464765071868896,-0.03352349281311051,0.03352349281311051
densenet121,side only,ridge,11,3,photos/top_view_images/P2260343.JPG,photos/side_view_images/P2260697.JPG,4.24,4.24,4.133562088012695,-0.1064379119873049,0.1064379119873049
densenet121,side only,ridge,12,4,photos/top_view_images/P2260345.JPG,photos/side_view_images/P2260699.JPG,1.06,1.06,0.7947831153869629,-0.26521688461303716,0.26521688461303716
densenet121,side only,ridge,13,4,photos/top_view_images/P2260346.JPG,photos/side_view_images/P2260700.JPG,2.12,2.12,1.7575515508651733,-0.36244844913482677,0.36244844913482677
densenet121,side only,ridge,14,4,photos/top_view_images/P2260347.JPG,photos/side_view_images/P2260701.JPG,3.18,3.18,2.5298240184783936,-0.6501759815216066,0.6501759815216066
densenet121,side only,ridge,15,4,photos/top_view_images/P2260348.JPG,photos/side_view_images/P2260702.JPG,4.24,4.24,3.4531595706939697,-0.7868404293060305,0.7868404293060305
densenet121,side only,ridge,16,5,photos/top_view_images/P2260349.JPG,photos/side_view_images/P2260703.JPG,1.06,1.06,1.7340762615203857,0.6740762615203857,0.6740762615203857
densenet121,side only,ridge,17,5,photos/top_view_images/P2260350.JPG,photos/side_view_images/P2260704.JPG,2.12,2.12,2.385342597961426,0.2653425979614257,0.2653425979614257
densenet121,side only,ridge,18,5,photos/top_view_images/P2260351.JPG,photos/side_view_images/P2260705.JPG,3.18,3.18,3.287437915802002,0.1074379158020018,0.1074379158020018
densenet121,side only,ridge,19,5,photos/top_view_images/P2260352.JPG,photos/side_view_images/P2260706.JPG,4.24,4.24,4.679369926452637,0.4393699264526365,0.4393699264526365
densenet121,side only,ridge,20,6,photos/top_view_images/P2270353.JPG,photos/side_view_images/P2270707.JPG,1.06,1.06,1.7893680334091187,0.7293680334091186,0.7293680334091186
densenet121,side only,ridge,21,6,photos/top_view_images/P2270354.JPG,photos/side_view_images/P2270708.JPG,2.12,2.12,2.730947971343994,0.610947971343994,0.610947971343994
densenet121,side only,ridge,22,6,photos/top_view_images/P2270355.JPG,photos/side_view_images/P2270709.JPG,3.18,3.18,3.495689868927002,0.3156898689270018,0.3156898689270018
densenet121,side only,ridge,23,6,photos/top_view_images/P2270356.JPG,photos/side_view_images/P2270710.JPG,4.24,4.24,4.550693035125732,0.3106930351257322,0.3106930351257322
densenet121,side only,ridge,24,7,photos/top_view_images/P2270357.JPG,photos/side_view_images/P2270712.JPG,1.06,1.06,1.3151724338531494,0.25517243385314936,0.25517243385314936
densenet121,side only,ridge,25,7,photos/top_view_images/P2270358.JPG,photos/side_view_images/P2270713.JPG,2.12,2.12,2.208437442779541,0.08843744277954091,0.08843744277954091
densenet121,side only,ridge,26,7,photos/top_view_images/P2270359.JPG,photos/side_view_images/P2270714.JPG,3.18,3.18,3.0665547847747803,-0.11344521522521989,0.11344521522521989
densenet121,side only,ridge,27,7,photos/top_view_images/P2270360.JPG,photos/side_view_images/P2270715.JPG,4.24,4.24,4.102100372314453,-0.1378996276855471,0.1378996276855471
densenet121,side only,ridge,28,8,photos/top_view_images/P2270361.JPG,photos/side_view_images/P2270716.JPG,1.06,1.06,0.9936504364013672,-0.06634956359863287,0.06634956359863287
densenet121,side only,ridge,29,8,photos/top_view_images/P2270362.JPG,photos/side_view_images/P2270717.JPG,2.12,2.12,2.0979862213134766,-0.022013778686523544,0.022013778686523544
densenet121,side only,ridge,30,8,photos/top_view_images/P2270363.JPG,photos/side_view_images/P2270718.JPG,3.18,3.18,2.9238648414611816,-0.2561351585388185,0.2561351585388185
densenet121,side only,ridge,31,8,photos/top_view_images/P2270364.JPG,photos/side_view_images/P2270719.JPG,4.24,4.24,3.4495763778686523,-0.7904236221313479,0.7904236221313479
densenet121,side only,ridge,32,9,photos/top_view_images/P2270365.JPG,photos/side_view_images/P2270720.JPG,1.06,1.06,1.0858027935028076,0.025802793502807564,0.025802793502807564
densenet121,side only,ridge,33,9,photos/top_view_images/P2270366.JPG,photos/side_view_images/P2270721.JPG,2.12,2.12,2.108048915863037,-0.011951084136962997,0.011951084136962997
densenet121,side only,ridge,34,9,photos/top_view_images/P2270367.JPG,photos/side_view_images/P2270722.JPG,3.18,3.18,3.3439629077911377,0.16396290779113754,0.16396290779113754
densenet121,side only,ridge,35,9,photos/top_view_images/P2270368.JPG,photos/side_view_images/P2270723.JPG,4.24,4.24,3.4037559032440186,-0.8362440967559817,0.8362440967559817
densenet121,side only,ridge,36,10,photos/top_view_images/P2270369.JPG,photos/side_view_images/P2270724.JPG,1.06,1.06,1.4220858812332153,0.3620858812332153,0.3620858812332153
densenet121,side only,ridge,37,10,photos/top_view_images/P2270370.JPG,photos/side_view_images/P2270725.JPG,2.12,2.12,2.194232702255249,0.07423270225524892,0.07423270225524892
densenet121,side only,ridge,38,10,photos/top_view_images/P2270371.JPG,photos/side_view_images/P2270726.JPG,3.18,3.18,2.89384126663208,-0.2861587333679201,0.2861587333679201
densenet121,side only,ridge,39,10,photos/top_view_images/P2270372.JPG,photos/side_view_images/P2270727.JPG,4.24,4.24,4.076951026916504,-0.1630489730834963,0.1630489730834963
densenet121,side only,ridge,40,11,photos/top_view_images/P2270373.JPG,photos/side_view_images/P2270728.JPG,1.06,1.06,1.323491096496582,0.263491096496582,0.263491096496582
densenet121,side only,ridge,41,11,photos/top_view_images/P2270374.JPG,photos/side_view_images/P2270729.JPG,2.12,2.12,2.723806381225586,0.6038063812255858,0.6038063812255858
densenet121,side only,ridge,42,11,photos/top_view_images/P2270375.JPG,photos/side_view_images/P2270730.JPG,3.18,3.18,3.33803653717041,0.15803653717041,0.15803653717041
densenet121,side only,ridge,43,11,photos/top_view_images/P2270376.JPG,photos/side_view_images/P2270731.JPG,4.24,4.24,3.468106746673584,-0.7718932533264162,0.7718932533264162
densenet121,side only,ridge,44,12,photos/top_view_images/P2270377.JPG,photos/side_view_images/P2270732.JPG,1.06,1.06,1.6724835634231567,0.6124835634231567,0.6124835634231567
densenet121,side only,ridge,45,12,photos/top_view_images/P2270378.JPG,photos/side_view_images/P2270733.JPG,2.12,2.12,2.5859999656677246,0.4659999656677245,0.4659999656677245
densenet121,side only,ridge,46,12,photos/top_view_images/P2270379.JPG,photos/side_view_images/P2270734.JPG,3.18,3.18,3.579221487045288,0.3992214870452879,0.3992214870452879
densenet121,side only,ridge,47,12,photos/top_view_images/P2270381.JPG,photos/side_view_images/P2270736.JPG,4.24,4.24,3.7764792442321777,-0.4635207557678225,0.4635207557678225
densenet121,side only,ridge,48,13,photos/top_view_images/P2270383.JPG,photos/side_view_images/P2270737.JPG,1.06,1.06,1.061182975769043,0.0011829757690429155,0.0011829757690429155
densenet121,side only,ridge,49,13,photos/top_view_images/P2270384.JPG,photos/side_view_images/P2270738.JPG,2.12,2.12,1.2158052921295166,-0.9041947078704835,0.9041947078704835
densenet121,side only,ridge,50,13,photos/top_view_images/P2270385.JPG,photos/side_view_images/P2270739.JPG,3.18,3.18,2.146221160888672,-1.0337788391113283,1.0337788391113283
densenet121,side only,ridge,51,14,photos/top_view_images/P3020386.JPG,photos/side_view_images/P3020741.JPG,1.06,1.06,1.7104130983352661,0.6504130983352661,0.6504130983352661
densenet121,side only,ridge,52,14,photos/top_view_images/P3020387.JPG,photos/side_view_images/P3020742.JPG,2.12,2.12,1.896699070930481,-0.22330092906951915,0.22330092906951915
densenet121,side only,ridge,53,14,photos/top_view_images/P3020388.JPG,photos/side_view_images/P3020743.JPG,3.18,3.18,3.4838850498199463,0.30388504981994613,0.30388504981994613
densenet121,side only,ridge,54,14,photos/top_view_images/P3020389.JPG,photos/side_view_images/P3020744.JPG,4.24,4.24,4.04788875579834,-0.19211124420166037,0.19211124420166037
densenet121,side only,ridge,55,15,photos/top_view_images/P3020390.JPG,photos/side_view_images/P3020745.JPG,1.06,1.06,1.1042442321777344,0.04424423217773432,0.04424423217773432
densenet121,side only,ridge,56,15,photos/top_view_images/P3020391.JPG,photos/side_view_images/P3020746.JPG,2.12,2.12,2.817255973815918,0.6972559738159179,0.6972559738159179
densenet121,side only,ridge,57,15,photos/top_view_images/P3020392.JPG,photos/side_view_images/P3020747.JPG,3.18,3.18,3.31209397315979,0.13209397315978988,0.13209397315978988
densenet121,side only,ridge,58,15,photos/top_view_images/P3020393.JPG,photos/side_view_images/P3020748.JPG,4.24,4.24,3.7727410793304443,-0.4672589206695559,0.4672589206695559
densenet121,side only,ridge,59,16,photos/top_view_images/P3020394.JPG,photos/side_view_images/P3020749.JPG,1.06,1.06,0.5009698867797852,-0.5590301132202149,0.5590301132202149
densenet121,side only,ridge,60,16,photos/top_view_images/P3020395.JPG,photos/side_view_images/P3020750.JPG,2.12,2.12,1.5579569339752197,-0.5620430660247804,0.5620430660247804
densenet121,side only,ridge,61,16,photos/top_view_images/P3020396.JPG,photos/side_view_images/P3020751.JPG,3.18,3.18,2.0611774921417236,-1.1188225078582765,1.1188225078582765
densenet121,side only,ridge,62,16,photos/top_view_images/P3020397.JPG,photos/side_view_images/P3020752.JPG,4.24,4.24,3.5245416164398193,-0.7154583835601809,0.7154583835601809
densenet121,side only,ridge,63,17,photos/top_view_images/P3020398.JPG,photos/side_view_images/P3020753.JPG,1.06,1.06,1.0870773792266846,0.027077379226684517,0.027077379226684517
densenet121,side only,ridge,64,17,photos/top_view_images/P3020399.JPG,photos/side_view_images/P3020754.JPG,2.12,2.12,2.159085273742676,0.039085273742675675,0.039085273742675675
densenet121,side only,ridge,65,17,photos/top_view_images/P3020400.JPG,photos/side_view_images/P3020755.JPG,3.18,3.18,3.5338730812072754,0.35387308120727523,0.35387308120727523
densenet121,side only,ridge,66,17,photos/top_view_images/P3020401.JPG,photos/side_view_images/P3020756.JPG,4.24,4.24,4.298384666442871,0.05838466644287088,0.05838466644287088
densenet121,side only,ridge,67,18,photos/top_view_images/P3020402.JPG,photos/side_view_images/P3020757.JPG,1.06,1.06,1.8078138828277588,0.7478138828277587,0.7478138828277587
densenet121,side only,ridge,68,18,photos/top_view_images/P3020403.JPG,photos/side_view_images/P3020758.JPG,2.12,2.12,1.9924983978271484,-0.12750160217285167,0.12750160217285167
densenet121,side only,ridge,69,18,photos/top_view_images/P3020404.JPG,photos/side_view_images/P3020759.JPG,3.18,3.18,3.147611141204834,-0.032388858795166175,0.032388858795166175
densenet121,side only,ridge,70,18,photos/top_view_images/P3020405.JPG,photos/side_view_images/P3020760.JPG,4.24,4.24,3.792297601699829,-0.4477023983001711,0.4477023983001711
densenet121,side only,ridge,71,19,photos/top_view_images/P3020406.JPG,photos/side_view_images/P3020761.JPG,1.06,1.06,1.5521273612976074,0.49212736129760737,0.49212736129760737
densenet121,side only,ridge,72,19,photos/top_view_images/P3020407.JPG,photos/side_view_images/P3020762.JPG,2.12,2.12,2.5515167713165283,0.4315167713165282,0.4315167713165282
densenet121,side only,ridge,73,19,photos/top_view_images/P3020408.JPG,photos/side_view_images/P3020763.JPG,3.18,3.18,4.652278900146484,1.4722789001464842,1.4722789001464842
densenet121,side only,ridge,74,19,photos/top_view_images/P3020409.JPG,photos/side_view_images/P3020764.JPG,4.24,4.24,5.180417060852051,0.9404170608520506,0.9404170608520506
densenet121,side only,ridge,75,20,photos/top_view_images/P3020410.JPG,photos/side_view_images/P3020765.JPG,1.06,1.06,1.475616455078125,0.41561645507812495,0.41561645507812495
densenet121,side only,ridge,76,20,photos/top_view_images/P3020411.JPG,photos/side_view_images/P3020766.JPG,2.12,2.12,2.445122718811035,0.32512271881103505,0.32512271881103505
densenet121,side only,ridge,77,20,photos/top_view_images/P3020412.JPG,photos/side_view_images/P3020767.JPG,3.18,3.18,2.7873287200927734,-0.3926712799072267,0.3926712799072267
densenet121,side only,ridge,78,20,photos/top_view_images/P3020413.JPG,photos/side_view_images/P3020768.JPG,4.24,4.24,3.6839582920074463,-0.5560417079925539,0.5560417079925539
densenet121,side only,ridge,79,21,photos/top_view_images/P3020414.JPG,photos/side_view_images/P3020769.JPG,1.06,1.06,1.546318531036377,0.4863185310363769,0.4863185310363769
densenet121,side only,ridge,80,21,photos/top_view_images/P3020415.JPG,photos/side_view_images/P3020770.JPG,2.12,2.12,2.9808859825134277,0.8608859825134276,0.8608859825134276
densenet121,side only,ridge,81,21,photos/top_view_images/P3020416.JPG,photos/side_view_images/P3020771.JPG,3.18,3.18,3.7107303142547607,0.5307303142547606,0.5307303142547606
densenet121,side only,ridge,82,21,photos/top_view_images/P3020417.JPG,photos/side_view_images/P3020772.JPG,4.24,4.24,3.770373582839966,-0.4696264171600344,0.4696264171600344
densenet121,side only,ridge,83,22,photos/top_view_images/P3020418.JPG,photos/side_view_images/P3020773.JPG,1.06,1.06,1.270492672920227,0.210492672920227,0.210492672920227
densenet121,side only,ridge,84,22,photos/top_view_images/P3020419.JPG,photos/side_view_images/P3020774.JPG,2.12,2.12,2.1970908641815186,0.07709086418151845,0.07709086418151845
densenet121,side only,ridge,85,22,photos/top_view_images/P3020420.JPG,photos/side_view_images/P3020775.JPG,3.18,3.18,3.569617509841919,0.3896175098419188,0.3896175098419188
densenet121,side only,ridge,86,22,photos/top_view_images/P3020421.JPG,photos/side_view_images/P3020776.JPG,4.24,4.24,3.562962055206299,-0.6770379447937014,0.6770379447937014
densenet121,side only,ridge,87,23,photos/top_view_images/P3020422.JPG,photos/side_view_images/P3020777.JPG,1.06,1.06,1.1634793281555176,0.10347932815551752,0.10347932815551752
densenet121,side only,ridge,88,23,photos/top_view_images/P3020423.JPG,photos/side_view_images/P3020778.JPG,2.12,2.12,2.389132499694824,0.2691324996948241,0.2691324996948241
densenet121,side only,ridge,89,23,photos/top_view_images/P3020424.JPG,photos/side_view_images/P3020779.JPG,3.18,3.18,3.697160482406616,0.517160482406616,0.517160482406616
densenet121,side only,ridge,90,23,photos/top_view_images/P3020425.JPG,photos/side_view_images/P3020780.JPG,4.24,4.24,4.10601806640625,-0.1339819335937502,0.1339819335937502
densenet121,side only,ridge,91,24,photos/top_view_images/P3020426.JPG,photos/side_view_images/P3020781.JPG,1.06,1.06,1.5611152648925781,0.5011152648925781,0.5011152648925781
densenet121,side only,ridge,92,24,photos/top_view_images/P3020427.JPG,photos/side_view_images/P3020782.JPG,2.12,2.12,2.4574060440063477,0.33740604400634755,0.33740604400634755
densenet121,side only,ridge,93,24,photos/top_view_images/P3020428.JPG,photos/side_view_images/P3020783.JPG,3.18,3.18,4.2768354415893555,1.0968354415893553,1.0968354415893553
densenet121,side only,ridge,94,24,photos/top_view_images/P3020429.JPG,photos/side_view_images/P3020784.JPG,4.24,4.24,4.84788703918457,0.6078870391845701,0.6078870391845701
densenet121,side only,ridge,95,25,photos/top_view_images/P3020430.JPG,photos/side_view_images/P3020785.JPG,1.06,1.06,1.0717949867248535,0.011794986724853462,0.011794986724853462
densenet121,side only,ridge,96,25,photos/top_view_images/P3020431.JPG,photos/side_view_images/P3020786.JPG,2.12,2.12,2.1694626808166504,0.049462680816650284,0.049462680816650284
densenet121,side only,ridge,97,25,photos/top_view_images/P3020432.JPG,photos/side_view_images/P3020787.JPG,3.18,3.18,2.900663375854492,-0.279336624145508,0.279336624145508
densenet121,side only,ridge,98,25,photos/top_view_images/P3020433.JPG,photos/side_view_images/P3020788.JPG,4.24,4.24,3.294790744781494,-0.9452092552185061,0.9452092552185061
densenet121,side only,ridge,99,26,photos/top_view_images/P3020434.JPG,photos/side_view_images/P3020789.JPG,1.06,1.06,1.8710837364196777,0.8110837364196777,0.8110837364196777
densenet121,side only,ridge,100,26,photos/top_view_images/P3020435.JPG,photos/side_view_images/P3020790.JPG,2.12,2.12,2.8848989009857178,0.7648989009857177,0.7648989009857177
densenet121,side only,ridge,101,26,photos/top_view_images/P3020436.JPG,photos/side_view_images/P3020791.JPG,3.18,3.18,3.8260700702667236,0.6460700702667235,0.6460700702667235
densenet121,side only,ridge,102,26,photos/top_view_images/P3020437.JPG,photos/side_view_images/P3020792.JPG,4.24,4.24,4.332536220550537,0.0925362205505369,0.0925362205505369
densenet121,side only,ridge,103,27,photos/top_view_images/P3020438.JPG,photos/side_view_images/P3020793.JPG,1.06,1.06,0.6669752597808838,-0.39302474021911626,0.39302474021911626
densenet121,side only,ridge,104,27,photos/top_view_images/P3020439.JPG,photos/side_view_images/P3020794.JPG,2.12,2.12,1.7267693281173706,-0.3932306718826295,0.3932306718826295
densenet121,side only,ridge,105,27,photos/top_view_images/P3020440.JPG,photos/side_view_images/P3020795.JPG,3.18,3.18,2.605071544647217,-0.5749284553527834,0.5749284553527834
densenet121,side only,ridge,106,27,photos/top_view_images/P3020441.JPG,photos/side_view_images/P3020796.JPG,4.24,4.24,3.5761446952819824,-0.6638553047180178,0.6638553047180178
densenet121,side only,ridge,107,28,photos/top_view_images/P3030442.JPG,photos/side_view_images/P3030797.JPG,1.06,1.06,0.9781768321990967,-0.08182316780090337,0.08182316780090337
densenet121,side only,ridge,108,28,photos/top_view_images/P3030443.JPG,photos/side_view_images/P3030798.JPG,2.12,2.12,1.941756248474121,-0.178243751525879,0.178243751525879
densenet121,side only,ridge,109,28,photos/top_view_images/P3030444.JPG,photos/side_view_images/P3030799.JPG,3.18,3.18,2.5160694122314453,-0.6639305877685548,0.6639305877685548
densenet121,side only,ridge,110,28,photos/top_view_images/P3030445.JPG,photos/side_view_images/P3030800.JPG,4.24,4.24,2.973846435546875,-1.2661535644531252,1.2661535644531252
densenet121,side only,ridge,111,29,photos/top_view_images/P3030446.JPG,photos/side_view_images/P3030801.JPG,1.06,1.06,1.2600898742675781,0.20008987426757807,0.20008987426757807
densenet121,side only,ridge,112,29,photos/top_view_images/P3030447.JPG,photos/side_view_images/P3030802.JPG,2.12,2.12,2.5251731872558594,0.40517318725585927,0.40517318725585927
densenet121,side only,ridge,113,29,photos/top_view_images/P3030448.JPG,photos/side_view_images/P3030803.JPG,3.18,3.18,3.244196891784668,0.06419689178466781,0.06419689178466781
densenet121,side only,ridge,114,29,photos/top_view_images/P3030449.JPG,photos/side_view_images/P3030804.JPG,4.24,4.24,3.751542091369629,-0.4884579086303713,0.4884579086303713
densenet121,side only,ridge,115,30,photos/top_view_images/P3030450.JPG,photos/side_view_images/P3030805.JPG,1.06,1.06,1.4829978942871094,0.4229978942871093,0.4229978942871093
densenet121,side only,ridge,116,30,photos/top_view_images/P3030451.JPG,photos/side_view_images/P3030806.JPG,2.12,2.12,2.388028383255005,0.2680283832550048,0.2680283832550048
densenet121,side only,ridge,117,30,photos/top_view_images/P3030452.JPG,photos/side_view_images/P3030807.JPG,3.18,3.18,2.258113145828247,-0.9218868541717531,0.9218868541717531
densenet121,side only,ridge,118,30,photos/top_view_images/P3030453.JPG,photos/side_view_images/P3030808.JPG,4.24,4.24,2.9057865142822266,-1.3342134857177737,1.3342134857177737
densenet121,side only,ridge,119,31,photos/top_view_images/P3030454.JPG,photos/side_view_images/P3030809.JPG,1.06,1.06,1.4416823387145996,0.38168233871459956,0.38168233871459956
densenet121,side only,ridge,120,31,photos/top_view_images/P3030455.JPG,photos/side_view_images/P3030810.JPG,2.12,2.12,2.299144983291626,0.17914498329162587,0.17914498329162587
densenet121,side only,ridge,121,31,photos/top_view_images/P3030456.JPG,photos/side_view_images/P3030811.JPG,3.18,3.18,2.9937615394592285,-0.18623846054077164,0.18623846054077164
densenet121,side only,ridge,122,31,photos/top_view_images/P3030457.JPG,photos/side_view_images/P3030812.JPG,4.24,4.24,4.5707173347473145,0.33071733474731424,0.33071733474731424
densenet121,side only,ridge,123,32,photos/top_view_images/P3050458.JPG,photos/side_view_images/P3050813.JPG,1.06,1.06,1.829610824584961,0.7696108245849609,0.7696108245849609
densenet121,side only,ridge,124,32,photos/top_view_images/P3050459.JPG,photos/side_view_images/P3050814.JPG,2.12,2.12,3.2372069358825684,1.1172069358825683,1.1172069358825683
densenet121,side only,ridge,125,32,photos/top_view_images/P3050460.JPG,photos/side_view_images/P3050815.JPG,3.18,3.18,3.601513147354126,0.4215131473541258,0.4215131473541258
densenet121,side only,ridge,126,32,photos/top_view_images/P3050462.JPG,photos/side_view_images/P3050817.JPG,4.24,4.24,3.8025057315826416,-0.4374942684173586,0.4374942684173586
densenet121,side only,ridge,127,33,photos/top_view_images/P3050463.JPG,photos/side_view_images/P3050818.JPG,1.06,1.06,1.166471242904663,0.10647124290466303,0.10647124290466303
densenet121,side only,ridge,128,33,photos/top_view_images/P3050464.JPG,photos/side_view_images/P3050819.JPG,2.12,2.12,2.0415427684783936,-0.07845723152160655,0.07845723152160655
densenet121,side only,ridge,129,34,photos/top_view_images/P3050467.JPG,photos/side_view_images/P3050823.JPG,1.06,1.06,2.098325490951538,1.038325490951538,1.038325490951538
densenet121,side only,ridge,130,34,photos/top_view_images/P3050468.JPG,photos/side_view_images/P3050824.JPG,2.12,2.12,3.359809160232544,1.2398091602325438,1.2398091602325438
densenet121,side only,ridge,131,34,photos/top_view_images/P3050469.JPG,photos/side_view_images/P3050825.JPG,3.18,3.18,3.833831787109375,0.6538317871093748,0.6538317871093748
densenet121,side only,ridge,132,34,photos/top_view_images/P3050470.JPG,photos/side_view_images/P3050826.JPG,4.24,4.24,3.9542858600616455,-0.2857141399383547,0.2857141399383547
densenet121,side only,ridge,133,35,photos/top_view_images/P3050471.JPG,photos/side_view_images/P3050827.JPG,1.06,1.06,1.0693399906158447,0.009339990615844673,0.009339990615844673
densenet121,side only,ridge,134,35,photos/top_view_images/P3050472.JPG,photos/side_view_images/P3050828.JPG,2.12,2.12,2.275723457336426,0.15572345733642567,0.15572345733642567
densenet121,side only,ridge,135,35,photos/top_view_images/P3050473.JPG,photos/side_view_images/P3050829.JPG,3.18,3.18,3.0032248497009277,-0.17677515029907243,0.17677515029907243
densenet121,side only,ridge,136,35,photos/top_view_images/P3050474.JPG,photos/side_view_images/P3050830.JPG,4.24,4.24,4.152077674865723,-0.08792232513427756,0.08792232513427756
densenet121,side only,ridge,137,36,photos/top_view_images/P3050475.JPG,photos/side_view_images/P3050831.JPG,1.06,1.06,1.1540985107421875,0.09409851074218745,0.09409851074218745
densenet121,side only,ridge,138,36,photos/top_view_images/P3050476.JPG,photos/side_view_images/P3050832.JPG,2.12,2.12,2.702812671661377,0.5828126716613768,0.5828126716613768
densenet121,side only,ridge,139,36,photos/top_view_images/P3050477.JPG,photos/side_view_images/P3050833.JPG,3.18,3.18,2.9577040672302246,-0.22229593276977555,0.22229593276977555
densenet121,side only,ridge,140,36,photos/top_view_images/P3050478.JPG,photos/side_view_images/P3050834.JPG,4.24,4.24,3.2712273597717285,-0.9687726402282717,0.9687726402282717
densenet121,side only,ridge,141,37,photos/top_view_images/P3050479.JPG,photos/side_view_images/P3050835.JPG,1.06,1.06,1.522193193435669,0.4621931934356689,0.4621931934356689
densenet121,side only,ridge,142,37,photos/top_view_images/P3050480.JPG,photos/side_view_images/P3050836.JPG,2.12,2.12,2.7448346614837646,0.6248346614837645,0.6248346614837645
densenet121,side only,ridge,143,37,photos/top_view_images/P3050481.JPG,photos/side_view_images/P3050837.JPG,3.18,3.18,3.1503000259399414,-0.029699974060058754,0.029699974060058754
densenet121,side only,ridge,144,37,photos/top_view_images/P3050482.JPG,photos/side_view_images/P3050838.JPG,4.24,4.24,3.3766589164733887,-0.8633410835266115,0.8633410835266115
densenet121,side only,ridge,145,38,photos/top_view_images/P3050484.JPG,photos/side_view_images/P3050840.JPG,1.06,1.06,1.3918826580047607,0.3318826580047607,0.3318826580047607
densenet121,side only,ridge,146,38,photos/top_view_images/P3050485.JPG,photos/side_view_images/P3050841.JPG,2.12,2.12,2.072237730026245,-0.04776226997375499,0.04776226997375499
densenet121,side only,ridge,147,38,photos/top_view_images/P3050486.JPG,photos/side_view_images/P3050842.JPG,3.18,3.18,2.7528460025787354,-0.4271539974212648,0.4271539974212648
densenet121,side only,ridge,148,38,photos/top_view_images/P3050487.JPG,photos/side_view_images/P3050843.JPG,4.24,4.24,3.289660692214966,-0.9503393077850344,0.9503393077850344
densenet121,side only,ridge,149,39,photos/top_view_images/P3050488.JPG,photos/side_view_images/P3050844.JPG,1.06,1.06,1.4867734909057617,0.42677349090576167,0.42677349090576167
densenet121,side only,ridge,150,39,photos/top_view_images/P3050489.JPG,photos/side_view_images/P3050845.JPG,2.12,2.12,2.6804420948028564,0.5604420948028563,0.5604420948028563
densenet121,side only,ridge,151,39,photos/top_view_images/P3050490.JPG,photos/side_view_images/P3050846.JPG,3.18,3.18,3.696171760559082,0.5161717605590819,0.5161717605590819
densenet121,side only,ridge,152,39,photos/top_view_images/P3050491.JPG,photos/side_view_images/P3050847.JPG,4.24,4.24,4.020320415496826,-0.21967958450317404,0.21967958450317404
densenet121,side only,ridge,153,40,photos/top_view_images/P3050492.JPG,photos/side_view_images/P3050848.JPG,1.06,1.06,1.450453519821167,0.39045351982116694,0.39045351982116694
densenet121,side only,ridge,154,40,photos/top_view_images/P3050493.JPG,photos/side_view_images/P3050849.JPG,2.12,2.12,1.7224760055541992,-0.3975239944458009,0.3975239944458009
densenet121,side only,ridge,155,40,photos/top_view_images/P3050494.JPG,photos/side_view_images/P3050850.JPG,3.18,3.18,2.454339027404785,-0.725660972595215,0.725660972595215
densenet121,side only,ridge,156,40,photos/top_view_images/P3050495.JPG,photos/side_view_images/P3050851.JPG,4.24,4.24,2.6992857456207275,-1.5407142543792727,1.5407142543792727
densenet121,side only,ridge,157,41,photos/top_view_images/P3050496.JPG,photos/side_view_images/P3050852.JPG,1.06,1.06,1.6713629961013794,0.6113629961013793,0.6113629961013793
densenet121,side only,ridge,158,41,photos/top_view_images/P3050497.JPG,photos/side_view_images/P3050853.JPG,2.12,2.12,1.9206994771957397,-0.19930052280426036,0.19930052280426036
densenet121,side only,ridge,159,41,photos/top_view_images/P3050498.JPG,photos/side_view_images/P3050854.JPG,3.18,3.18,2.829946517944336,-0.3500534820556642,0.3500534820556642
densenet121,side only,ridge,160,41,photos/top_view_images/P3050499.JPG,photos/side_view_images/P3050855.JPG,4.24,4.24,2.9780611991882324,-1.2619388008117678,1.2619388008117678
densenet121,side only,ridge,161,42,photos/top_view_images/P3050500.JPG,photos/side_view_images/P3050857.JPG,2.12,2.12,1.7482688426971436,-0.37173115730285655,0.37173115730285655
densenet121,side only,ridge,162,42,photos/top_view_images/P3050501.JPG,photos/side_view_images/P3050858.JPG,3.18,3.18,2.0087132453918457,-1.1712867546081545,1.1712867546081545
densenet121,side only,ridge,163,43,photos/top_view_images/P3060503.JPG,photos/side_view_images/P3060859.JPG,1.06,1.06,1.2083725929260254,0.14837259292602534,0.14837259292602534
densenet121,side only,ridge,164,43,photos/top_view_images/P3060504.JPG,photos/side_view_images/P3060860.JPG,2.12,2.12,2.9699056148529053,0.8499056148529052,0.8499056148529052
densenet121,side only,ridge,165,43,photos/top_view_images/P3060505.JPG,photos/side_view_images/P3060861.JPG,3.18,3.18,3.533614158630371,0.35361415863037093,0.35361415863037093
densenet121,side only,ridge,166,43,photos/top_view_images/P3060506.JPG,photos/side_view_images/P3060862.JPG,4.24,4.24,4.292105197906494,0.05210519790649393,0.05210519790649393
densenet121,side only,ridge,167,44,photos/top_view_images/P3060507.JPG,photos/side_view_images/P3060863.JPG,1.06,1.06,0.36447954177856445,-0.6955204582214356,0.6955204582214356
densenet121,side only,ridge,168,44,photos/top_view_images/P3060508.JPG,photos/side_view_images/P3060864.JPG,2.12,2.12,1.6894044876098633,-0.4305955123901368,0.4305955123901368
densenet121,side only,ridge,169,44,photos/top_view_images/P3060509.JPG,photos/side_view_images/P3060865.JPG,3.18,3.18,2.5750882625579834,-0.6049117374420168,0.6049117374420168
densenet121,side only,ridge,170,44,photos/top_view_images/P3060510.JPG,photos/side_view_images/P3060866.JPG,4.24,4.24,3.1106910705566406,-1.1293089294433596,1.1293089294433596
densenet121,side only,ridge,171,45,photos/top_view_images/P3060511.JPG,photos/side_view_images/P3060867.JPG,1.06,1.06,1.583136796951294,0.5231367969512939,0.5231367969512939
densenet121,side only,ridge,172,45,photos/top_view_images/P3060512.JPG,photos/side_view_images/P3060868.JPG,2.12,2.12,2.5137500762939453,0.3937500762939452,0.3937500762939452
densenet121,side only,ridge,173,45,photos/top_view_images/P3060513.JPG,photos/side_view_images/P3060869.JPG,3.18,3.18,3.0834176540374756,-0.09658234596252457,0.09658234596252457
densenet121,side only,ridge,174,45,photos/top_view_images/P3060514.JPG,photos/side_view_images/P3060870.JPG,4.24,4.24,3.3813650608062744,-0.8586349391937258,0.8586349391937258
densenet121,side only,ridge,175,46,photos/top_view_images/P3060515.JPG,photos/side_view_images/P3060871.JPG,1.06,1.06,1.2191827297210693,0.15918272972106928,0.15918272972106928
densenet121,side only,ridge,176,46,photos/top_view_images/P3060516.JPG,photos/side_view_images/P3060872.JPG,2.12,2.12,2.344809055328369,0.22480905532836903,0.22480905532836903
densenet121,side only,ridge,177,46,photos/top_view_images/P3060517.JPG,photos/side_view_images/P3060873.JPG,3.18,3.18,3.182499408721924,0.0024994087219236683,0.0024994087219236683
densenet121,side only,ridge,178,46,photos/top_view_images/P3060518.JPG,photos/side_view_images/P3060874.JPG,4.24,4.24,3.184454917907715,-1.0555450820922854,1.0555450820922854
densenet121,side only,ridge,179,47,photos/top_view_images/P3060519.JPG,photos/side_view_images/P3060875.JPG,1.06,1.06,1.7365299463272095,0.6765299463272094,0.6765299463272094
densenet121,side only,ridge,180,47,photos/top_view_images/P3060520.JPG,photos/side_view_images/P3060876.JPG,2.12,2.12,2.6404929161071777,0.5204929161071776,0.5204929161071776
densenet121,side only,ridge,181,47,photos/top_view_images/P3060521.JPG,photos/side_view_images/P3060877.JPG,3.18,3.18,2.9538536071777344,-0.22614639282226578,0.22614639282226578
densenet121,side only,ridge,182,47,photos/top_view_images/P3060522.JPG,photos/side_view_images/P3060878.JPG,4.24,4.24,3.7399213314056396,-0.5000786685943606,0.5000786685943606
densenet121,side only,ridge,183,48,photos/top_view_images/P3060523.JPG,photos/side_view_images/P3060879.JPG,1.06,1.06,1.0678828954696655,0.007882895469665474,0.007882895469665474
densenet121,side only,ridge,184,48,photos/top_view_images/P3060524.JPG,photos/side_view_images/P3060880.JPG,2.12,2.12,1.4004929065704346,-0.7195070934295655,0.7195070934295655
densenet121,side only,ridge,185,48,photos/top_view_images/P3060525.JPG,photos/side_view_images/P3060881.JPG,3.18,3.18,2.6194968223571777,-0.5605031776428224,0.5605031776428224
densenet121,side only,ridge,186,48,photos/top_view_images/P3060526.JPG,photos/side_view_images/P3060882.JPG,4.24,4.24,2.996232509613037,-1.243767490386963,1.243767490386963
densenet121,side only,ridge,187,49,photos/top_view_images/P3060527.JPG,photos/side_view_images/P3060883.JPG,1.06,1.06,1.5559544563293457,0.49595445632934565,0.49595445632934565
densenet121,side only,ridge,188,49,photos/top_view_images/P3060528.JPG,photos/side_view_images/P3060884.JPG,2.12,2.12,2.8276572227478027,0.7076572227478026,0.7076572227478026
densenet121,side only,ridge,189,49,photos/top_view_images/P3060529.JPG,photos/side_view_images/P3060885.JPG,3.18,3.18,3.5578389167785645,0.3778389167785643,0.3778389167785643
densenet121,side only,ridge,190,49,photos/top_view_images/P3060530.JPG,photos/side_view_images/P3060886.JPG,4.24,4.24,3.39473295211792,-0.8452670478820803,0.8452670478820803
densenet121,side only,ridge,191,50,photos/top_view_images/P3060531.JPG,photos/side_view_images/P3060887.JPG,1.06,1.06,1.9841408729553223,0.9241408729553222,0.9241408729553222
densenet121,side only,ridge,192,50,photos/top_view_images/P3060532.JPG,photos/side_view_images/P3060888.JPG,2.12,2.12,2.932267665863037,0.812267665863037,0.812267665863037
densenet121,side only,ridge,193,50,photos/top_view_images/P3060533.JPG,photos/side_view_images/P3060889.JPG,3.18,3.18,3.480160713195801,0.3001607131958006,0.3001607131958006
densenet121,side only,ridge,194,50,photos/top_view_images/P3060534.JPG,photos/side_view_images/P3060890.JPG,4.24,4.24,3.5851383209228516,-0.6548616790771487,0.6548616790771487
densenet121,side only,ridge,195,51,photos/top_view_images/P3060535.JPG,photos/side_view_images/P3060891.JPG,1.06,1.06,1.2128963470458984,0.15289634704589838,0.15289634704589838
densenet121,side only,ridge,196,51,photos/top_view_images/P3060536.JPG,photos/side_view_images/P3060892.JPG,2.12,2.12,2.7416117191314697,0.6216117191314696,0.6216117191314696
densenet121,side only,ridge,197,51,photos/top_view_images/P3060537.JPG,photos/side_view_images/P3060893.JPG,3.18,3.18,2.7867705821990967,-0.3932294178009035,0.3932294178009035
densenet121,side only,ridge,198,51,photos/top_view_images/P3060538.JPG,photos/side_view_images/P3060894.JPG,4.24,4.24,3.381183624267578,-0.8588163757324221,0.8588163757324221
densenet121,side only,ridge,199,52,photos/top_view_images/P3060539.JPG,photos/side_view_images/P3060895.JPG,1.06,1.06,2.268678665161133,1.2086786651611328,1.2086786651611328
densenet121,side only,ridge,200,52,photos/top_view_images/P3060540.JPG,photos/side_view_images/P3060896.JPG,2.12,2.12,2.778897523880005,0.6588975238800048,0.6588975238800048
densenet121,side only,ridge,201,52,photos/top_view_images/P3060541.JPG,photos/side_view_images/P3060897.JPG,3.18,3.18,3.429144859313965,0.24914485931396468,0.24914485931396468
densenet121,side only,ridge,202,52,photos/top_view_images/P3060542.JPG,photos/side_view_images/P3060898.JPG,4.24,4.24,3.7297964096069336,-0.5102035903930666,0.5102035903930666
densenet121,side only,ridge,203,53,photos/top_view_images/P3060543.JPG,photos/side_view_images/P3060899.JPG,1.06,1.06,0.7636921405792236,-0.2963078594207764,0.2963078594207764
densenet121,side only,ridge,204,53,photos/top_view_images/P3060544.JPG,photos/side_view_images/P3060900.JPG,2.12,2.12,2.2112374305725098,0.09123743057250966,0.09123743057250966
densenet121,side only,ridge,205,53,photos/top_view_images/P3060545.JPG,photos/side_view_images/P3060901.JPG,3.18,3.18,2.983520030975342,-0.19647996902465836,0.19647996902465836
densenet121,side only,ridge,206,53,photos/top_view_images/P3060546.JPG,photos/side_view_images/P3060902.JPG,4.24,4.24,2.9848318099975586,-1.2551681900024416,1.2551681900024416
densenet121,side only,ridge,207,54,photos/top_view_images/P3060547.JPG,photos/side_view_images/P3060903.JPG,1.06,1.06,1.9938112497329712,0.9338112497329711,0.9338112497329711
densenet121,side only,ridge,208,54,photos/top_view_images/P3060548.JPG,photos/side_view_images/P3060904.JPG,2.12,2.12,2.4387998580932617,0.3187998580932616,0.3187998580932616
densenet121,side only,ridge,209,54,photos/top_view_images/P3060549.JPG,photos/side_view_images/P3060905.JPG,3.18,3.18,2.8812665939331055,-0.2987334060668947,0.2987334060668947
densenet121,side only,ridge,210,55,photos/top_view_images/P3060550.JPG,photos/side_view_images/P3060906.JPG,1.06,1.06,1.1742851734161377,0.11428517341613764,0.11428517341613764
densenet121,side only,ridge,211,55,photos/top_view_images/P3060551.JPG,photos/side_view_images/P3060907.JPG,2.12,2.12,2.50065279006958,0.38065279006957997,0.38065279006957997
densenet121,side only,ridge,212,55,photos/top_view_images/P3060552.JPG,photos/side_view_images/P3060908.JPG,3.18,3.18,3.127453088760376,-0.05254691123962418,0.05254691123962418
densenet121,side only,ridge,213,55,photos/top_view_images/P3060553.JPG,photos/side_view_images/P3060909.JPG,4.24,4.24,3.2403817176818848,-0.9996182823181154,0.9996182823181154
densenet121,side only,ridge,214,56,photos/top_view_images/P3060554.JPG,photos/side_view_images/P3060910.JPG,1.06,1.06,1.7755801677703857,0.7155801677703857,0.7155801677703857
densenet121,side only,ridge,215,56,photos/top_view_images/P3060555.JPG,photos/side_view_images/P3060911.JPG,2.12,2.12,2.667234420776367,0.5472344207763671,0.5472344207763671
densenet121,side only,ridge,216,56,photos/top_view_images/P3060556.JPG,photos/side_view_images/P3060912.JPG,3.18,3.18,3.085071086883545,-0.09492891311645524,0.09492891311645524
densenet121,side only,ridge,217,57,photos/top_view_images/P3090558.JPG,photos/side_view_images/P3090914.JPG,1.06,1.06,1.0412448644638062,-0.0187551355361939,0.0187551355361939
densenet121,side only,ridge,218,57,photos/top_view_images/P3090559.JPG,photos/side_view_images/P3090915.JPG,2.12,2.12,2.1744699478149414,0.0544699478149413,0.0544699478149413
densenet121,side only,ridge,219,57,photos/top_view_images/P3090560.JPG,photos/side_view_images/P3090916.JPG,3.18,3.18,2.906388759613037,-0.27361124038696305,0.27361124038696305
densenet121,side only,ridge,220,57,photos/top_view_images/P3090561.JPG,photos/side_view_images/P3090917.JPG,4.24,4.24,4.270511627197266,0.030511627197265412,0.030511627197265412
densenet121,side only,ridge,221,58,photos/top_view_images/P3090562.JPG,photos/side_view_images/P3090918.JPG,1.06,1.06,1.2032577991485596,0.14325779914855952,0.14325779914855952
densenet121,side only,ridge,222,58,photos/top_view_images/P3090563.JPG,photos/side_view_images/P3090919.JPG,2.12,2.12,2.742657423019409,0.6226574230194091,0.6226574230194091
densenet121,side only,ridge,223,58,photos/top_view_images/P3090564.JPG,photos/side_view_images/P3090920.JPG,3.18,3.18,2.894235610961914,-0.2857643890380861,0.2857643890380861
densenet121,side only,ridge,224,58,photos/top_view_images/P3090565.JPG,photos/side_view_images/P3090921.JPG,4.24,4.24,3.7747135162353516,-0.46528648376464865,0.46528648376464865
densenet121,side only,ridge,225,59,photos/top_view_images/P3090566.JPG,photos/side_view_images/P3090922.JPG,1.06,1.06,0.9366235733032227,-0.1233764266967774,0.1233764266967774
densenet121,side only,ridge,226,59,photos/top_view_images/P3090567.JPG,photos/side_view_images/P3090923.JPG,2.12,2.12,2.844841241836548,0.7248412418365477,0.7248412418365477
densenet121,side only,ridge,227,59,photos/top_view_images/P3090568.JPG,photos/side_view_images/P3090924.JPG,3.18,3.18,3.5331196784973145,0.3531196784973143,0.3531196784973143
densenet121,side only,ridge,228,59,photos/top_view_images/P3090569.JPG,photos/side_view_images/P3090925.JPG,4.24,4.24,4.317249774932861,0.07724977493286111,0.07724977493286111
densenet121,side only,ridge,229,60,photos/top_view_images/P3090570.JPG,photos/side_view_images/P3090926.JPG,1.06,1.06,1.1163182258605957,0.05631822586059565,0.05631822586059565
densenet121,side only,ridge,230,60,photos/top_view_images/P3090571.JPG,photos/side_view_images/P3090927.JPG,2.12,2.12,1.7140562534332275,-0.40594374656677257,0.40594374656677257
densenet121,side only,ridge,231,60,photos/top_view_images/P3090572.JPG,photos/side_view_images/P3090928.JPG,3.18,3.18,2.6419453620910645,-0.5380546379089357,0.5380546379089357
densenet121,side only,ridge,232,60,photos/top_view_images/P3090573.JPG,photos/side_view_images/P3090929.JPG,4.24,4.24,4.271564483642578,0.03156448364257791,0.03156448364257791
densenet121,side only,ridge,233,61,photos/top_view_images/P3090574.JPG,photos/side_view_images/P3090930.JPG,1.06,1.06,0.9932522773742676,-0.06674772262573248,0.06674772262573248
densenet121,side only,ridge,234,61,photos/top_view_images/P3090575.JPG,photos/side_view_images/P3090931.JPG,2.12,2.12,1.7377046346664429,-0.38229536533355724,0.38229536533355724
densenet121,side only,ridge,235,61,photos/top_view_images/P3090576.JPG,photos/side_view_images/P3090932.JPG,3.18,3.18,2.2287325859069824,-0.9512674140930177,0.9512674140930177
densenet121,side only,ridge,236,61,photos/top_view_images/P3090577.JPG,photos/side_view_images/P3090933.JPG,4.24,4.24,3.008556842803955,-1.2314431571960451,1.2314431571960451
densenet121,side only,ridge,237,62,photos/top_view_images/P3090578.JPG,photos/side_view_images/P3090934.JPG,1.06,1.06,1.1696696281433105,0.1096696281433105,0.1096696281433105
densenet121,side only,ridge,238,62,photos/top_view_images/P3090579.JPG,photos/side_view_images/P3090935.JPG,2.12,2.12,1.946406602859497,-0.17359339714050304,0.17359339714050304
densenet121,side only,ridge,239,62,photos/top_view_images/P3090580.JPG,photos/side_view_images/P3090936.JPG,3.18,3.18,3.370976209640503,0.19097620964050277,0.19097620964050277
densenet121,side only,ridge,240,62,photos/top_view_images/P3090581.JPG,photos/side_view_images/P3090937.JPG,4.24,4.24,4.476438999176025,0.23643899917602518,0.23643899917602518
densenet121,side only,ridge,241,63,photos/top_view_images/P3090582.JPG,photos/side_view_images/P3090938.JPG,1.06,1.06,1.2051243782043457,0.14512437820434565,0.14512437820434565
densenet121,side only,ridge,242,63,photos/top_view_images/P3090583.JPG,photos/side_view_images/P3090939.JPG,3.18,3.18,3.4328370094299316,0.2528370094299315,0.2528370094299315
densenet121,side only,ridge,243,63,photos/top_view_images/P3090584.JPG,photos/side_view_images/P3090940.JPG,4.24,4.24,3.496800184249878,-0.7431998157501223,0.7431998157501223
densenet121,side only,ridge,244,64,photos/top_view_images/P3090585.JPG,photos/side_view_images/P3090941.JPG,1.06,1.06,1.7404425144195557,0.6804425144195556,0.6804425144195556
densenet121,side only,ridge,245,64,photos/top_view_images/P3090586.JPG,photos/side_view_images/P3090942.JPG,2.12,2.12,2.478408098220825,0.3584080982208251,0.3584080982208251
densenet121,side only,ridge,246,64,photos/top_view_images/P3090587.JPG,photos/side_view_images/P3090943.JPG,3.18,3.18,3.887598991394043,0.7075989913940428,0.7075989913940428
densenet121,side only,ridge,247,64,photos/top_view_images/P3090588.JPG,photos/side_view_images/P3090944.JPG,4.24,4.24,4.238986015319824,-0.0010139846801759944,0.0010139846801759944
densenet121,side only,ridge,248,65,photos/top_view_images/P3090589.JPG,photos/side_view_images/P3090945.JPG,1.06,1.06,1.026669979095459,-0.03333002090454107,0.03333002090454107
densenet121,side only,ridge,249,65,photos/top_view_images/P3090590.JPG,photos/side_view_images/P3090946.JPG,2.12,2.12,1.6911566257476807,-0.42884337425231944,0.42884337425231944
densenet121,side only,ridge,250,65,photos/top_view_images/P3090591.JPG,photos/side_view_images/P3090947.JPG,3.18,3.18,3.0296056270599365,-0.15039437294006364,0.15039437294006364
densenet121,side only,ridge,251,65,photos/top_view_images/P3090592.JPG,photos/side_view_images/P3090948.JPG,4.24,4.24,4.448606491088867,0.20860649108886697,0.20860649108886697
densenet121,side only,ridge,252,66,photos/top_view_images/P3090593.JPG,photos/side_view_images/P3090949.JPG,1.06,1.06,1.5601754188537598,0.5001754188537597,0.5001754188537597
densenet121,side only,ridge,253,66,photos/top_view_images/P3090594.JPG,photos/side_view_images/P3090950.JPG,2.12,2.12,2.2261219024658203,0.1061219024658202,0.1061219024658202
densenet121,side only,ridge,254,66,photos/top_view_images/P3090596.JPG,photos/side_view_images/P3090952.JPG,3.18,3.18,2.7175819873809814,-0.4624180126190187,0.4624180126190187
densenet121,side only,ridge,255,66,photos/top_view_images/P3090597.JPG,photos/side_view_images/P3090953.JPG,4.24,4.24,3.7449488639831543,-0.4950511360168459,0.4950511360168459
densenet121,side only,ridge,256,67,photos/top_view_images/P3090598.JPG,photos/side_view_images/P3090954.JPG,1.06,1.06,0.5531430244445801,-0.50685697555542,0.50685697555542
densenet121,side only,ridge,257,67,photos/top_view_images/P3090599.JPG,photos/side_view_images/P3090955.JPG,2.12,2.12,2.167184352874756,0.04718435287475575,0.04718435287475575
densenet121,side only,ridge,258,67,photos/top_view_images/P3090600.JPG,photos/side_view_images/P3090956.JPG,3.18,3.18,3.23008394241333,0.05008394241332992,0.05008394241332992
densenet121,side only,ridge,259,67,photos/top_view_images/P3090601.JPG,photos/side_view_images/P3090957.JPG,4.24,4.24,3.790609359741211,-0.4493906402587893,0.4493906402587893
densenet121,side only,ridge,260,68,photos/top_view_images/P3090602.JPG,photos/side_view_images/P3090958.JPG,1.06,1.06,1.2626607418060303,0.20266074180603022,0.20266074180603022
densenet121,side only,ridge,261,68,photos/top_view_images/P3090603.JPG,photos/side_view_images/P3090959.JPG,2.12,2.12,1.907865285873413,-0.21213471412658702,0.21213471412658702
densenet121,side only,ridge,262,68,photos/top_view_images/P3090604.JPG,photos/side_view_images/P3090960.JPG,3.18,3.18,2.655259132385254,-0.5247408676147463,0.5247408676147463
densenet121,side only,ridge,263,68,photos/top_view_images/P3090605.JPG,photos/side_view_images/P3090961.JPG,4.24,4.24,3.439037561416626,-0.8009624385833742,0.8009624385833742
densenet121,side only,ridge,264,69,photos/top_view_images/P3090606.JPG,photos/side_view_images/P3090962.JPG,1.06,1.06,1.2632808685302734,0.20328086853027338,0.20328086853027338
densenet121,side only,ridge,265,69,photos/top_view_images/P3090607.JPG,photos/side_view_images/P3090963.JPG,2.12,2.12,1.8262028694152832,-0.2937971305847169,0.2937971305847169
densenet121,side only,ridge,266,69,photos/top_view_images/P3090608.JPG,photos/side_view_images/P3090964.JPG,3.18,3.18,3.0478057861328125,-0.13219421386718766,0.13219421386718766
densenet121,side only,ridge,267,69,photos/top_view_images/P3090609.JPG,photos/side_view_images/P3090965.JPG,4.24,4.24,3.5501832962036133,-0.6898167037963869,0.6898167037963869
densenet121,side only,ridge,268,70,photos/top_view_images/P3090610.JPG,photos/side_view_images/P3090966.JPG,1.06,1.06,0.5790932178497314,-0.4809067821502686,0.4809067821502686
densenet121,side only,ridge,269,70,photos/top_view_images/P3090612.JPG,photos/side_view_images/P3090967.JPG,2.12,2.12,1.941247582435608,-0.1787524175643922,0.1787524175643922
densenet121,side only,ridge,270,70,photos/top_view_images/P3090613.JPG,photos/side_view_images/P3090968.JPG,3.18,3.18,2.610581159591675,-0.5694188404083254,0.5694188404083254
densenet121,side only,ridge,271,70,photos/top_view_images/P3090614.JPG,photos/side_view_images/P3090969.JPG,4.24,4.24,3.652529001235962,-0.5874709987640383,0.5874709987640383
densenet121,side only,ridge,272,71,photos/top_view_images/P3090615.JPG,photos/side_view_images/P3090970.JPG,1.06,1.06,1.4491127729415894,0.3891127729415893,0.3891127729415893
densenet121,side only,ridge,273,71,photos/top_view_images/P3090616.JPG,photos/side_view_images/P3090971.JPG,2.12,2.12,2.716554641723633,0.5965546417236327,0.5965546417236327
densenet121,side only,ridge,274,71,photos/top_view_images/P3090617.JPG,photos/side_view_images/P3090972.JPG,3.18,3.18,3.44661283493042,0.26661283493041976,0.26661283493041976
densenet121,side only,ridge,275,71,photos/top_view_images/P3090618.JPG,photos/side_view_images/P3090973.JPG,4.24,4.24,4.855011940002441,0.6150119400024412,0.6150119400024412
densenet121,side only,ridge,276,72,photos/top_view_images/P3090619.JPG,photos/side_view_images/P3090974.JPG,1.06,1.06,0.9235098361968994,-0.13649016380310064,0.13649016380310064
densenet121,side only,ridge,277,72,photos/top_view_images/P3090620.JPG,photos/side_view_images/P3090975.JPG,2.12,2.12,1.5812923908233643,-0.5387076091766358,0.5387076091766358
densenet121,side only,ridge,278,72,photos/top_view_images/P3090621.JPG,photos/side_view_images/P3090976.JPG,3.18,3.18,2.405630111694336,-0.7743698883056642,0.7743698883056642
densenet121,side only,ridge,279,72,photos/top_view_images/P3090622.JPG,photos/side_view_images/P3090977.JPG,4.24,4.24,3.0791876316070557,-1.1608123683929445,1.1608123683929445
densenet121,side only,ridge,280,73,photos/top_view_images/P3090623.JPG,photos/side_view_images/P3090978.JPG,1.06,1.06,1.4087729454040527,0.3487729454040527,0.3487729454040527
densenet121,side only,ridge,281,73,photos/top_view_images/P3090624.JPG,photos/side_view_images/P3090979.JPG,2.12,2.12,2.3182032108306885,0.19820321083068837,0.19820321083068837
densenet121,side only,ridge,282,73,photos/top_view_images/P3090625.JPG,photos/side_view_images/P3090980.JPG,3.18,3.18,2.927298069000244,-0.252701930999756,0.252701930999756
densenet121,side only,ridge,283,73,photos/top_view_images/P3090626.JPG,photos/side_view_images/P3090981.JPG,4.24,4.24,4.100069999694824,-0.139930000305176,0.139930000305176
densenet121,side only,ridge,284,74,photos/top_view_images/P3090627.JPG,photos/side_view_images/P3090982.JPG,1.06,1.06,1.0739109516143799,0.01391095161437983,0.01391095161437983
densenet121,side only,ridge,285,74,photos/top_view_images/P3090628.JPG,photos/side_view_images/P3090983.JPG,2.12,2.12,2.1994025707244873,0.0794025707244872,0.0794025707244872
densenet121,side only,ridge,286,74,photos/top_view_images/P3090629.JPG,photos/side_view_images/P3090984.JPG,3.18,3.18,3.0329527854919434,-0.1470472145080568,0.1470472145080568
densenet121,side only,ridge,287,74,photos/top_view_images/P3090630.JPG,photos/side_view_images/P3090985.JPG,4.24,4.24,4.486922264099121,0.24692226409912088,0.24692226409912088
densenet121,side only,ridge,288,75,photos/top_view_images/P3100631.JPG,photos/side_view_images/P3100986.JPG,1.06,1.06,0.4633605480194092,-0.5966394519805909,0.5966394519805909
densenet121,side only,ridge,289,75,photos/top_view_images/P3100632.JPG,photos/side_view_images/P3100987.JPG,2.12,2.12,1.8029230833053589,-0.3170769166946412,0.3170769166946412
densenet121,side only,ridge,290,75,photos/top_view_images/P3100633.JPG,photos/side_view_images/P3100988.JPG,3.18,3.18,3.4584617614746094,0.2784617614746092,0.2784617614746092
densenet121,side only,ridge,291,75,photos/top_view_images/P3100634.JPG,photos/side_view_images/P3100989.JPG,4.24,4.24,3.562295913696289,-0.6777040863037112,0.6777040863037112
densenet121,side only,ridge,292,76,photos/top_view_images/P3100635.JPG,photos/side_view_images/P3100990.JPG,1.06,1.06,1.1319233179092407,0.07192331790924067,0.07192331790924067
densenet121,side only,ridge,293,76,photos/top_view_images/P3100636.JPG,photos/side_view_images/P3100991.JPG,2.12,2.12,1.5590622425079346,-0.5609377574920655,0.5609377574920655
densenet121,side only,ridge,294,76,photos/top_view_images/P3100637.JPG,photos/side_view_images/P3100992.JPG,3.18,3.18,2.8378403186798096,-0.3421596813201906,0.3421596813201906
densenet121,side only,ridge,295,76,photos/top_view_images/P3100638.JPG,photos/side_view_images/P3100993.JPG,4.24,4.24,3.685271739959717,-0.5547282600402834,0.5547282600402834
densenet121,side only,ridge,296,77,photos/top_view_images/P3100639.JPG,photos/side_view_images/P3100994.JPG,1.06,1.06,1.1389274597167969,0.07892745971679682,0.07892745971679682
densenet121,side only,ridge,297,77,photos/top_view_images/P3100640.JPG,photos/side_view_images/P3100995.JPG,2.12,2.12,1.4993360042572021,-0.620663995742798,0.620663995742798
densenet121,side only,ridge,298,77,photos/top_view_images/P3100641.JPG,photos/side_view_images/P3100996.JPG,3.18,3.18,3.08447265625,-0.09552734375000016,0.09552734375000016
densenet121,side only,ridge,299,78,photos/top_view_images/P3100643.JPG,photos/side_view_images/P3100997.JPG,1.06,1.06,1.225142002105713,0.16514200210571284,0.16514200210571284
densenet121,side only,ridge,300,78,photos/top_view_images/P3100644.JPG,photos/side_view_images/P3100998.JPG,2.12,2.12,1.66778564453125,-0.4522143554687501,0.4522143554687501
densenet121,side only,ridge,301,78,photos/top_view_images/P3100645.JPG,photos/side_view_images/P3100999.JPG,3.18,3.18,2.8382205963134766,-0.3417794036865236,0.3417794036865236
densenet121,side only,ridge,302,78,photos/top_view_images/P3100646.JPG,photos/side_view_images/P3101000.JPG,4.24,4.24,4.097945213317871,-0.14205478668212912,0.14205478668212912
densenet121,side only,ridge,303,79,photos/top_view_images/P3100647.JPG,photos/side_view_images/P3101001.JPG,1.06,1.06,0.8309664726257324,-0.22903352737426763,0.22903352737426763
densenet121,side only,ridge,304,79,photos/top_view_images/P3100648.JPG,photos/side_view_images/P3101002.JPG,2.12,2.12,1.7470253705978394,-0.37297462940216075,0.37297462940216075
densenet121,side only,ridge,305,79,photos/top_view_images/P3100649.JPG,photos/side_view_images/P3101003.JPG,3.18,3.18,3.308842420578003,0.12884242057800277,0.12884242057800277
densenet121,side only,ridge,306,80,photos/top_view_images/P3100650.JPG,photos/side_view_images/P3101004.JPG,1.06,1.06,1.2002849578857422,0.14028495788574213,0.14028495788574213
densenet121,side only,ridge,307,80,photos/top_view_images/P3100651.JPG,photos/side_view_images/P3101005.JPG,2.12,2.12,2.3254284858703613,0.20542848587036122,0.20542848587036122
densenet121,side only,ridge,308,80,photos/top_view_images/P3100652.JPG,photos/side_view_images/P3101006.JPG,3.18,3.18,3.420011520385742,0.24001152038574203,0.24001152038574203
densenet121,side only,ridge,309,80,photos/top_view_images/P3100653.JPG,photos/side_view_images/P3101007.JPG,4.24,4.24,4.259313583374023,0.019313583374023224,0.019313583374023224
densenet121,side only,ridge,310,81,photos/top_view_images/P3100654.JPG,photos/side_view_images/P3101008.JPG,1.06,1.06,1.2244899272918701,0.16448992729187006,0.16448992729187006
densenet121,side only,ridge,311,81,photos/top_view_images/P3100655.JPG,photos/side_view_images/P3101009.JPG,2.12,2.12,2.01065993309021,-0.10934006690979015,0.10934006690979015
densenet121,side only,ridge,312,81,photos/top_view_images/P3100656.JPG,photos/side_view_images/P3101010.JPG,3.18,3.18,3.3313474655151367,0.15134746551513656,0.15134746551513656
densenet121,side only,ridge,313,81,photos/top_view_images/P3100657.JPG,photos/side_view_images/P3101011.JPG,4.24,4.24,4.525577068328857,0.2855770683288572,0.2855770683288572
densenet121,side only,ridge,314,82,photos/top_view_images/P3120658.JPG,photos/side_view_images/P3121012.JPG,1.06,1.06,1.3488867282867432,0.2888867282867431,0.2888867282867431
densenet121,side only,ridge,315,82,photos/top_view_images/P3120659.JPG,photos/side_view_images/P3121013.JPG,2.12,2.12,3.1006016731262207,0.9806016731262206,0.9806016731262206
densenet121,side only,ridge,316,82,photos/top_view_images/P3120660.JPG,photos/side_view_images/P3121014.JPG,3.18,3.18,3.624361038208008,0.44436103820800765,0.44436103820800765
densenet121,side only,ridge,317,82,photos/top_view_images/P3120661.JPG,photos/side_view_images/P3121015.JPG,4.24,4.24,4.587786674499512,0.3477866744995115,0.3477866744995115
densenet121,side only,ridge,318,83,photos/top_view_images/P3120662.JPG,photos/side_view_images/P3121016.JPG,1.06,1.06,1.1755173206329346,0.11551732063293452,0.11551732063293452
densenet121,side only,ridge,319,83,photos/top_view_images/P3120663.JPG,photos/side_view_images/P3121017.JPG,2.12,2.12,2.4120874404907227,0.29208744049072255,0.29208744049072255
densenet121,side only,ridge,320,83,photos/top_view_images/P3120664.JPG,photos/side_view_images/P3121018.JPG,3.18,3.18,3.5386061668395996,0.35860616683959945,0.35860616683959945
densenet121,side only,ridge,321,83,photos/top_view_images/P3120665.JPG,photos/side_view_images/P3121019.JPG,4.24,4.24,4.513550758361816,0.2735507583618162,0.2735507583618162
densenet121,side only,ridge,322,84,photos/top_view_images/P3120666.JPG,photos/side_view_images/P3121020.JPG,1.06,1.06,1.4153339862823486,0.3553339862823486,0.3553339862823486
densenet121,side only,ridge,323,84,photos/top_view_images/P3120667.JPG,photos/side_view_images/P3121021.JPG,2.12,2.12,2.6992499828338623,0.5792499828338622,0.5792499828338622
densenet121,side only,ridge,324,84,photos/top_view_images/P3120668.JPG,photos/side_view_images/P3121022.JPG,3.18,3.18,3.2828330993652344,0.10283309936523422,0.10283309936523422
densenet121,side only,ridge,325,84,photos/top_view_images/P3120669.JPG,photos/side_view_images/P3121023.JPG,4.24,4.24,4.432743072509766,0.1927430725097654,0.1927430725097654
densenet121,side only,ridge,326,85,photos/top_view_images/P3120670.JPG,photos/side_view_images/P3121024.JPG,1.06,1.06,1.244138240814209,0.18413824081420893,0.18413824081420893
densenet121,side only,ridge,327,85,photos/top_view_images/P3120671.JPG,photos/side_view_images/P3121025.JPG,2.12,2.12,2.6996445655822754,0.5796445655822753,0.5796445655822753
densenet121,side only,ridge,328,85,photos/top_view_images/P3120672.JPG,photos/side_view_images/P3121026.JPG,3.18,3.18,3.8236114978790283,0.6436114978790282,0.6436114978790282
densenet121,side only,ridge,329,85,photos/top_view_images/P3120673.JPG,photos/side_view_images/P3121027.JPG,4.24,4.24,3.4791646003723145,-0.7608353996276858,0.7608353996276858
densenet121,side only,ridge,330,86,photos/top_view_images/P3120674.JPG,photos/side_view_images/P3121028.JPG,1.06,1.06,0.9662196636199951,-0.09378033638000494,0.09378033638000494
densenet121,side only,ridge,331,86,photos/top_view_images/P3120675.JPG,photos/side_view_images/P3121029.JPG,2.12,2.12,1.924367070198059,-0.19563292980194102,0.19563292980194102
densenet121,side only,ridge,332,86,photos/top_view_images/P3120676.JPG,photos/side_view_images/P3121030.JPG,3.18,3.18,2.967743396759033,-0.21225660324096696,0.21225660324096696
densenet121,side only,ridge,333,86,photos/top_view_images/P3120677.JPG,photos/side_view_images/P3121031.JPG,4.24,4.24,3.40129017829895,-0.83870982170105,0.83870982170105
densenet121,side only,ridge,334,87,photos/top_view_images/P3120678.JPG,photos/side_view_images/P3121032.JPG,1.06,1.06,0.9436670541763306,-0.11633294582366949,0.11633294582366949
densenet121,side only,ridge,335,87,photos/top_view_images/P3120679.JPG,photos/side_view_images/P3121033.JPG,2.12,2.12,2.7494187355041504,0.6294187355041503,0.6294187355041503
densenet121,side only,ridge,336,87,photos/top_view_images/P3120680.JPG,photos/side_view_images/P3121034.JPG,3.18,3.18,3.203153133392334,0.023153133392333825,0.023153133392333825
densenet121,side only,ridge,337,87,photos/top_view_images/P3120681.JPG,photos/side_view_images/P3121035.JPG,4.24,4.24,4.112249851226807,-0.12775014877319357,0.12775014877319357
densenet121,side only,ridge,338,88,photos/top_view_images/P3120682.JPG,photos/side_view_images/P3121036.JPG,1.06,1.06,1.332787036895752,0.2727870368957519,0.2727870368957519
densenet121,side only,ridge,339,88,photos/top_view_images/P3120683.JPG,photos/side_view_images/P3121037.JPG,2.12,2.12,1.9412579536437988,-0.17874204635620128,0.17874204635620128
densenet121,side only,ridge,340,88,photos/top_view_images/P3120684.JPG,photos/side_view_images/P3121038.JPG,3.18,3.18,2.7019810676574707,-0.47801893234252946,0.47801893234252946
densenet121,side only,ridge,341,88,photos/top_view_images/P3120685.JPG,photos/side_view_images/P3121039.JPG,4.24,4.24,3.674466609954834,-0.5655333900451662,0.5655333900451662
densenet121,side only,ridge,342,89,photos/top_view_images/P3120686.JPG,photos/side_view_images/P3121040.JPG,1.06,1.06,0.9174046516418457,-0.14259534835815435,0.14259534835815435
densenet121,side only,ridge,343,89,photos/top_view_images/P3120687.JPG,photos/side_view_images/P3121041.JPG,2.12,2.12,1.9580705165863037,-0.1619294834136964,0.1619294834136964
densenet121,side only,ridge,344,89,photos/top_view_images/P3120688.JPG,photos/side_view_images/P3121042.JPG,3.18,3.18,3.106943130493164,-0.0730568695068361,0.0730568695068361
densenet121,side only,ridge,345,89,photos/top_view_images/P3120689.JPG,photos/side_view_images/P3121043.JPG,4.24,4.24,4.215885162353516,-0.024114837646484588,0.024114837646484588
densenet121,side only,ridge,346,90,photos/top_view_images/P3120690.JPG,photos/side_view_images/P3121044.JPG,1.06,1.06,1.4639737606048584,0.40397376060485835,0.40397376060485835
densenet121,side only,ridge,347,90,photos/top_view_images/P3120691.JPG,photos/side_view_images/P3121045.JPG,2.12,2.12,2.3900833129882812,0.27008331298828114,0.27008331298828114
densenet121,side only,ridge,348,90,photos/top_view_images/P3120692.JPG,photos/side_view_images/P3121046.JPG,3.18,3.18,3.5703396797180176,0.3903396797180174,0.3903396797180174
densenet121,side only,ridge,349,90,photos/top_view_images/P3120693.JPG,photos/side_view_images/P3121047.JPG,4.24,4.24,4.3987321853637695,0.15873218536376932,0.15873218536376932
densenet121,side only,ridge,350,91,photos/top_view_images/P3120694.JPG,photos/side_view_images/P3121048.JPG,1.06,1.06,1.4965415000915527,0.4365415000915527,0.4365415000915527
densenet121,side only,ridge,351,91,photos/top_view_images/P3120695.JPG,photos/side_view_images/P3121049.JPG,2.12,2.12,1.9390771389007568,-0.18092286109924327,0.18092286109924327
densenet121,side only,ridge,352,91,photos/top_view_images/P3120696.JPG,photos/side_view_images/P3121050.JPG,3.18,3.18,3.078636646270752,-0.1013633537292482,0.1013633537292482
densenet121,side only,ridge,353,91,photos/top_view_images/P3120697.JPG,photos/side_view_images/P3121051.JPG,4.24,4.24,3.6351981163024902,-0.60480188369751,0.60480188369751
densenet121,side only,ridge,354,92,photos/top_view_images/P3120698.JPG,photos/side_view_images/P3121052.JPG,1.06,1.06,1.1020534038543701,0.042053403854370064,0.042053403854370064
densenet121,side only,ridge,355,92,photos/top_view_images/P3120699.JPG,photos/side_view_images/P3121053.JPG,2.12,2.12,2.5921876430511475,0.47218764305114735,0.47218764305114735
densenet121,side only,ridge,356,92,photos/top_view_images/P3120700.JPG,photos/side_view_images/P3121054.JPG,3.18,3.18,3.4039154052734375,0.22391540527343734,0.22391540527343734
densenet121,side only,ridge,357,92,photos/top_view_images/P3120701.JPG,photos/side_view_images/P3121055.JPG,4.24,4.24,3.9001450538635254,-0.3398549461364748,0.3398549461364748
densenet121,side only,ridge,358,93,photos/top_view_images/P3120702.JPG,photos/side_view_images/P3121056.JPG,1.06,1.06,1.4730136394500732,0.4130136394500732,0.4130136394500732
densenet121,side only,ridge,359,93,photos/top_view_images/P3120703.JPG,photos/side_view_images/P3121057.JPG,2.12,2.12,2.420654773712158,0.3006547737121581,0.3006547737121581
densenet121,side only,ridge,360,93,photos/top_view_images/P3120704.JPG,photos/side_view_images/P3121058.JPG,3.18,3.18,3.072185516357422,-0.10781448364257828,0.10781448364257828
densenet121,side only,ridge,361,93,photos/top_view_images/P3120705.JPG,photos/side_view_images/P3121059.JPG,4.24,4.24,4.056816101074219,-0.18318389892578146,0.18318389892578146
densenet121,side only,ridge,362,94,photos/top_view_images/P3120706.JPG,photos/side_view_images/P3121060.JPG,1.06,1.06,1.4599840641021729,0.3999840641021728,0.3999840641021728
densenet121,side only,ridge,363,94,photos/top_view_images/P3120707.JPG,photos/side_view_images/P3121061.JPG,2.12,2.12,2.1313629150390625,0.011362915039062393,0.011362915039062393
densenet121,side only,ridge,364,94,photos/top_view_images/P3120708.JPG,photos/side_view_images/P3121062.JPG,3.18,3.18,2.5325870513916016,-0.6474129486083986,0.6474129486083986
densenet121,side only,ridge,365,94,photos/top_view_images/P3120709.JPG,photos/side_view_images/P3121063.JPG,4.24,4.24,4.091466903686523,-0.14853309631347678,0.14853309631347678
densenet121,side only,ridge,366,95,photos/top_view_images/P3120710.JPG,photos/side_view_images/P3121064.JPG,1.06,1.06,1.1498312950134277,0.08983129501342768,0.08983129501342768
densenet121,side only,ridge,367,95,photos/top_view_images/P3120711.JPG,photos/side_view_images/P3121065.JPG,2.12,2.12,2.445866107940674,0.3258661079406737,0.3258661079406737
densenet121,side only,ridge,368,95,photos/top_view_images/P3120712.JPG,photos/side_view_images/P3121066.JPG,3.18,3.18,3.5275497436523438,0.3475497436523436,0.3475497436523436
densenet121,side only,ridge,369,95,photos/top_view_images/P3120713.JPG,photos/side_view_images/P3121067.JPG,4.24,4.24,4.313179016113281,0.07317901611328104,0.07317901611328104
densenet121,side only,ridge,370,96,photos/top_view_images/P3130714.JPG,photos/side_view_images/P3131068.JPG,1.06,1.06,1.5215296745300293,0.46152967453002924,0.46152967453002924
densenet121,side only,ridge,371,96,photos/top_view_images/P3130715.JPG,photos/side_view_images/P3131069.JPG,2.12,2.12,2.191153049468994,0.07115304946899403,0.07115304946899403
densenet121,side only,ridge,372,96,photos/top_view_images/P3130716.JPG,photos/side_view_images/P3131070.JPG,3.18,3.18,3.657158851623535,0.477158851623535,0.477158851623535
densenet121,side only,ridge,373,96,photos/top_view_images/P3130717.JPG,photos/side_view_images/P3131071.JPG,4.24,4.24,4.648156642913818,0.40815664291381815,0.40815664291381815
densenet121,side only,ridge,374,97,photos/top_view_images/P3130718.JPG,photos/side_view_images/P3131072.JPG,1.06,1.06,1.3916789293289185,0.3316789293289184,0.3316789293289184
densenet121,side only,ridge,375,97,photos/top_view_images/P3130719.JPG,photos/side_view_images/P3131073.JPG,2.12,2.12,2.4482364654541016,0.32823646545410146,0.32823646545410146
densenet121,side only,ridge,376,97,photos/top_view_images/P3130720.JPG,photos/side_view_images/P3131074.JPG,3.18,3.18,3.31445574760437,0.13445574760436996,0.13445574760436996
densenet121,side only,ridge,377,97,photos/top_view_images/P3130721.JPG,photos/side_view_images/P3131075.JPG,4.24,4.24,3.8642969131469727,-0.37570308685302756,0.37570308685302756
densenet121,side only,ridge,378,98,photos/top_view_images/P3130722.JPG,photos/side_view_images/P3131076.JPG,1.06,1.06,0.9089221954345703,-0.15107780456542974,0.15107780456542974
densenet121,side only,ridge,379,98,photos/top_view_images/P3130723.JPG,photos/side_view_images/P3131077.JPG,2.12,2.12,1.979343056678772,-0.14065694332122813,0.14065694332122813
densenet121,side only,ridge,380,98,photos/top_view_images/P3130724.JPG,photos/side_view_images/P3131078.JPG,3.18,3.18,2.756830930709839,-0.4231690692901613,0.4231690692901613
densenet121,side only,ridge,381,98,photos/top_view_images/P3130725.JPG,photos/side_view_images/P3131079.JPG,4.24,4.24,3.9362282752990723,-0.30377172470092795,0.30377172470092795
densenet121,side only,ridge,382,99,photos/top_view_images/P3130726.JPG,photos/side_view_images/P3131080.JPG,1.06,1.06,1.3377776145935059,0.2777776145935058,0.2777776145935058
densenet121,side only,ridge,383,99,photos/top_view_images/P3130727.JPG,photos/side_view_images/P3131081.JPG,2.12,2.12,2.1419172286987305,0.021917228698730362,0.021917228698730362
densenet121,side only,ridge,384,99,photos/top_view_images/P3130728.JPG,photos/side_view_images/P3131082.JPG,3.18,3.18,2.809084177017212,-0.37091582298278825,0.37091582298278825
densenet121,side only,ridge,385,99,photos/top_view_images/P3130729.JPG,photos/side_view_images/P3131083.JPG,4.24,4.24,3.783140182495117,-0.456859817504883,0.456859817504883
densenet121,side only,ridge,386,100,photos/top_view_images/P3130730.JPG,photos/side_view_images/P3131084.JPG,1.06,1.06,0.5941488742828369,-0.46585112571716314,0.46585112571716314
densenet121,side only,ridge,387,100,photos/top_view_images/P3130731.JPG,photos/side_view_images/P3131085.JPG,2.12,2.12,2.114799976348877,-0.0052000236511231535,0.0052000236511231535
densenet121,side only,ridge,388,100,photos/top_view_images/P3130732.JPG,photos/side_view_images/P3131086.JPG,3.18,3.18,3.7493438720703125,0.5693438720703123,0.5693438720703123
densenet121,side only,ridge,389,100,photos/top_view_images/P3130733.JPG,photos/side_view_images/P3131087.JPG,4.24,4.24,4.467851161956787,0.2278511619567869,0.2278511619567869
densenet121,side only,ridge,390,101,photos/top_view_images/P3130734.JPG,photos/side_view_images/P3131088.JPG,1.06,1.06,0.870282769203186,-0.18971723079681402,0.18971723079681402
densenet121,side only,ridge,391,101,photos/top_view_images/P3130735.JPG,photos/side_view_images/P3131089.JPG,2.12,2.12,2.4342281818389893,0.31422818183898915,0.31422818183898915
densenet121,side only,ridge,392,101,photos/top_view_images/P3130736.JPG,photos/side_view_images/P3131090.JPG,3.18,3.18,3.3748393058776855,0.1948393058776854,0.1948393058776854
densenet121,side only,ridge,393,102,photos/top_view_images/P3130737.JPG,photos/side_view_images/P3131091.JPG,1.06,1.06,0.9554582834243774,-0.10454171657562261,0.10454171657562261
densenet121,side only,ridge,394,102,photos/top_view_images/P3130738.JPG,photos/side_view_images/P3131092.JPG,2.12,2.12,2.1434967517852783,0.023496751785278214,0.023496751785278214
densenet121,side only,ridge,395,102,photos/top_view_images/P3130739.JPG,photos/side_view_images/P3131093.JPG,3.18,3.18,2.811954975128174,-0.36804502487182633,0.36804502487182633
densenet121,side only,ridge,396,102,photos/top_view_images/P3130740.JPG,photos/side_view_images/P3131094.JPG,4.24,4.24,3.7641539573669434,-0.47584604263305685,0.47584604263305685
densenet121,side only,ridge,397,103,photos/top_view_images/P3130741.JPG,photos/side_view_images/P3131095.JPG,1.06,1.06,1.1689389944076538,0.10893899440765376,0.10893899440765376
densenet121,side only,ridge,398,103,photos/top_view_images/P3130742.JPG,photos/side_view_images/P3131096.JPG,2.12,2.12,2.40376877784729,0.28376877784728993,0.28376877784728993
densenet121,side only,ridge,399,103,photos/top_view_images/P3130743.JPG,photos/side_view_images/P3131097.JPG,3.18,3.18,2.930267572402954,-0.24973242759704606,0.24973242759704606
densenet121,side only,ridge,400,103,photos/top_view_images/P3130744.JPG,photos/side_view_images/P3131098.JPG,4.24,4.24,4.173100471496582,-0.06689952850341818,0.06689952850341818
densenet121,side only,ridge,401,104,photos/top_view_images/P3130745.JPG,photos/side_view_images/P3131099.JPG,1.06,1.06,0.9757444858551025,-0.08425551414489751,0.08425551414489751
densenet121,side only,ridge,402,104,photos/top_view_images/P3130746.JPG,photos/side_view_images/P3131100.JPG,2.12,2.12,2.050283908843994,-0.06971609115600597,0.06971609115600597
densenet121,side only,ridge,403,104,photos/top_view_images/P3130747.JPG,photos/side_view_images/P3131101.JPG,3.18,3.18,3.392322540283203,0.21232254028320297,0.21232254028320297
densenet121,side only,ridge,404,104,photos/top_view_images/P3130748.JPG,photos/side_view_images/P3131102.JPG,4.24,4.24,3.797877788543701,-0.44212221145629904,0.44212221145629904
densenet121,side only,ridge,405,105,photos/top_view_images/P3130749.JPG,photos/side_view_images/P3131103.JPG,1.06,1.06,1.1718641519546509,0.11186415195465083,0.11186415195465083
densenet121,side only,ridge,406,105,photos/top_view_images/P3130750.JPG,photos/side_view_images/P3131104.JPG,2.12,2.12,2.7579195499420166,0.6379195499420165,0.6379195499420165
densenet121,side only,ridge,407,105,photos/top_view_images/P3130751.JPG,photos/side_view_images/P3131105.JPG,3.18,3.18,3.416566848754883,0.23656684875488265,0.23656684875488265
densenet121,side only,ridge,408,105,photos/top_view_images/P3130752.JPG,photos/side_view_images/P3131106.JPG,4.24,4.24,3.9373371601104736,-0.3026628398895266,0.3026628398895266
densenet121,side only,ridge,409,106,photos/top_view_images/P3130753.JPG,photos/side_view_images/P3131107.JPG,1.06,1.06,0.5121731758117676,-0.5478268241882325,0.5478268241882325
densenet121,side only,ridge,410,106,photos/top_view_images/P3130754.JPG,photos/side_view_images/P3131108.JPG,2.12,2.12,2.255371570587158,0.1353715705871581,0.1353715705871581
densenet121,side only,ridge,411,106,photos/top_view_images/P3130755.JPG,photos/side_view_images/P3131109.JPG,3.18,3.18,2.9238977432250977,-0.2561022567749025,0.2561022567749025
densenet121,side only,ridge,412,106,photos/top_view_images/P3130756.JPG,photos/side_view_images/P3131110.JPG,4.24,4.24,3.6681809425354004,-0.5718190574645998,0.5718190574645998
densenet121,side only,ridge,413,107,photos/top_view_images/P3130757.JPG,photos/side_view_images/P3131111.JPG,1.06,1.06,0.7214493751525879,-0.33855062484741216,0.33855062484741216
densenet121,side only,ridge,414,107,photos/top_view_images/P3130758.JPG,photos/side_view_images/P3131112.JPG,2.12,2.12,2.1836302280426025,0.06363022804260243,0.06363022804260243
densenet121,side only,ridge,415,107,photos/top_view_images/P3130759.JPG,photos/side_view_images/P3131113.JPG,3.18,3.18,2.812962532043457,-0.36703746795654313,0.36703746795654313
densenet121,side only,ridge,416,107,photos/top_view_images/P3130760.JPG,photos/side_view_images/P3131114.JPG,4.24,4.24,3.4941940307617188,-0.7458059692382815,0.7458059692382815
densenet121,side only,ridge,417,108,photos/top_view_images/P2090065.JPG,photos/side_view_images/P2090150.JPG,0.0,0.0,0.4278562068939209,0.4278562068939209,0.4278562068939209
densenet121,side only,ridge,418,109,photos/top_view_images/P2160216.JPG,photos/side_view_images/P2160516.JPG,0.0,0.0,-0.2992439270019531,-0.2992439270019531,0.2992439270019531
densenet121,side only,ridge,419,110,photos/top_view_images/P3100642.JPG,photos/side_view_images/P2020002.JPG,0.0,0.0,-0.14214420318603516,-0.14214420318603516,0.14214420318603516
densenet121,side only,elasticnet,0,1,photos/top_view_images/P2260331.JPG,photos/side_view_images/P2260685.JPG,1.06,1.06,1.631764531135559,0.571764531135559,0.571764531135559
densenet121,side only,elasticnet,1,1,photos/top_view_images/P2260332.JPG,photos/side_view_images/P2260686.JPG,2.12,2.12,2.587235927581787,0.467235927581787,0.467235927581787
densenet121,side only,elasticnet,2,1,photos/top_view_images/P2260333.JPG,photos/side_view_images/P2260687.JPG,3.18,3.18,3.477029800415039,0.2970298004150389,0.2970298004150389
densenet121,side only,elasticnet,3,1,photos/top_view_images/P2260334.JPG,photos/side_view_images/P2260688.JPG,4.24,4.24,4.298599720001221,0.05859972000122049,0.05859972000122049
densenet121,side only,elasticnet,4,2,photos/top_view_images/P2260335.JPG,photos/side_view_images/P2260689.JPG,1.06,1.06,0.9954085350036621,-0.06459146499633794,0.06459146499633794
densenet121,side only,elasticnet,5,2,photos/top_view_images/P2260336.JPG,photos/side_view_images/P2260690.JPG,2.12,2.12,1.8359013795852661,-0.284098620414734,0.284098620414734
densenet121,side only,elasticnet,6,2,photos/top_view_images/P2260337.JPG,photos/side_view_images/P2260692.JPG,3.18,3.18,2.947813034057617,-0.23218696594238297,0.23218696594238297
densenet121,side only,elasticnet,7,2,photos/top_view_images/P2260339.JPG,photos/side_view_images/P2260693.JPG,4.24,4.24,3.5890674591064453,-0.6509325408935549,0.6509325408935549
densenet121,side only,elasticnet,8,3,photos/top_view_images/P2260340.JPG,photos/side_view_images/P2260694.JPG,1.06,1.06,1.147275686264038,0.08727568626403803,0.08727568626403803
densenet121,side only,elasticnet,9,3,photos/top_view_images/P2260341.JPG,photos/side_view_images/P2260695.JPG,2.12,2.12,2.3557724952697754,0.23577249526977528,0.23577249526977528
densenet121,side only,elasticnet,10,3,photos/top_view_images/P2260342.JPG,photos/side_view_images/P2260696.JPG,3.18,3.18,3.1118998527526855,-0.06810014724731461,0.06810014724731461
densenet121,side only,elasticnet,11,3,photos/top_view_images/P2260343.JPG,photos/side_view_images/P2260697.JPG,4.24,4.24,4.0347723960876465,-0.20522760391235373,0.20522760391235373
densenet121,side only,elasticnet,12,4,photos/top_view_images/P2260345.JPG,photos/side_view_images/P2260699.JPG,1.06,1.06,0.6461622714996338,-0.41383772850036626,0.41383772850036626
densenet121,side only,elasticnet,13,4,photos/top_view_images/P2260346.JPG,photos/side_view_images/P2260700.JPG,2.12,2.12,1.852764368057251,-0.26723563194274913,0.26723563194274913
densenet121,side only,elasticnet,14,4,photos/top_view_images/P2260347.JPG,photos/side_view_images/P2260701.JPG,3.18,3.18,2.537736654281616,-0.642263345718384,0.642263345718384
densenet121,side only,elasticnet,15,4,photos/top_view_images/P2260348.JPG,photos/side_view_images/P2260702.JPG,4.24,4.24,3.600910186767578,-0.6390898132324221,0.6390898132324221
densenet121,side only,elasticnet,16,5,photos/top_view_images/P2260349.JPG,photos/side_view_images/P2260703.JPG,1.06,1.06,1.7276519536972046,0.6676519536972045,0.6676519536972045
densenet121,side only,elasticnet,17,5,photos/top_view_images/P2260350.JPG,photos/side_view_images/P2260704.JPG,2.12,2.12,2.5189130306243896,0.39891303062438954,0.39891303062438954
densenet121,side only,elasticnet,18,5,photos/top_view_images/P2260351.JPG,photos/side_view_images/P2260705.JPG,3.18,3.18,3.34450626373291,0.16450626373291,0.16450626373291
densenet121,side only,elasticnet,19,5,photos/top_view_images/P2260352.JPG,photos/side_view_images/P2260706.JPG,4.24,4.24,4.981132984161377,0.7411329841613767,0.7411329841613767
densenet121,side only,elasticnet,20,6,photos/top_view_images/P2270353.JPG,photos/side_view_images/P2270707.JPG,1.06,1.06,1.7611162662506104,0.7011162662506103,0.7011162662506103
densenet121,side only,elasticnet,21,6,photos/top_view_images/P2270354.JPG,photos/side_view_images/P2270708.JPG,2.12,2.12,2.7729976177215576,0.6529976177215575,0.6529976177215575
densenet121,side only,elasticnet,22,6,photos/top_view_images/P2270355.JPG,photos/side_view_images/P2270709.JPG,3.18,3.18,3.487537384033203,0.30753738403320297,0.30753738403320297
densenet121,side only,elasticnet,23,6,photos/top_view_images/P2270356.JPG,photos/side_view_images/P2270710.JPG,4.24,4.24,4.627607345581055,0.3876073455810545,0.3876073455810545
densenet121,side only,elasticnet,24,7,photos/top_view_images/P2270357.JPG,photos/side_view_images/P2270712.JPG,1.06,1.06,1.4362118244171143,0.3762118244171142,0.3762118244171142
densenet121,side only,elasticnet,25,7,photos/top_view_images/P2270358.JPG,photos/side_view_images/P2270713.JPG,2.12,2.12,2.3995118141174316,0.27951181411743153,0.27951181411743153
densenet121,side only,elasticnet,26,7,photos/top_view_images/P2270359.JPG,photos/side_view_images/P2270714.JPG,3.18,3.18,3.04514217376709,-0.13485782623291032,0.13485782623291032
densenet121,side only,elasticnet,27,7,photos/top_view_images/P2270360.JPG,photos/side_view_images/P2270715.JPG,4.24,4.24,4.031289100646973,-0.20871089935302756,0.20871089935302756
densenet121,side only,elasticnet,28,8,photos/top_view_images/P2270361.JPG,photos/side_view_images/P2270716.JPG,1.06,1.06,1.250629186630249,0.19062918663024897,0.19062918663024897
densenet121,side only,elasticnet,29,8,photos/top_view_images/P2270362.JPG,photos/side_view_images/P2270717.JPG,2.12,2.12,2.3139679431915283,0.1939679431915282,0.1939679431915282
densenet121,side only,elasticnet,30,8,photos/top_view_images/P2270363.JPG,photos/side_view_images/P2270718.JPG,3.18,3.18,3.217623233795166,0.037623233795165856,0.037623233795165856
densenet121,side only,elasticnet,31,8,photos/top_view_images/P2270364.JPG,photos/side_view_images/P2270719.JPG,4.24,4.24,3.690938711166382,-0.5490612888336184,0.5490612888336184
densenet121,side only,elasticnet,32,9,photos/top_view_images/P2270365.JPG,photos/side_view_images/P2270720.JPG,1.06,1.06,1.064513921737671,0.004513921737670845,0.004513921737670845
densenet121,side only,elasticnet,33,9,photos/top_view_images/P2270366.JPG,photos/side_view_images/P2270721.JPG,2.12,2.12,1.9278942346572876,-0.1921057653427125,0.1921057653427125
densenet121,side only,elasticnet,34,9,photos/top_view_images/P2270367.JPG,photos/side_view_images/P2270722.JPG,3.18,3.18,3.0799150466918945,-0.10008495330810563,0.10008495330810563
densenet121,side only,elasticnet,35,9,photos/top_view_images/P2270368.JPG,photos/side_view_images/P2270723.JPG,4.24,4.24,3.295671224594116,-0.944328775405884,0.944328775405884
densenet121,side only,elasticnet,36,10,photos/top_view_images/P2270369.JPG,photos/side_view_images/P2270724.JPG,1.06,1.06,1.5955491065979004,0.5355491065979003,0.5355491065979003
densenet121,side only,elasticnet,37,10,photos/top_view_images/P2270370.JPG,photos/side_view_images/P2270725.JPG,2.12,2.12,2.316833972930908,0.1968339729309081,0.1968339729309081
densenet121,side only,elasticnet,38,10,photos/top_view_images/P2270371.JPG,photos/side_view_images/P2270726.JPG,3.18,3.18,3.077336072921753,-0.10266392707824723,0.10266392707824723
densenet121,side only,elasticnet,39,10,photos/top_view_images/P2270372.JPG,photos/side_view_images/P2270727.JPG,4.24,4.24,4.375677108764648,0.13567710876464822,0.13567710876464822
densenet121,side only,elasticnet,40,11,photos/top_view_images/P2270373.JPG,photos/side_view_images/P2270728.JPG,1.06,1.06,1.033776879310608,-0.026223120689392143,0.026223120689392143
densenet121,side only,elasticnet,41,11,photos/top_view_images/P2270374.JPG,photos/side_view_images/P2270729.JPG,2.12,2.12,2.78378963470459,0.6637896347045897,0.6637896347045897
densenet121,side only,elasticnet,42,11,photos/top_view_images/P2270375.JPG,photos/side_view_images/P2270730.JPG,3.18,3.18,3.454573392868042,0.27457339286804183,0.27457339286804183
densenet121,side only,elasticnet,43,11,photos/top_view_images/P2270376.JPG,photos/side_view_images/P2270731.JPG,4.24,4.24,3.467107057571411,-0.7728929424285891,0.7728929424285891
densenet121,side only,elasticnet,44,12,photos/top_view_images/P2270377.JPG,photos/side_view_images/P2270732.JPG,1.06,1.06,1.7889529466629028,0.7289529466629028,0.7289529466629028
densenet121,side only,elasticnet,45,12,photos/top_view_images/P2270378.JPG,photos/side_view_images/P2270733.JPG,2.12,2.12,2.4913339614868164,0.3713339614868163,0.3713339614868163
densenet121,side only,elasticnet,46,12,photos/top_view_images/P2270379.JPG,photos/side_view_images/P2270734.JPG,3.18,3.18,3.4510231018066406,0.27102310180664047,0.27102310180664047
densenet121,side only,elasticnet,47,12,photos/top_view_images/P2270381.JPG,photos/side_view_images/P2270736.JPG,4.24,4.24,3.6939749717712402,-0.54602502822876,0.54602502822876
densenet121,side only,elasticnet,48,13,photos/top_view_images/P2270383.JPG,photos/side_view_images/P2270737.JPG,1.06,1.06,1.2118384838104248,0.15183848381042475,0.15183848381042475
densenet121,side only,elasticnet,49,13,photos/top_view_images/P2270384.JPG,photos/side_view_images/P2270738.JPG,2.12,2.12,1.3849092721939087,-0.7350907278060914,0.7350907278060914
densenet121,side only,elasticnet,50,13,photos/top_view_images/P2270385.JPG,photos/side_view_images/P2270739.JPG,3.18,3.18,2.337090492248535,-0.842909507751465,0.842909507751465
densenet121,side only,elasticnet,51,14,photos/top_view_images/P3020386.JPG,photos/side_view_images/P3020741.JPG,1.06,1.06,1.774904727935791,0.714904727935791,0.714904727935791
densenet121,side only,elasticnet,52,14,photos/top_view_images/P3020387.JPG,photos/side_view_images/P3020742.JPG,2.12,2.12,1.9381097555160522,-0.18189024448394786,0.18189024448394786
densenet121,side only,elasticnet,53,14,photos/top_view_images/P3020388.JPG,photos/side_view_images/P3020743.JPG,3.18,3.18,3.2929985523223877,0.11299855232238754,0.11299855232238754
densenet121,side only,elasticnet,54,14,photos/top_view_images/P3020389.JPG,photos/side_view_images/P3020744.JPG,4.24,4.24,4.001650333404541,-0.2383496665954592,0.2383496665954592
densenet121,side only,elasticnet,55,15,photos/top_view_images/P3020390.JPG,photos/side_view_images/P3020745.JPG,1.06,1.06,1.2924127578735352,0.2324127578735351,0.2324127578735351
densenet121,side only,elasticnet,56,15,photos/top_view_images/P3020391.JPG,photos/side_view_images/P3020746.JPG,2.12,2.12,2.874229907989502,0.7542299079895018,0.7542299079895018
densenet121,side only,elasticnet,57,15,photos/top_view_images/P3020392.JPG,photos/side_view_images/P3020747.JPG,3.18,3.18,3.6432318687438965,0.4632318687438963,0.4632318687438963
densenet121,side only,elasticnet,58,15,photos/top_view_images/P3020393.JPG,photos/side_view_images/P3020748.JPG,4.24,4.24,3.8701109886169434,-0.36988901138305685,0.36988901138305685
densenet121,side only,elasticnet,59,16,photos/top_view_images/P3020394.JPG,photos/side_view_images/P3020749.JPG,1.06,1.06,0.5318441390991211,-0.528155860900879,0.528155860900879
densenet121,side only,elasticnet,60,16,photos/top_view_images/P3020395.JPG,photos/side_view_images/P3020750.JPG,2.12,2.12,1.351423978805542,-0.7685760211944581,0.7685760211944581
densenet121,side only,elasticnet,61,16,photos/top_view_images/P3020396.JPG,photos/side_view_images/P3020751.JPG,3.18,3.18,2.0984511375427246,-1.0815488624572756,1.0815488624572756
densenet121,side only,elasticnet,62,16,photos/top_view_images/P3020397.JPG,photos/side_view_images/P3020752.JPG,4.24,4.24,3.413278341293335,-0.8267216587066653,0.8267216587066653
densenet121,side only,elasticnet,63,17,photos/top_view_images/P3020398.JPG,photos/side_view_images/P3020753.JPG,1.06,1.06,0.7696259021759033,-0.29037409782409673,0.29037409782409673
densenet121,side only,elasticnet,64,17,photos/top_view_images/P3020399.JPG,photos/side_view_images/P3020754.JPG,2.12,2.12,2.4616587162017822,0.3416587162017821,0.3416587162017821
densenet121,side only,elasticnet,65,17,photos/top_view_images/P3020400.JPG,photos/side_view_images/P3020755.JPG,3.18,3.18,3.473142623901367,0.293142623901367,0.293142623901367
densenet121,side only,elasticnet,66,17,photos/top_view_images/P3020401.JPG,photos/side_view_images/P3020756.JPG,4.24,4.24,4.236664295196533,-0.00333570480346701,0.00333570480346701
densenet121,side only,elasticnet,67,18,photos/top_view_images/P3020402.JPG,photos/side_view_images/P3020757.JPG,1.06,1.06,1.6503939628601074,0.5903939628601074,0.5903939628601074
densenet121,side only,elasticnet,68,18,photos/top_view_images/P3020403.JPG,photos/side_view_images/P3020758.JPG,2.12,2.12,1.9906058311462402,-0.12939416885375987,0.12939416885375987
densenet121,side only,elasticnet,69,18,photos/top_view_images/P3020404.JPG,photos/side_view_images/P3020759.JPG,3.18,3.18,2.9354183673858643,-0.2445816326141359,0.2445816326141359
densenet121,side only,elasticnet,70,18,photos/top_view_images/P3020405.JPG,photos/side_view_images/P3020760.JPG,4.24,4.24,3.7848904132843018,-0.45510958671569846,0.45510958671569846
densenet121,side only,elasticnet,71,19,photos/top_view_images/P3020406.JPG,photos/side_view_images/P3020761.JPG,1.06,1.06,1.7609286308288574,0.7009286308288574,0.7009286308288574
densenet121,side only,elasticnet,72,19,photos/top_view_images/P3020407.JPG,photos/side_view_images/P3020762.JPG,2.12,2.12,2.545295238494873,0.42529523849487294,0.42529523849487294
densenet121,side only,elasticnet,73,19,photos/top_view_images/P3020408.JPG,photos/side_view_images/P3020763.JPG,3.18,3.18,4.720302581787109,1.5403025817871092,1.5403025817871092
densenet121,side only,elasticnet,74,19,photos/top_view_images/P3020409.JPG,photos/side_view_images/P3020764.JPG,4.24,4.24,5.146764755249023,0.9067647552490232,0.9067647552490232
densenet121,side only,elasticnet,75,20,photos/top_view_images/P3020410.JPG,photos/side_view_images/P3020765.JPG,1.06,1.06,1.2403016090393066,0.1803016090393066,0.1803016090393066
densenet121,side only,elasticnet,76,20,photos/top_view_images/P3020411.JPG,photos/side_view_images/P3020766.JPG,2.12,2.12,2.323869228363037,0.203869228363037,0.203869228363037
densenet121,side only,elasticnet,77,20,photos/top_view_images/P3020412.JPG,photos/side_view_images/P3020767.JPG,3.18,3.18,2.726591110229492,-0.453408889770508,0.453408889770508
densenet121,side only,elasticnet,78,20,photos/top_view_images/P3020413.JPG,photos/side_view_images/P3020768.JPG,4.24,4.24,3.773961067199707,-0.4660389328002932,0.4660389328002932
densenet121,side only,elasticnet,79,21,photos/top_view_images/P3020414.JPG,photos/side_view_images/P3020769.JPG,1.06,1.06,1.5543357133865356,0.4943357133865356,0.4943357133865356
densenet121,side only,elasticnet,80,21,photos/top_view_images/P3020415.JPG,photos/side_view_images/P3020770.JPG,2.12,2.12,2.750882148742676,0.6308821487426757,0.6308821487426757
densenet121,side only,elasticnet,81,21,photos/top_view_images/P3020416.JPG,photos/side_view_images/P3020771.JPG,3.18,3.18,3.3972063064575195,0.21720630645751937,0.21720630645751937
densenet121,side only,elasticnet,82,21,photos/top_view_images/P3020417.JPG,photos/side_view_images/P3020772.JPG,4.24,4.24,3.6214513778686523,-0.6185486221313479,0.6185486221313479
densenet121,side only,elasticnet,83,22,photos/top_view_images/P3020418.JPG,photos/side_view_images/P3020773.JPG,1.06,1.06,1.234100341796875,0.17410034179687495,0.17410034179687495
densenet121,side only,elasticnet,84,22,photos/top_view_images/P3020419.JPG,photos/side_view_images/P3020774.JPG,2.12,2.12,2.204164743423462,0.08416474342346181,0.08416474342346181
densenet121,side only,elasticnet,85,22,photos/top_view_images/P3020420.JPG,photos/side_view_images/P3020775.JPG,3.18,3.18,3.618466854095459,0.4384668540954588,0.4384668540954588
densenet121,side only,elasticnet,86,22,photos/top_view_images/P3020421.JPG,photos/side_view_images/P3020776.JPG,4.24,4.24,3.5677638053894043,-0.6722361946105959,0.6722361946105959
densenet121,side only,elasticnet,87,23,photos/top_view_images/P3020422.JPG,photos/side_view_images/P3020777.JPG,1.06,1.06,1.221895456314087,0.16189545631408686,0.16189545631408686
densenet121,side only,elasticnet,88,23,photos/top_view_images/P3020423.JPG,photos/side_view_images/P3020778.JPG,2.12,2.12,2.155590534210205,0.03559053421020497,0.03559053421020497
densenet121,side only,elasticnet,89,23,photos/top_view_images/P3020424.JPG,photos/side_view_images/P3020779.JPG,3.18,3.18,3.629115581512451,0.449115581512451,0.449115581512451
densenet121,side only,elasticnet,90,23,photos/top_view_images/P3020425.JPG,photos/side_view_images/P3020780.JPG,4.24,4.24,3.97792911529541,-0.26207088470459006,0.26207088470459006
densenet121,side only,elasticnet,91,24,photos/top_view_images/P3020426.JPG,photos/side_view_images/P3020781.JPG,1.06,1.06,1.676106572151184,0.616106572151184,0.616106572151184
densenet121,side only,elasticnet,92,24,photos/top_view_images/P3020427.JPG,photos/side_view_images/P3020782.JPG,2.12,2.12,2.6706385612487793,0.5506385612487792,0.5506385612487792
densenet121,side only,elasticnet,93,24,photos/top_view_images/P3020428.JPG,photos/side_view_images/P3020783.JPG,3.18,3.18,4.085063934326172,0.9050639343261717,0.9050639343261717
densenet121,side only,elasticnet,94,24,photos/top_view_images/P3020429.JPG,photos/side_view_images/P3020784.JPG,4.24,4.24,4.625527858734131,0.38552785873413065,0.38552785873413065
densenet121,side only,elasticnet,95,25,photos/top_view_images/P3020430.JPG,photos/side_view_images/P3020785.JPG,1.06,1.06,1.1540002822875977,0.0940002822875976,0.0940002822875976
densenet121,side only,elasticnet,96,25,photos/top_view_images/P3020431.JPG,photos/side_view_images/P3020786.JPG,2.12,2.12,2.032749652862549,-0.08725034713745128,0.08725034713745128
densenet121,side only,elasticnet,97,25,photos/top_view_images/P3020432.JPG,photos/side_view_images/P3020787.JPG,3.18,3.18,2.674985408782959,-0.5050145912170412,0.5050145912170412
densenet121,side only,elasticnet,98,25,photos/top_view_images/P3020433.JPG,photos/side_view_images/P3020788.JPG,4.24,4.24,3.206284999847412,-1.033715000152588,1.033715000152588
densenet121,side only,elasticnet,99,26,photos/top_view_images/P3020434.JPG,photos/side_view_images/P3020789.JPG,1.06,1.06,1.7616761922836304,0.7016761922836303,0.7016761922836303
densenet121,side only,elasticnet,100,26,photos/top_view_images/P3020435.JPG,photos/side_view_images/P3020790.JPG,2.12,2.12,2.909172773361206,0.789172773361206,0.789172773361206
densenet121,side only,elasticnet,101,26,photos/top_view_images/P3020436.JPG,photos/side_view_images/P3020791.JPG,3.18,3.18,3.900144338607788,0.7201443386077879,0.7201443386077879
densenet121,side only,elasticnet,102,26,photos/top_view_images/P3020437.JPG,photos/side_view_images/P3020792.JPG,4.24,4.24,4.481423377990723,0.24142337799072244,0.24142337799072244
densenet121,side only,elasticnet,103,27,photos/top_view_images/P3020438.JPG,photos/side_view_images/P3020793.JPG,1.06,1.06,0.5445716381072998,-0.5154283618927002,0.5154283618927002
densenet121,side only,elasticnet,104,27,photos/top_view_images/P3020439.JPG,photos/side_view_images/P3020794.JPG,2.12,2.12,1.6846826076507568,-0.43531739234924327,0.43531739234924327
densenet121,side only,elasticnet,105,27,photos/top_view_images/P3020440.JPG,photos/side_view_images/P3020795.JPG,3.18,3.18,2.5303282737731934,-0.6496717262268068,0.6496717262268068
densenet121,side only,elasticnet,106,27,photos/top_view_images/P3020441.JPG,photos/side_view_images/P3020796.JPG,4.24,4.24,3.481430768966675,-0.7585692310333254,0.7585692310333254
densenet121,side only,elasticnet,107,28,photos/top_view_images/P3030442.JPG,photos/side_view_images/P3030797.JPG,1.06,1.06,0.830905556678772,-0.22909444332122808,0.22909444332122808
densenet121,side only,elasticnet,108,28,photos/top_view_images/P3030443.JPG,photos/side_view_images/P3030798.JPG,2.12,2.12,1.9327714443206787,-0.1872285556793214,0.1872285556793214
densenet121,side only,elasticnet,109,28,photos/top_view_images/P3030444.JPG,photos/side_view_images/P3030799.JPG,3.18,3.18,2.467679023742676,-0.7123209762573244,0.7123209762573244
densenet121,side only,elasticnet,110,28,photos/top_view_images/P3030445.JPG,photos/side_view_images/P3030800.JPG,4.24,4.24,3.1079728603363037,-1.1320271396636965,1.1320271396636965
densenet121,side only,elasticnet,111,29,photos/top_view_images/P3030446.JPG,photos/side_view_images/P3030801.JPG,1.06,1.06,1.0072805881500244,-0.05271941184997564,0.05271941184997564
densenet121,side only,elasticnet,112,29,photos/top_view_images/P3030447.JPG,photos/side_view_images/P3030802.JPG,2.12,2.12,2.431063413619995,0.311063413619995,0.311063413619995
densenet121,side only,elasticnet,113,29,photos/top_view_images/P3030448.JPG,photos/side_view_images/P3030803.JPG,3.18,3.18,3.4032371044158936,0.2232371044158934,0.2232371044158934
densenet121,side only,elasticnet,114,29,photos/top_view_images/P3030449.JPG,photos/side_view_images/P3030804.JPG,4.24,4.24,3.806945323944092,-0.4330546760559084,0.4330546760559084
densenet121,side only,elasticnet,115,30,photos/top_view_images/P3030450.JPG,photos/side_view_images/P3030805.JPG,1.06,1.06,1.3994109630584717,0.3394109630584716,0.3394109630584716
densenet121,side only,elasticnet,116,30,photos/top_view_images/P3030451.JPG,photos/side_view_images/P3030806.JPG,2.12,2.12,2.212862253189087,0.09286225318908681,0.09286225318908681
densenet121,side only,elasticnet,117,30,photos/top_view_images/P3030452.JPG,photos/side_view_images/P3030807.JPG,3.18,3.18,2.207343339920044,-0.9726566600799562,0.9726566600799562
densenet121,side only,elasticnet,118,30,photos/top_view_images/P3030453.JPG,photos/side_view_images/P3030808.JPG,4.24,4.24,2.833226203918457,-1.4067737960815432,1.4067737960815432
densenet121,side only,elasticnet,119,31,photos/top_view_images/P3030454.JPG,photos/side_view_images/P3030809.JPG,1.06,1.06,1.6388003826141357,0.5788003826141357,0.5788003826141357
densenet121,side only,elasticnet,120,31,photos/top_view_images/P3030455.JPG,photos/side_view_images/P3030810.JPG,2.12,2.12,2.424773693084717,0.3047736930847167,0.3047736930847167
densenet121,side only,elasticnet,121,31,photos/top_view_images/P3030456.JPG,photos/side_view_images/P3030811.JPG,3.18,3.18,3.0972092151641846,-0.08279078483581559,0.08279078483581559
densenet121,side only,elasticnet,122,31,photos/top_view_images/P3030457.JPG,photos/side_view_images/P3030812.JPG,4.24,4.24,4.522766590118408,0.282766590118408,0.282766590118408
densenet121,side only,elasticnet,123,32,photos/top_view_images/P3050458.JPG,photos/side_view_images/P3050813.JPG,1.06,1.06,1.8179783821105957,0.7579783821105956,0.7579783821105956
densenet121,side only,elasticnet,124,32,photos/top_view_images/P3050459.JPG,photos/side_view_images/P3050814.JPG,2.12,2.12,3.5554916858673096,1.4354916858673095,1.4354916858673095
densenet121,side only,elasticnet,125,32,photos/top_view_images/P3050460.JPG,photos/side_view_images/P3050815.JPG,3.18,3.18,3.706930160522461,0.5269301605224608,0.5269301605224608
densenet121,side only,elasticnet,126,32,photos/top_view_images/P3050462.JPG,photos/side_view_images/P3050817.JPG,4.24,4.24,4.086079120635986,-0.15392087936401389,0.15392087936401389
densenet121,side only,elasticnet,127,33,photos/top_view_images/P3050463.JPG,photos/side_view_images/P3050818.JPG,1.06,1.06,0.9032652378082275,-0.15673476219177251,0.15673476219177251
densenet121,side only,elasticnet,128,33,photos/top_view_images/P3050464.JPG,photos/side_view_images/P3050819.JPG,2.12,2.12,1.8438633680343628,-0.2761366319656373,0.2761366319656373
densenet121,side only,elasticnet,129,34,photos/top_view_images/P3050467.JPG,photos/side_view_images/P3050823.JPG,1.06,1.06,1.7932193279266357,0.7332193279266357,0.7332193279266357
densenet121,side only,elasticnet,130,34,photos/top_view_images/P3050468.JPG,photos/side_view_images/P3050824.JPG,2.12,2.12,3.189650058746338,1.0696500587463378,1.0696500587463378
densenet121,side only,elasticnet,131,34,photos/top_view_images/P3050469.JPG,photos/side_view_images/P3050825.JPG,3.18,3.18,3.851015090942383,0.6710150909423827,0.6710150909423827
densenet121,side only,elasticnet,132,34,photos/top_view_images/P3050470.JPG,photos/side_view_images/P3050826.JPG,4.24,4.24,4.125335216522217,-0.11466478347778342,0.11466478347778342
densenet121,side only,elasticnet,133,35,photos/top_view_images/P3050471.JPG,photos/side_view_images/P3050827.JPG,1.06,1.06,1.1763112545013428,0.11631125450134272,0.11631125450134272
densenet121,side only,elasticnet,134,35,photos/top_view_images/P3050472.JPG,photos/side_view_images/P3050828.JPG,2.12,2.12,2.4329020977020264,0.31290209770202626,0.31290209770202626
densenet121,side only,elasticnet,135,35,photos/top_view_images/P3050473.JPG,photos/side_view_images/P3050829.JPG,3.18,3.18,3.0766663551330566,-0.10333364486694352,0.10333364486694352
densenet121,side only,elasticnet,136,35,photos/top_view_images/P3050474.JPG,photos/side_view_images/P3050830.JPG,4.24,4.24,4.207759857177734,-0.03224014282226584,0.03224014282226584
densenet121,side only,elasticnet,137,36,photos/top_view_images/P3050475.JPG,photos/side_view_images/P3050831.JPG,1.06,1.06,1.1789793968200684,0.1189793968200683,0.1189793968200683
densenet121,side only,elasticnet,138,36,photos/top_view_images/P3050476.JPG,photos/side_view_images/P3050832.JPG,2.12,2.12,2.89581298828125,0.7758129882812499,0.7758129882812499
densenet121,side only,elasticnet,139,36,photos/top_view_images/P3050477.JPG,photos/side_view_images/P3050833.JPG,3.18,3.18,3.1573657989501953,-0.022634201049804847,0.022634201049804847
densenet121,side only,elasticnet,140,36,photos/top_view_images/P3050478.JPG,photos/side_view_images/P3050834.JPG,4.24,4.24,3.4521262645721436,-0.7878737354278567,0.7878737354278567
densenet121,side only,elasticnet,141,37,photos/top_view_images/P3050479.JPG,photos/side_view_images/P3050835.JPG,1.06,1.06,1.3956844806671143,0.3356844806671142,0.3356844806671142
densenet121,side only,elasticnet,142,37,photos/top_view_images/P3050480.JPG,photos/side_view_images/P3050836.JPG,2.12,2.12,2.8095810413360596,0.6895810413360595,0.6895810413360595
densenet121,side only,elasticnet,143,37,photos/top_view_images/P3050481.JPG,photos/side_view_images/P3050837.JPG,3.18,3.18,3.2575106620788574,0.07751066207885726,0.07751066207885726
densenet121,side only,elasticnet,144,37,photos/top_view_images/P3050482.JPG,photos/side_view_images/P3050838.JPG,4.24,4.24,3.502730369567871,-0.7372696304321291,0.7372696304321291
densenet121,side only,elasticnet,145,38,photos/top_view_images/P3050484.JPG,photos/side_view_images/P3050840.JPG,1.06,1.06,1.23760986328125,0.17760986328124995,0.17760986328124995
densenet121,side only,elasticnet,146,38,photos/top_view_images/P3050485.JPG,photos/side_view_images/P3050841.JPG,2.12,2.12,2.1035964488983154,-0.016403551101684677,0.016403551101684677
densenet121,side only,elasticnet,147,38,photos/top_view_images/P3050486.JPG,photos/side_view_images/P3050842.JPG,3.18,3.18,2.6604385375976562,-0.5195614624023439,0.5195614624023439
densenet121,side only,elasticnet,148,38,photos/top_view_images/P3050487.JPG,photos/side_view_images/P3050843.JPG,4.24,4.24,3.3466901779174805,-0.8933098220825197,0.8933098220825197
densenet121,side only,elasticnet,149,39,photos/top_view_images/P3050488.JPG,photos/side_view_images/P3050844.JPG,1.06,1.06,1.494065284729004,0.43406528472900385,0.43406528472900385
densenet121,side only,elasticnet,150,39,photos/top_view_images/P3050489.JPG,photos/side_view_images/P3050845.JPG,2.12,2.12,2.603170394897461,0.48317039489746083,0.48317039489746083
densenet121,side only,elasticnet,151,39,photos/top_view_images/P3050490.JPG,photos/side_view_images/P3050846.JPG,3.18,3.18,3.664628744125366,0.48462874412536605,0.48462874412536605
densenet121,side only,elasticnet,152,39,photos/top_view_images/P3050491.JPG,photos/side_view_images/P3050847.JPG,4.24,4.24,4.077206134796143,-0.16279386520385764,0.16279386520385764
densenet121,side only,elasticnet,153,40,photos/top_view_images/P3050492.JPG,photos/side_view_images/P3050848.JPG,1.06,1.06,1.3058502674102783,0.24585026741027827,0.24585026741027827
densenet121,side only,elasticnet,154,40,photos/top_view_images/P3050493.JPG,photos/side_view_images/P3050849.JPG,2.12,2.12,1.7770886421203613,-0.3429113578796388,0.3429113578796388
densenet121,side only,elasticnet,155,40,photos/top_view_images/P3050494.JPG,photos/side_view_images/P3050850.JPG,3.18,3.18,2.450728416442871,-0.7292715835571291,0.7292715835571291
densenet121,side only,elasticnet,156,40,photos/top_view_images/P3050495.JPG,photos/side_view_images/P3050851.JPG,4.24,4.24,2.6657018661499023,-1.5742981338500979,1.5742981338500979
densenet121,side only,elasticnet,157,41,photos/top_view_images/P3050496.JPG,photos/side_view_images/P3050852.JPG,1.06,1.06,1.6842340230941772,0.6242340230941772,0.6242340230941772
densenet121,side only,elasticnet,158,41,photos/top_view_images/P3050497.JPG,photos/side_view_images/P3050853.JPG,2.12,2.12,1.822213888168335,-0.29778611183166515,0.29778611183166515
densenet121,side only,elasticnet,159,41,photos/top_view_images/P3050498.JPG,photos/side_view_images/P3050854.JPG,3.18,3.18,3.0697641372680664,-0.11023586273193375,0.11023586273193375
densenet121,side only,elasticnet,160,41,photos/top_view_images/P3050499.JPG,photos/side_view_images/P3050855.JPG,4.24,4.24,3.1450047492980957,-1.0949952507019045,1.0949952507019045
densenet121,side only,elasticnet,161,42,photos/top_view_images/P3050500.JPG,photos/side_view_images/P3050857.JPG,2.12,2.12,1.8971669673919678,-0.22283303260803233,0.22283303260803233
densenet121,side only,elasticnet,162,42,photos/top_view_images/P3050501.JPG,photos/side_view_images/P3050858.JPG,3.18,3.18,2.2829983234405518,-0.8970016765594484,0.8970016765594484
densenet121,side only,elasticnet,163,43,photos/top_view_images/P3060503.JPG,photos/side_view_images/P3060859.JPG,1.06,1.06,1.332744836807251,0.2727448368072509,0.2727448368072509
densenet121,side only,elasticnet,164,43,photos/top_view_images/P3060504.JPG,photos/side_view_images/P3060860.JPG,2.12,2.12,2.9958674907684326,0.8758674907684325,0.8758674907684325
densenet121,side only,elasticnet,165,43,photos/top_view_images/P3060505.JPG,photos/side_view_images/P3060861.JPG,3.18,3.18,3.4850006103515625,0.30500061035156234,0.30500061035156234
densenet121,side only,elasticnet,166,43,photos/top_view_images/P3060506.JPG,photos/side_view_images/P3060862.JPG,4.24,4.24,4.34307861328125,0.10307861328124979,0.10307861328124979
densenet121,side only,elasticnet,167,44,photos/top_view_images/P3060507.JPG,photos/side_view_images/P3060863.JPG,1.06,1.06,0.3013796806335449,-0.7586203193664551,0.7586203193664551
densenet121,side only,elasticnet,168,44,photos/top_view_images/P3060508.JPG,photos/side_view_images/P3060864.JPG,2.12,2.12,1.7498822212219238,-0.3701177787780763,0.3701177787780763
densenet121,side only,elasticnet,169,44,photos/top_view_images/P3060509.JPG,photos/side_view_images/P3060865.JPG,3.18,3.18,2.3893632888793945,-0.7906367111206056,0.7906367111206056
densenet121,side only,elasticnet,170,44,photos/top_view_images/P3060510.JPG,photos/side_view_images/P3060866.JPG,4.24,4.24,3.4453251361846924,-0.7946748638153078,0.7946748638153078
densenet121,side only,elasticnet,171,45,photos/top_view_images/P3060511.JPG,photos/side_view_images/P3060867.JPG,1.06,1.06,1.6130764484405518,0.5530764484405517,0.5530764484405517
densenet121,side only,elasticnet,172,45,photos/top_view_images/P3060512.JPG,photos/side_view_images/P3060868.JPG,2.12,2.12,2.4694559574127197,0.3494559574127196,0.3494559574127196
densenet121,side only,elasticnet,173,45,photos/top_view_images/P3060513.JPG,photos/side_view_images/P3060869.JPG,3.18,3.18,3.0237510204315186,-0.1562489795684816,0.1562489795684816
densenet121,side only,elasticnet,174,45,photos/top_view_images/P3060514.JPG,photos/side_view_images/P3060870.JPG,4.24,4.24,3.4116694927215576,-0.8283305072784426,0.8283305072784426
densenet121,side only,elasticnet,175,46,photos/top_view_images/P3060515.JPG,photos/side_view_images/P3060871.JPG,1.06,1.06,1.1599689722061157,0.09996897220611567,0.09996897220611567
densenet121,side only,elasticnet,176,46,photos/top_view_images/P3060516.JPG,photos/side_view_images/P3060872.JPG,2.12,2.12,2.6766858100891113,0.5566858100891112,0.5566858100891112
densenet121,side only,elasticnet,177,46,photos/top_view_images/P3060517.JPG,photos/side_view_images/P3060873.JPG,3.18,3.18,3.299323558807373,0.11932355880737289,0.11932355880737289
densenet121,side only,elasticnet,178,46,photos/top_view_images/P3060518.JPG,photos/side_view_images/P3060874.JPG,4.24,4.24,3.4468071460723877,-0.7931928539276125,0.7931928539276125
densenet121,side only,elasticnet,179,47,photos/top_view_images/P3060519.JPG,photos/side_view_images/P3060875.JPG,1.06,1.06,1.6873828172683716,0.6273828172683715,0.6273828172683715
densenet121,side only,elasticnet,180,47,photos/top_view_images/P3060520.JPG,photos/side_view_images/P3060876.JPG,2.12,2.12,2.6591713428497314,0.5391713428497313,0.5391713428497313
densenet121,side only,elasticnet,181,47,photos/top_view_images/P3060521.JPG,photos/side_view_images/P3060877.JPG,3.18,3.18,3.1628975868225098,-0.017102413177490394,0.017102413177490394
densenet121,side only,elasticnet,182,47,photos/top_view_images/P3060522.JPG,photos/side_view_images/P3060878.JPG,4.24,4.24,3.9828977584838867,-0.2571022415161135,0.2571022415161135
densenet121,side only,elasticnet,183,48,photos/top_view_images/P3060523.JPG,photos/side_view_images/P3060879.JPG,1.06,1.06,1.195113182067871,0.13511318206787104,0.13511318206787104
densenet121,side only,elasticnet,184,48,photos/top_view_images/P3060524.JPG,photos/side_view_images/P3060880.JPG,2.12,2.12,1.6094309091567993,-0.5105690908432008,0.5105690908432008
densenet121,side only,elasticnet,185,48,photos/top_view_images/P3060525.JPG,photos/side_view_images/P3060881.JPG,3.18,3.18,2.600266695022583,-0.5797333049774172,0.5797333049774172
densenet121,side only,elasticnet,186,48,photos/top_view_images/P3060526.JPG,photos/side_view_images/P3060882.JPG,4.24,4.24,3.199720859527588,-1.0402791404724123,1.0402791404724123
densenet121,side only,elasticnet,187,49,photos/top_view_images/P3060527.JPG,photos/side_view_images/P3060883.JPG,1.06,1.06,1.5592889785766602,0.4992889785766601,0.4992889785766601
densenet121,side only,elasticnet,188,49,photos/top_view_images/P3060528.JPG,photos/side_view_images/P3060884.JPG,2.12,2.12,2.741131067276001,0.6211310672760009,0.6211310672760009
densenet121,side only,elasticnet,189,49,photos/top_view_images/P3060529.JPG,photos/side_view_images/P3060885.JPG,3.18,3.18,3.639470100402832,0.45947010040283187,0.45947010040283187
densenet121,side only,elasticnet,190,49,photos/top_view_images/P3060530.JPG,photos/side_view_images/P3060886.JPG,4.24,4.24,3.4774580001831055,-0.7625419998168947,0.7625419998168947
densenet121,side only,elasticnet,191,50,photos/top_view_images/P3060531.JPG,photos/side_view_images/P3060887.JPG,1.06,1.06,1.701225757598877,0.6412257575988769,0.6412257575988769
densenet121,side only,elasticnet,192,50,photos/top_view_images/P3060532.JPG,photos/side_view_images/P3060888.JPG,2.12,2.12,2.87323260307312,0.75323260307312,0.75323260307312
densenet121,side only,elasticnet,193,50,photos/top_view_images/P3060533.JPG,photos/side_view_images/P3060889.JPG,3.18,3.18,3.628122091293335,0.4481220912933348,0.4481220912933348
densenet121,side only,elasticnet,194,50,photos/top_view_images/P3060534.JPG,photos/side_view_images/P3060890.JPG,4.24,4.24,3.6191346645355225,-0.6208653354644778,0.6208653354644778
densenet121,side only,elasticnet,195,51,photos/top_view_images/P3060535.JPG,photos/side_view_images/P3060891.JPG,1.06,1.06,1.3842636346817017,0.3242636346817016,0.3242636346817016
densenet121,side only,elasticnet,196,51,photos/top_view_images/P3060536.JPG,photos/side_view_images/P3060892.JPG,2.12,2.12,2.687021017074585,0.5670210170745849,0.5670210170745849
densenet121,side only,elasticnet,197,51,photos/top_view_images/P3060537.JPG,photos/side_view_images/P3060893.JPG,3.18,3.18,3.0542449951171875,-0.12575500488281266,0.12575500488281266
densenet121,side only,elasticnet,198,51,photos/top_view_images/P3060538.JPG,photos/side_view_images/P3060894.JPG,4.24,4.24,3.3385114669799805,-0.9014885330200197,0.9014885330200197
densenet121,side only,elasticnet,199,52,photos/top_view_images/P3060539.JPG,photos/side_view_images/P3060895.JPG,1.06,1.06,2.4489073753356934,1.3889073753356933,1.3889073753356933
densenet121,side only,elasticnet,200,52,photos/top_view_images/P3060540.JPG,photos/side_view_images/P3060896.JPG,2.12,2.12,2.899670124053955,0.779670124053955,0.779670124053955
densenet121,side only,elasticnet,201,52,photos/top_view_images/P3060541.JPG,photos/side_view_images/P3060897.JPG,3.18,3.18,3.5365984439849854,0.3565984439849852,0.3565984439849852
densenet121,side only,elasticnet,202,52,photos/top_view_images/P3060542.JPG,photos/side_view_images/P3060898.JPG,4.24,4.24,4.083090782165527,-0.15690921783447287,0.15690921783447287
densenet121,side only,elasticnet,203,53,photos/top_view_images/P3060543.JPG,photos/side_view_images/P3060899.JPG,1.06,1.06,0.5128166675567627,-0.5471833324432374,0.5471833324432374
densenet121,side only,elasticnet,204,53,photos/top_view_images/P3060544.JPG,photos/side_view_images/P3060900.JPG,2.12,2.12,2.3641979694366455,0.2441979694366454,0.2441979694366454
densenet121,side only,elasticnet,205,53,photos/top_view_images/P3060545.JPG,photos/side_view_images/P3060901.JPG,3.18,3.18,3.07598876953125,-0.10401123046875016,0.10401123046875016
densenet121,side only,elasticnet,206,53,photos/top_view_images/P3060546.JPG,photos/side_view_images/P3060902.JPG,4.24,4.24,3.171163558959961,-1.0688364410400393,1.0688364410400393
densenet121,side only,elasticnet,207,54,photos/top_view_images/P3060547.JPG,photos/side_view_images/P3060903.JPG,1.06,1.06,1.6505749225616455,0.5905749225616455,0.5905749225616455
densenet121,side only,elasticnet,208,54,photos/top_view_images/P3060548.JPG,photos/side_view_images/P3060904.JPG,2.12,2.12,2.296030044555664,0.17603004455566396,0.17603004455566396
densenet121,side only,elasticnet,209,54,photos/top_view_images/P3060549.JPG,photos/side_view_images/P3060905.JPG,3.18,3.18,2.710469961166382,-0.4695300388336183,0.4695300388336183
densenet121,side only,elasticnet,210,55,photos/top_view_images/P3060550.JPG,photos/side_view_images/P3060906.JPG,1.06,1.06,1.110046148300171,0.050046148300170845,0.050046148300170845
densenet121,side only,elasticnet,211,55,photos/top_view_images/P3060551.JPG,photos/side_view_images/P3060907.JPG,2.12,2.12,2.630197048187256,0.5101970481872558,0.5101970481872558
densenet121,side only,elasticnet,212,55,photos/top_view_images/P3060552.JPG,photos/side_view_images/P3060908.JPG,3.18,3.18,3.2733383178710938,0.09333831787109359,0.09333831787109359
densenet121,side only,elasticnet,213,55,photos/top_view_images/P3060553.JPG,photos/side_view_images/P3060909.JPG,4.24,4.24,3.487502098083496,-0.7524979019165041,0.7524979019165041
densenet121,side only,elasticnet,214,56,photos/top_view_images/P3060554.JPG,photos/side_view_images/P3060910.JPG,1.06,1.06,1.725895643234253,0.6658956432342529,0.6658956432342529
densenet121,side only,elasticnet,215,56,photos/top_view_images/P3060555.JPG,photos/side_view_images/P3060911.JPG,2.12,2.12,2.712742567062378,0.5927425670623778,0.5927425670623778
densenet121,side only,elasticnet,216,56,photos/top_view_images/P3060556.JPG,photos/side_view_images/P3060912.JPG,3.18,3.18,3.0184988975524902,-0.16150110244750993,0.16150110244750993
densenet121,side only,elasticnet,217,57,photos/top_view_images/P3090558.JPG,photos/side_view_images/P3090914.JPG,1.06,1.06,0.902829647064209,-0.15717035293579107,0.15717035293579107
densenet121,side only,elasticnet,218,57,photos/top_view_images/P3090559.JPG,photos/side_view_images/P3090915.JPG,2.12,2.12,1.8688294887542725,-0.25117051124572765,0.25117051124572765
densenet121,side only,elasticnet,219,57,photos/top_view_images/P3090560.JPG,photos/side_view_images/P3090916.JPG,3.18,3.18,2.735363721847534,-0.444636278152466,0.444636278152466
densenet121,side only,elasticnet,220,57,photos/top_view_images/P3090561.JPG,photos/side_view_images/P3090917.JPG,4.24,4.24,4.208035469055176,-0.03196453094482443,0.03196453094482443
densenet121,side only,elasticnet,221,58,photos/top_view_images/P3090562.JPG,photos/side_view_images/P3090918.JPG,1.06,1.06,1.222179889678955,0.16217988967895502,0.16217988967895502
densenet121,side only,elasticnet,222,58,photos/top_view_images/P3090563.JPG,photos/side_view_images/P3090919.JPG,2.12,2.12,2.656255006790161,0.536255006790161,0.536255006790161
densenet121,side only,elasticnet,223,58,photos/top_view_images/P3090564.JPG,photos/side_view_images/P3090920.JPG,3.18,3.18,3.116410255432129,-0.06358974456787125,0.06358974456787125
densenet121,side only,elasticnet,224,58,photos/top_view_images/P3090565.JPG,photos/side_view_images/P3090921.JPG,4.24,4.24,3.661332368850708,-0.5786676311492922,0.5786676311492922
densenet121,side only,elasticnet,225,59,photos/top_view_images/P3090566.JPG,photos/side_view_images/P3090922.JPG,1.06,1.06,0.7232862710952759,-0.3367137289047242,0.3367137289047242
densenet121,side only,elasticnet,226,59,photos/top_view_images/P3090567.JPG,photos/side_view_images/P3090923.JPG,2.12,2.12,2.9247093200683594,0.8047093200683593,0.8047093200683593
densenet121,side only,elasticnet,227,59,photos/top_view_images/P3090568.JPG,photos/side_view_images/P3090924.JPG,3.18,3.18,3.640800952911377,0.4608009529113768,0.4608009529113768
densenet121,side only,elasticnet,228,59,photos/top_view_images/P3090569.JPG,photos/side_view_images/P3090925.JPG,4.24,4.24,4.41554594039917,0.1755459403991697,0.1755459403991697
densenet121,side only,elasticnet,229,60,photos/top_view_images/P3090570.JPG,photos/side_view_images/P3090926.JPG,1.06,1.06,1.1597203016281128,0.09972030162811274,0.09972030162811274
densenet121,side only,elasticnet,230,60,photos/top_view_images/P3090571.JPG,photos/side_view_images/P3090927.JPG,2.12,2.12,1.8595296144485474,-0.26047038555145274,0.26047038555145274
densenet121,side only,elasticnet,231,60,photos/top_view_images/P3090572.JPG,photos/side_view_images/P3090928.JPG,3.18,3.18,2.709467887878418,-0.4705321121215822,0.4705321121215822
densenet121,side only,elasticnet,232,60,photos/top_view_images/P3090573.JPG,photos/side_view_images/P3090929.JPG,4.24,4.24,4.190049171447754,-0.04995082855224631,0.04995082855224631
densenet121,side only,elasticnet,233,61,photos/top_view_images/P3090574.JPG,photos/side_view_images/P3090930.JPG,1.06,1.06,1.0602973699569702,0.00029736995697016155,0.00029736995697016155
densenet121,side only,elasticnet,234,61,photos/top_view_images/P3090575.JPG,photos/side_view_images/P3090931.JPG,2.12,2.12,1.8681766986846924,-0.2518233013153077,0.2518233013153077
densenet121,side only,elasticnet,235,61,photos/top_view_images/P3090576.JPG,photos/side_view_images/P3090932.JPG,3.18,3.18,2.3955492973327637,-0.7844507026672365,0.7844507026672365
densenet121,side only,elasticnet,236,61,photos/top_view_images/P3090577.JPG,photos/side_view_images/P3090933.JPG,4.24,4.24,3.045619249343872,-1.1943807506561281,1.1943807506561281
densenet121,side only,elasticnet,237,62,photos/top_view_images/P3090578.JPG,photos/side_view_images/P3090934.JPG,1.06,1.06,1.2686214447021484,0.20862144470214838,0.20862144470214838
densenet121,side only,elasticnet,238,62,photos/top_view_images/P3090579.JPG,photos/side_view_images/P3090935.JPG,2.12,2.12,2.1214518547058105,0.0014518547058104403,0.0014518547058104403
densenet121,side only,elasticnet,239,62,photos/top_view_images/P3090580.JPG,photos/side_view_images/P3090936.JPG,3.18,3.18,3.3104610443115234,0.13046104431152328,0.13046104431152328
densenet121,side only,elasticnet,240,62,photos/top_view_images/P3090581.JPG,photos/side_view_images/P3090937.JPG,4.24,4.24,4.410989761352539,0.17098976135253885,0.17098976135253885
densenet121,side only,elasticnet,241,63,photos/top_view_images/P3090582.JPG,photos/side_view_images/P3090938.JPG,1.06,1.06,1.1828255653381348,0.12282556533813471,0.12282556533813471
densenet121,side only,elasticnet,242,63,photos/top_view_images/P3090583.JPG,photos/side_view_images/P3090939.JPG,3.18,3.18,3.7164008617401123,0.5364008617401121,0.5364008617401121
densenet121,side only,elasticnet,243,63,photos/top_view_images/P3090584.JPG,photos/side_view_images/P3090940.JPG,4.24,4.24,3.5418403148651123,-0.6981596851348879,0.6981596851348879
densenet121,side only,elasticnet,244,64,photos/top_view_images/P3090585.JPG,photos/side_view_images/P3090941.JPG,1.06,1.06,1.7108763456344604,0.6508763456344604,0.6508763456344604
densenet121,side only,elasticnet,245,64,photos/top_view_images/P3090586.JPG,photos/side_view_images/P3090942.JPG,2.12,2.12,2.3871984481811523,0.26719844818115224,0.26719844818115224
densenet121,side only,elasticnet,246,64,photos/top_view_images/P3090587.JPG,photos/side_view_images/P3090943.JPG,3.18,3.18,3.784179449081421,0.6041794490814207,0.6041794490814207
densenet121,side only,elasticnet,247,64,photos/top_view_images/P3090588.JPG,photos/side_view_images/P3090944.JPG,4.24,4.24,4.37085485458374,0.13085485458374002,0.13085485458374002
densenet121,side only,elasticnet,248,65,photos/top_view_images/P3090589.JPG,photos/side_view_images/P3090945.JPG,1.06,1.06,1.04860258102417,-0.011397418975830131,0.011397418975830131
densenet121,side only,elasticnet,249,65,photos/top_view_images/P3090590.JPG,photos/side_view_images/P3090946.JPG,2.12,2.12,2.0293049812316895,-0.09069501876831065,0.09069501876831065
densenet121,side only,elasticnet,250,65,photos/top_view_images/P3090591.JPG,photos/side_view_images/P3090947.JPG,3.18,3.18,2.9160890579223633,-0.2639109420776369,0.2639109420776369
densenet121,side only,elasticnet,251,65,photos/top_view_images/P3090592.JPG,photos/side_view_images/P3090948.JPG,4.24,4.24,4.297108173370361,0.057108173370361115,0.057108173370361115
densenet121,side only,elasticnet,252,66,photos/top_view_images/P3090593.JPG,photos/side_view_images/P3090949.JPG,1.06,1.06,1.443204402923584,0.38320440292358393,0.38320440292358393
densenet121,side only,elasticnet,253,66,photos/top_view_images/P3090594.JPG,photos/side_view_images/P3090950.JPG,2.12,2.12,2.379427194595337,0.2594271945953368,0.2594271945953368
densenet121,side only,elasticnet,254,66,photos/top_view_images/P3090596.JPG,photos/side_view_images/P3090952.JPG,3.18,3.18,2.7238779067993164,-0.45612209320068375,0.45612209320068375
densenet121,side only,elasticnet,255,66,photos/top_view_images/P3090597.JPG,photos/side_view_images/P3090953.JPG,4.24,4.24,3.704176664352417,-0.5358233356475832,0.5358233356475832
densenet121,side only,elasticnet,256,67,photos/top_view_images/P3090598.JPG,photos/side_view_images/P3090954.JPG,1.06,1.06,0.636898398399353,-0.423101601600647,0.423101601600647
densenet121,side only,elasticnet,257,67,photos/top_view_images/P3090599.JPG,photos/side_view_images/P3090955.JPG,2.12,2.12,2.233609437942505,0.11360943794250478,0.11360943794250478
densenet121,side only,elasticnet,258,67,photos/top_view_images/P3090600.JPG,photos/side_view_images/P3090956.JPG,3.18,3.18,3.1847009658813477,0.004700965881347496,0.004700965881347496
densenet121,side only,elasticnet,259,67,photos/top_view_images/P3090601.JPG,photos/side_view_images/P3090957.JPG,4.24,4.24,3.8342232704162598,-0.40577672958374045,0.40577672958374045
densenet121,side only,elasticnet,260,68,photos/top_view_images/P3090602.JPG,photos/side_view_images/P3090958.JPG,1.06,1.06,1.1925389766693115,0.13253897666931147,0.13253897666931147
densenet121,side only,elasticnet,261,68,photos/top_view_images/P3090603.JPG,photos/side_view_images/P3090959.JPG,2.12,2.12,1.8452664613723755,-0.2747335386276246,0.2747335386276246
densenet121,side only,elasticnet,262,68,photos/top_view_images/P3090604.JPG,photos/side_view_images/P3090960.JPG,3.18,3.18,2.4541234970092773,-0.7258765029907228,0.7258765029907228
densenet121,side only,elasticnet,263,68,photos/top_view_images/P3090605.JPG,photos/side_view_images/P3090961.JPG,4.24,4.24,3.47297739982605,-0.7670226001739504,0.7670226001739504
densenet121,side only,elasticnet,264,69,photos/top_view_images/P3090606.JPG,photos/side_view_images/P3090962.JPG,1.06,1.06,1.2074626684188843,0.14746266841888422,0.14746266841888422
densenet121,side only,elasticnet,265,69,photos/top_view_images/P3090607.JPG,photos/side_view_images/P3090963.JPG,2.12,2.12,1.8979251384735107,-0.22207486152648936,0.22207486152648936
densenet121,side only,elasticnet,266,69,photos/top_view_images/P3090608.JPG,photos/side_view_images/P3090964.JPG,3.18,3.18,3.204585313796997,0.02458531379699691,0.02458531379699691
densenet121,side only,elasticnet,267,69,photos/top_view_images/P3090609.JPG,photos/side_view_images/P3090965.JPG,4.24,4.24,3.770904064178467,-0.4690959358215334,0.4690959358215334
densenet121,side only,elasticnet,268,70,photos/top_view_images/P3090610.JPG,photos/side_view_images/P3090966.JPG,1.06,1.06,0.6154088973999023,-0.4445911026000977,0.4445911026000977
densenet121,side only,elasticnet,269,70,photos/top_view_images/P3090612.JPG,photos/side_view_images/P3090967.JPG,2.12,2.12,2.131945848464966,0.011945848464965714,0.011945848464965714
densenet121,side only,elasticnet,270,70,photos/top_view_images/P3090613.JPG,photos/side_view_images/P3090968.JPG,3.18,3.18,2.7239508628845215,-0.4560491371154787,0.4560491371154787
densenet121,side only,elasticnet,271,70,photos/top_view_images/P3090614.JPG,photos/side_view_images/P3090969.JPG,4.24,4.24,3.858794689178467,-0.3812053108215334,0.3812053108215334
densenet121,side only,elasticnet,272,71,photos/top_view_images/P3090615.JPG,photos/side_view_images/P3090970.JPG,1.06,1.06,1.0735397338867188,0.013539733886718697,0.013539733886718697
densenet121,side only,elasticnet,273,71,photos/top_view_images/P3090616.JPG,photos/side_view_images/P3090971.JPG,2.12,2.12,2.3735709190368652,0.25357091903686513,0.25357091903686513
densenet121,side only,elasticnet,274,71,photos/top_view_images/P3090617.JPG,photos/side_view_images/P3090972.JPG,3.18,3.18,3.316927671432495,0.13692767143249496,0.13692767143249496
densenet121,side only,elasticnet,275,71,photos/top_view_images/P3090618.JPG,photos/side_view_images/P3090973.JPG,4.24,4.24,4.565652370452881,0.32565237045288065,0.32565237045288065
densenet121,side only,elasticnet,276,72,photos/top_view_images/P3090619.JPG,photos/side_view_images/P3090974.JPG,1.06,1.06,1.1074180603027344,0.04741806030273432,0.04741806030273432
densenet121,side only,elasticnet,277,72,photos/top_view_images/P3090620.JPG,photos/side_view_images/P3090975.JPG,2.12,2.12,1.540188193321228,-0.5798118066787721,0.5798118066787721
densenet121,side only,elasticnet,278,72,photos/top_view_images/P3090621.JPG,photos/side_view_images/P3090976.JPG,3.18,3.18,2.4778640270233154,-0.7021359729766847,0.7021359729766847
densenet121,side only,elasticnet,279,72,photos/top_view_images/P3090622.JPG,photos/side_view_images/P3090977.JPG,4.24,4.24,3.104238271713257,-1.1357617282867434,1.1357617282867434
densenet121,side only,elasticnet,280,73,photos/top_view_images/P3090623.JPG,photos/side_view_images/P3090978.JPG,1.06,1.06,1.489210844039917,0.42921084403991694,0.42921084403991694
densenet121,side only,elasticnet,281,73,photos/top_view_images/P3090624.JPG,photos/side_view_images/P3090979.JPG,2.12,2.12,2.5217151641845703,0.4017151641845702,0.4017151641845702
densenet121,side only,elasticnet,282,73,photos/top_view_images/P3090625.JPG,photos/side_view_images/P3090980.JPG,3.18,3.18,3.1533899307250977,-0.026610069274902504,0.026610069274902504
densenet121,side only,elasticnet,283,73,photos/top_view_images/P3090626.JPG,photos/side_view_images/P3090981.JPG,4.24,4.24,4.232198715209961,-0.007801284790039276,0.007801284790039276
densenet121,side only,elasticnet,284,74,photos/top_view_images/P3090627.JPG,photos/side_view_images/P3090982.JPG,1.06,1.06,1.4190224409103394,0.3590224409103393,0.3590224409103393
densenet121,side only,elasticnet,285,74,photos/top_view_images/P3090628.JPG,photos/side_view_images/P3090983.JPG,2.12,2.12,2.2743184566497803,0.15431845664978017,0.15431845664978017
densenet121,side only,elasticnet,286,74,photos/top_view_images/P3090629.JPG,photos/side_view_images/P3090984.JPG,3.18,3.18,3.0642011165618896,-0.11579888343811051,0.11579888343811051
densenet121,side only,elasticnet,287,74,photos/top_view_images/P3090630.JPG,photos/side_view_images/P3090985.JPG,4.24,4.24,4.598575592041016,0.3585755920410154,0.3585755920410154
densenet121,side only,elasticnet,288,75,photos/top_view_images/P3100631.JPG,photos/side_view_images/P3100986.JPG,1.06,1.06,0.5877065658569336,-0.47229343414306646,0.47229343414306646
densenet121,side only,elasticnet,289,75,photos/top_view_images/P3100632.JPG,photos/side_view_images/P3100987.JPG,2.12,2.12,1.803374171257019,-0.31662582874298106,0.31662582874298106
densenet121,side only,elasticnet,290,75,photos/top_view_images/P3100633.JPG,photos/side_view_images/P3100988.JPG,3.18,3.18,3.4639127254486084,0.28391272544860824,0.28391272544860824
densenet121,side only,elasticnet,291,75,photos/top_view_images/P3100634.JPG,photos/side_view_images/P3100989.JPG,4.24,4.24,3.6251049041748047,-0.6148950958251955,0.6148950958251955
densenet121,side only,elasticnet,292,76,photos/top_view_images/P3100635.JPG,photos/side_view_images/P3100990.JPG,1.06,1.06,1.0341167449951172,-0.025883255004882866,0.025883255004882866
densenet121,side only,elasticnet,293,76,photos/top_view_images/P3100636.JPG,photos/side_view_images/P3100991.JPG,2.12,2.12,1.6836721897125244,-0.4363278102874757,0.4363278102874757
densenet121,side only,elasticnet,294,76,photos/top_view_images/P3100637.JPG,photos/side_view_images/P3100992.JPG,3.18,3.18,2.889352798461914,-0.2906472015380861,0.2906472015380861
densenet121,side only,elasticnet,295,76,photos/top_view_images/P3100638.JPG,photos/side_view_images/P3100993.JPG,4.24,4.24,3.786785125732422,-0.45321487426757834,0.45321487426757834
densenet121,side only,elasticnet,296,77,photos/top_view_images/P3100639.JPG,photos/side_view_images/P3100994.JPG,1.06,1.06,1.1793087720870972,0.11930877208709711,0.11930877208709711
densenet121,side only,elasticnet,297,77,photos/top_view_images/P3100640.JPG,photos/side_view_images/P3100995.JPG,2.12,2.12,1.5044785737991333,-0.6155214262008668,0.6155214262008668
densenet121,side only,elasticnet,298,77,photos/top_view_images/P3100641.JPG,photos/side_view_images/P3100996.JPG,3.18,3.18,3.0008392333984375,-0.17916076660156266,0.17916076660156266
densenet121,side only,elasticnet,299,78,photos/top_view_images/P3100643.JPG,photos/side_view_images/P3100997.JPG,1.06,1.06,1.1450387239456177,0.08503872394561762,0.08503872394561762
densenet121,side only,elasticnet,300,78,photos/top_view_images/P3100644.JPG,photos/side_view_images/P3100998.JPG,2.12,2.12,1.5379011631011963,-0.5820988368988038,0.5820988368988038
densenet121,side only,elasticnet,301,78,photos/top_view_images/P3100645.JPG,photos/side_view_images/P3100999.JPG,3.18,3.18,2.6665542125701904,-0.5134457874298097,0.5134457874298097
densenet121,side only,elasticnet,302,78,photos/top_view_images/P3100646.JPG,photos/side_view_images/P3101000.JPG,4.24,4.24,4.152958869934082,-0.08704113006591818,0.08704113006591818
densenet121,side only,elasticnet,303,79,photos/top_view_images/P3100647.JPG,photos/side_view_images/P3101001.JPG,1.06,1.06,0.6133741140365601,-0.44662588596344,0.44662588596344
densenet121,side only,elasticnet,304,79,photos/top_view_images/P3100648.JPG,photos/side_view_images/P3101002.JPG,2.12,2.12,1.6597944498062134,-0.4602055501937867,0.4602055501937867
densenet121,side only,elasticnet,305,79,photos/top_view_images/P3100649.JPG,photos/side_view_images/P3101003.JPG,3.18,3.18,3.342621326446533,0.16262132644653304,0.16262132644653304
densenet121,side only,elasticnet,306,80,photos/top_view_images/P3100650.JPG,photos/side_view_images/P3101004.JPG,1.06,1.06,1.0885173082351685,0.028517308235168404,0.028517308235168404
densenet121,side only,elasticnet,307,80,photos/top_view_images/P3100651.JPG,photos/side_view_images/P3101005.JPG,2.12,2.12,2.2790911197662354,0.15909111976623524,0.15909111976623524
densenet121,side only,elasticnet,308,80,photos/top_view_images/P3100652.JPG,photos/side_view_images/P3101006.JPG,3.18,3.18,3.457672595977783,0.27767259597778304,0.27767259597778304
densenet121,side only,elasticnet,309,80,photos/top_view_images/P3100653.JPG,photos/side_view_images/P3101007.JPG,4.24,4.24,4.157708644866943,-0.08229135513305685,0.08229135513305685
densenet121,side only,elasticnet,310,81,photos/top_view_images/P3100654.JPG,photos/side_view_images/P3101008.JPG,1.06,1.06,1.2529675960540771,0.1929675960540771,0.1929675960540771
densenet121,side only,elasticnet,311,81,photos/top_view_images/P3100655.JPG,photos/side_view_images/P3101009.JPG,2.12,2.12,1.7458299398422241,-0.374170060157776,0.374170060157776
densenet121,side only,elasticnet,312,81,photos/top_view_images/P3100656.JPG,photos/side_view_images/P3101010.JPG,3.18,3.18,3.007101058959961,-0.17289894104003922,0.17289894104003922
densenet121,side only,elasticnet,313,81,photos/top_view_images/P3100657.JPG,photos/side_view_images/P3101011.JPG,4.24,4.24,4.500223159790039,0.26022315979003885,0.26022315979003885
densenet121,side only,elasticnet,314,82,photos/top_view_images/P3120658.JPG,photos/side_view_images/P3121012.JPG,1.06,1.06,1.301249623298645,0.24124962329864497,0.24124962329864497
densenet121,side only,elasticnet,315,82,photos/top_view_images/P3120659.JPG,photos/side_view_images/P3121013.JPG,2.12,2.12,3.074557304382324,0.9545573043823241,0.9545573043823241
densenet121,side only,elasticnet,316,82,photos/top_view_images/P3120660.JPG,photos/side_view_images/P3121014.JPG,3.18,3.18,3.6835861206054688,0.5035861206054686,0.5035861206054686
densenet121,side only,elasticnet,317,82,photos/top_view_images/P3120661.JPG,photos/side_view_images/P3121015.JPG,4.24,4.24,4.627019882202148,0.3870198822021482,0.3870198822021482
densenet121,side only,elasticnet,318,83,photos/top_view_images/P3120662.JPG,photos/side_view_images/P3121016.JPG,1.06,1.06,1.0874457359313965,0.02744573593139643,0.02744573593139643
densenet121,side only,elasticnet,319,83,photos/top_view_images/P3120663.JPG,photos/side_view_images/P3121017.JPG,2.12,2.12,2.4492239952087402,0.32922399520874013,0.32922399520874013
densenet121,side only,elasticnet,320,83,photos/top_view_images/P3120664.JPG,photos/side_view_images/P3121018.JPG,3.18,3.18,3.8506741523742676,0.6706741523742674,0.6706741523742674
densenet121,side only,elasticnet,321,83,photos/top_view_images/P3120665.JPG,photos/side_view_images/P3121019.JPG,4.24,4.24,4.522218227386475,0.2822182273864744,0.2822182273864744
densenet121,side only,elasticnet,322,84,photos/top_view_images/P3120666.JPG,photos/side_view_images/P3121020.JPG,1.06,1.06,1.2903729677200317,0.23037296772003168,0.23037296772003168
densenet121,side only,elasticnet,323,84,photos/top_view_images/P3120667.JPG,photos/side_view_images/P3121021.JPG,2.12,2.12,2.6629605293273926,0.5429605293273925,0.5429605293273925
densenet121,side only,elasticnet,324,84,photos/top_view_images/P3120668.JPG,photos/side_view_images/P3121022.JPG,3.18,3.18,3.0861072540283203,-0.09389274597167985,0.09389274597167985
densenet121,side only,elasticnet,325,84,photos/top_view_images/P3120669.JPG,photos/side_view_images/P3121023.JPG,4.24,4.24,4.54457426071167,0.3045742607116697,0.3045742607116697
densenet121,side only,elasticnet,326,85,photos/top_view_images/P3120670.JPG,photos/side_view_images/P3121024.JPG,1.06,1.06,1.1971721649169922,0.13717216491699213,0.13717216491699213
densenet121,side only,elasticnet,327,85,photos/top_view_images/P3120671.JPG,photos/side_view_images/P3121025.JPG,2.12,2.12,2.5089480876922607,0.38894808769226064,0.38894808769226064
densenet121,side only,elasticnet,328,85,photos/top_view_images/P3120672.JPG,photos/side_view_images/P3121026.JPG,3.18,3.18,3.902998447418213,0.7229984474182127,0.7229984474182127
densenet121,side only,elasticnet,329,85,photos/top_view_images/P3120673.JPG,photos/side_view_images/P3121027.JPG,4.24,4.24,3.5765397548675537,-0.6634602451324465,0.6634602451324465
densenet121,side only,elasticnet,330,86,photos/top_view_images/P3120674.JPG,photos/side_view_images/P3121028.JPG,1.06,1.06,1.0190715789794922,-0.040928421020507866,0.040928421020507866
densenet121,side only,elasticnet,331,86,photos/top_view_images/P3120675.JPG,photos/side_view_images/P3121029.JPG,2.12,2.12,1.937981367111206,-0.18201863288879405,0.18201863288879405
densenet121,side only,elasticnet,332,86,photos/top_view_images/P3120676.JPG,photos/side_view_images/P3121030.JPG,3.18,3.18,3.119783639907837,-0.060216360092163246,0.060216360092163246
densenet121,side only,elasticnet,333,86,photos/top_view_images/P3120677.JPG,photos/side_view_images/P3121031.JPG,4.24,4.24,3.551787853240967,-0.6882121467590334,0.6882121467590334
densenet121,side only,elasticnet,334,87,photos/top_view_images/P3120678.JPG,photos/side_view_images/P3121032.JPG,1.06,1.06,0.9183486700057983,-0.1416513299942017,0.1416513299942017
densenet121,side only,elasticnet,335,87,photos/top_view_images/P3120679.JPG,photos/side_view_images/P3121033.JPG,2.12,2.12,2.67936635017395,0.5593663501739501,0.5593663501739501
densenet121,side only,elasticnet,336,87,photos/top_view_images/P3120680.JPG,photos/side_view_images/P3121034.JPG,3.18,3.18,3.1690022945404053,-0.010997705459594886,0.010997705459594886
densenet121,side only,elasticnet,337,87,photos/top_view_images/P3120681.JPG,photos/side_view_images/P3121035.JPG,4.24,4.24,4.1916890144348145,-0.04831098556518576,0.04831098556518576
densenet121,side only,elasticnet,338,88,photos/top_view_images/P3120682.JPG,photos/side_view_images/P3121036.JPG,1.06,1.06,1.0343637466430664,-0.025636253356933647,0.025636253356933647
densenet121,side only,elasticnet,339,88,photos/top_view_images/P3120683.JPG,photos/side_view_images/P3121037.JPG,2.12,2.12,1.6396327018737793,-0.4803672981262208,0.4803672981262208
densenet121,side only,elasticnet,340,88,photos/top_view_images/P3120684.JPG,photos/side_view_images/P3121038.JPG,3.18,3.18,2.4292774200439453,-0.7507225799560548,0.7507225799560548
densenet121,side only,elasticnet,341,88,photos/top_view_images/P3120685.JPG,photos/side_view_images/P3121039.JPG,4.24,4.24,3.558195114135742,-0.681804885864258,0.681804885864258
densenet121,side only,elasticnet,342,89,photos/top_view_images/P3120686.JPG,photos/side_view_images/P3121040.JPG,1.06,1.06,0.8715143203735352,-0.1884856796264649,0.1884856796264649
densenet121,side only,elasticnet,343,89,photos/top_view_images/P3120687.JPG,photos/side_view_images/P3121041.JPG,2.12,2.12,1.814255714416504,-0.3057442855834962,0.3057442855834962
densenet121,side only,elasticnet,344,89,photos/top_view_images/P3120688.JPG,photos/side_view_images/P3121042.JPG,3.18,3.18,3.0431387424468994,-0.13686125755310075,0.13686125755310075
densenet121,side only,elasticnet,345,89,photos/top_view_images/P3120689.JPG,photos/side_view_images/P3121043.JPG,4.24,4.24,4.055080890655518,-0.18491910934448264,0.18491910934448264
densenet121,side only,elasticnet,346,90,photos/top_view_images/P3120690.JPG,photos/side_view_images/P3121044.JPG,1.06,1.06,1.60587739944458,0.54587739944458,0.54587739944458
densenet121,side only,elasticnet,347,90,photos/top_view_images/P3120691.JPG,photos/side_view_images/P3121045.JPG,2.12,2.12,2.165281057357788,0.04528105735778798,0.04528105735778798
densenet121,side only,elasticnet,348,90,photos/top_view_images/P3120692.JPG,photos/side_view_images/P3121046.JPG,3.18,3.18,3.7953763008117676,0.6153763008117674,0.6153763008117674
densenet121,side only,elasticnet,349,90,photos/top_view_images/P3120693.JPG,photos/side_view_images/P3121047.JPG,4.24,4.24,4.702005386352539,0.46200538635253885,0.46200538635253885
densenet121,side only,elasticnet,350,91,photos/top_view_images/P3120694.JPG,photos/side_view_images/P3121048.JPG,1.06,1.06,1.3846405744552612,0.3246405744552612,0.3246405744552612
densenet121,side only,elasticnet,351,91,photos/top_view_images/P3120695.JPG,photos/side_view_images/P3121049.JPG,2.12,2.12,2.1023218631744385,-0.01767813682556163,0.01767813682556163
densenet121,side only,elasticnet,352,91,photos/top_view_images/P3120696.JPG,photos/side_view_images/P3121050.JPG,3.18,3.18,2.9691784381866455,-0.21082156181335465,0.21082156181335465
densenet121,side only,elasticnet,353,91,photos/top_view_images/P3120697.JPG,photos/side_view_images/P3121051.JPG,4.24,4.24,3.5133979320526123,-0.7266020679473879,0.7266020679473879
densenet121,side only,elasticnet,354,92,photos/top_view_images/P3120698.JPG,photos/side_view_images/P3121052.JPG,1.06,1.06,0.954166054725647,-0.10583394527435308,0.10583394527435308
densenet121,side only,elasticnet,355,92,photos/top_view_images/P3120699.JPG,photos/side_view_images/P3121053.JPG,2.12,2.12,2.520493268966675,0.4004932689666747,0.4004932689666747
densenet121,side only,elasticnet,356,92,photos/top_view_images/P3120700.JPG,photos/side_view_images/P3121054.JPG,3.18,3.18,3.2154135704040527,0.035413570404052575,0.035413570404052575
densenet121,side only,elasticnet,357,92,photos/top_view_images/P3120701.JPG,photos/side_view_images/P3121055.JPG,4.24,4.24,3.7445287704467773,-0.49547122955322287,0.49547122955322287
densenet121,side only,elasticnet,358,93,photos/top_view_images/P3120702.JPG,photos/side_view_images/P3121056.JPG,1.06,1.06,1.3758888244628906,0.31588882446289057,0.31588882446289057
densenet121,side only,elasticnet,359,93,photos/top_view_images/P3120703.JPG,photos/side_view_images/P3121057.JPG,2.12,2.12,2.546627998352051,0.4266279983520507,0.4266279983520507
densenet121,side only,elasticnet,360,93,photos/top_view_images/P3120704.JPG,photos/side_view_images/P3121058.JPG,3.18,3.18,3.1668426990509033,-0.01315730094909684,0.01315730094909684
densenet121,side only,elasticnet,361,93,photos/top_view_images/P3120705.JPG,photos/side_view_images/P3121059.JPG,4.24,4.24,4.148198127746582,-0.09180187225341818,0.09180187225341818
densenet121,side only,elasticnet,362,94,photos/top_view_images/P3120706.JPG,photos/side_view_images/P3121060.JPG,1.06,1.06,1.4427599906921387,0.3827599906921386,0.3827599906921386
densenet121,side only,elasticnet,363,94,photos/top_view_images/P3120707.JPG,photos/side_view_images/P3121061.JPG,2.12,2.12,2.066657066345215,-0.05334293365478526,0.05334293365478526
densenet121,side only,elasticnet,364,94,photos/top_view_images/P3120708.JPG,photos/side_view_images/P3121062.JPG,3.18,3.18,2.5812909603118896,-0.5987090396881105,0.5987090396881105
densenet121,side only,elasticnet,365,94,photos/top_view_images/P3120709.JPG,photos/side_view_images/P3121063.JPG,4.24,4.24,4.091833114624023,-0.14816688537597678,0.14816688537597678
densenet121,side only,elasticnet,366,95,photos/top_view_images/P3120710.JPG,photos/side_view_images/P3121064.JPG,1.06,1.06,1.0138368606567383,-0.04616313934326177,0.04616313934326177
densenet121,side only,elasticnet,367,95,photos/top_view_images/P3120711.JPG,photos/side_view_images/P3121065.JPG,2.12,2.12,2.417011260986328,0.297011260986328,0.297011260986328
densenet121,side only,elasticnet,368,95,photos/top_view_images/P3120712.JPG,photos/side_view_images/P3121066.JPG,3.18,3.18,3.5398402214050293,0.35984022140502914,0.35984022140502914
densenet121,side only,elasticnet,369,95,photos/top_view_images/P3120713.JPG,photos/side_view_images/P3121067.JPG,4.24,4.24,4.479073524475098,0.23907352447509744,0.23907352447509744
densenet121,side only,elasticnet,370,96,photos/top_view_images/P3130714.JPG,photos/side_view_images/P3131068.JPG,1.06,1.06,1.468635082244873,0.408635082244873,0.408635082244873
densenet121,side only,elasticnet,371,96,photos/top_view_images/P3130715.JPG,photos/side_view_images/P3131069.JPG,2.12,2.12,2.2472262382507324,0.12722623825073232,0.12722623825073232
densenet121,side only,elasticnet,372,96,photos/top_view_images/P3130716.JPG,photos/side_view_images/P3131070.JPG,3.18,3.18,3.5401737689971924,0.3601737689971922,0.3601737689971922
densenet121,side only,elasticnet,373,96,photos/top_view_images/P3130717.JPG,photos/side_view_images/P3131071.JPG,4.24,4.24,4.687828063964844,0.44782806396484354,0.44782806396484354
densenet121,side only,elasticnet,374,97,photos/top_view_images/P3130718.JPG,photos/side_view_images/P3131072.JPG,1.06,1.06,1.4323596954345703,0.37235969543457026,0.37235969543457026
densenet121,side only,elasticnet,375,97,photos/top_view_images/P3130719.JPG,photos/side_view_images/P3131073.JPG,2.12,2.12,2.6435675621032715,0.5235675621032714,0.5235675621032714
densenet121,side only,elasticnet,376,97,photos/top_view_images/P3130720.JPG,photos/side_view_images/P3131074.JPG,3.18,3.18,3.433000087738037,0.25300008773803695,0.25300008773803695
densenet121,side only,elasticnet,377,97,photos/top_view_images/P3130721.JPG,photos/side_view_images/P3131075.JPG,4.24,4.24,4.066951274871826,-0.17304872512817404,0.17304872512817404
densenet121,side only,elasticnet,378,98,photos/top_view_images/P3130722.JPG,photos/side_view_images/P3131076.JPG,1.06,1.06,0.9473199844360352,-0.1126800155639649,0.1126800155639649
densenet121,side only,elasticnet,379,98,photos/top_view_images/P3130723.JPG,photos/side_view_images/P3131077.JPG,2.12,2.12,1.8467645645141602,-0.27323543548583995,0.27323543548583995
densenet121,side only,elasticnet,380,98,photos/top_view_images/P3130724.JPG,photos/side_view_images/P3131078.JPG,3.18,3.18,2.5986216068267822,-0.5813783931732179,0.5813783931732179
densenet121,side only,elasticnet,381,98,photos/top_view_images/P3130725.JPG,photos/side_view_images/P3131079.JPG,4.24,4.24,3.9389071464538574,-0.3010928535461428,0.3010928535461428
densenet121,side only,elasticnet,382,99,photos/top_view_images/P3130726.JPG,photos/side_view_images/P3131080.JPG,1.06,1.06,1.3843028545379639,0.3243028545379638,0.3243028545379638
densenet121,side only,elasticnet,383,99,photos/top_view_images/P3130727.JPG,photos/side_view_images/P3131081.JPG,2.12,2.12,2.2640771865844727,0.14407718658447255,0.14407718658447255
densenet121,side only,elasticnet,384,99,photos/top_view_images/P3130728.JPG,photos/side_view_images/P3131082.JPG,3.18,3.18,2.8288204669952393,-0.3511795330047609,0.3511795330047609
densenet121,side only,elasticnet,385,99,photos/top_view_images/P3130729.JPG,photos/side_view_images/P3131083.JPG,4.24,4.24,3.9475932121276855,-0.29240678787231467,0.29240678787231467
densenet121,side only,elasticnet,386,100,photos/top_view_images/P3130730.JPG,photos/side_view_images/P3131084.JPG,1.06,1.06,0.6296007633209229,-0.4303992366790772,0.4303992366790772
densenet121,side only,elasticnet,387,100,photos/top_view_images/P3130731.JPG,photos/side_view_images/P3131085.JPG,2.12,2.12,2.089968681335449,-0.030031318664550888,0.030031318664550888
densenet121,side only,elasticnet,388,100,photos/top_view_images/P3130732.JPG,photos/side_view_images/P3131086.JPG,3.18,3.18,3.720691442489624,0.5406914424896239,0.5406914424896239
densenet121,side only,elasticnet,389,100,photos/top_view_images/P3130733.JPG,photos/side_view_images/P3131087.JPG,4.24,4.24,4.756410598754883,0.5164105987548826,0.5164105987548826
densenet121,side only,elasticnet,390,101,photos/top_view_images/P3130734.JPG,photos/side_view_images/P3131088.JPG,1.06,1.06,0.7861297130584717,-0.2738702869415284,0.2738702869415284
densenet121,side only,elasticnet,391,101,photos/top_view_images/P3130735.JPG,photos/side_view_images/P3131089.JPG,2.12,2.12,2.255582809448242,0.13558280944824208,0.13558280944824208
densenet121,side only,elasticnet,392,101,photos/top_view_images/P3130736.JPG,photos/side_view_images/P3131090.JPG,3.18,3.18,3.339042901992798,0.1590429019927977,0.1590429019927977
densenet121,side only,elasticnet,393,102,photos/top_view_images/P3130737.JPG,photos/side_view_images/P3131091.JPG,1.06,1.06,0.8734369277954102,-0.1865630722045899,0.1865630722045899
densenet121,side only,elasticnet,394,102,photos/top_view_images/P3130738.JPG,photos/side_view_images/P3131092.JPG,2.12,2.12,1.988844871520996,-0.131155128479004,0.131155128479004
densenet121,side only,elasticnet,395,102,photos/top_view_images/P3130739.JPG,photos/side_view_images/P3131093.JPG,3.18,3.18,2.708563804626465,-0.4714361953735353,0.4714361953735353
densenet121,side only,elasticnet,396,102,photos/top_view_images/P3130740.JPG,photos/side_view_images/P3131094.JPG,4.24,4.24,3.851539134979248,-0.38846086502075217,0.38846086502075217
densenet121,side only,elasticnet,397,103,photos/top_view_images/P3130741.JPG,photos/side_view_images/P3131095.JPG,1.06,1.06,1.1896631717681885,0.12966317176818842,0.12966317176818842
densenet121,side only,elasticnet,398,103,photos/top_view_images/P3130742.JPG,photos/side_view_images/P3131096.JPG,2.12,2.12,2.530082941055298,0.41008294105529774,0.41008294105529774
densenet121,side only,elasticnet,399,103,photos/top_view_images/P3130743.JPG,photos/side_view_images/P3131097.JPG,3.18,3.18,2.982966661453247,-0.1970333385467531,0.1970333385467531
densenet121,side only,elasticnet,400,103,photos/top_view_images/P3130744.JPG,photos/side_view_images/P3131098.JPG,4.24,4.24,3.9885623455047607,-0.25143765449523947,0.25143765449523947
densenet121,side only,elasticnet,401,104,photos/top_view_images/P3130745.JPG,photos/side_view_images/P3131099.JPG,1.06,1.06,0.8312289714813232,-0.2287710285186768,0.2287710285186768
densenet121,side only,elasticnet,402,104,photos/top_view_images/P3130746.JPG,photos/side_view_images/P3131100.JPG,2.12,2.12,1.9450030326843262,-0.17499696731567393,0.17499696731567393
densenet121,side only,elasticnet,403,104,photos/top_view_images/P3130747.JPG,photos/side_view_images/P3131101.JPG,3.18,3.18,3.4466676712036133,0.2666676712036131,0.2666676712036131
densenet121,side only,elasticnet,404,104,photos/top_view_images/P3130748.JPG,photos/side_view_images/P3131102.JPG,4.24,4.24,3.944443464279175,-0.2955565357208254,0.2955565357208254
densenet121,side only,elasticnet,405,105,photos/top_view_images/P3130749.JPG,photos/side_view_images/P3131103.JPG,1.06,1.06,1.0541434288024902,-0.005856571197509819,0.005856571197509819
densenet121,side only,elasticnet,406,105,photos/top_view_images/P3130750.JPG,photos/side_view_images/P3131104.JPG,2.12,2.12,2.555264949798584,0.4352649497985839,0.4352649497985839
densenet121,side only,elasticnet,407,105,photos/top_view_images/P3130751.JPG,photos/side_view_images/P3131105.JPG,3.18,3.18,3.24735164642334,0.06735164642333968,0.06735164642333968
densenet121,side only,elasticnet,408,105,photos/top_view_images/P3130752.JPG,photos/side_view_images/P3131106.JPG,4.24,4.24,4.105790138244629,-0.1342098617553713,0.1342098617553713
densenet121,side only,elasticnet,409,106,photos/top_view_images/P3130753.JPG,photos/side_view_images/P3131107.JPG,1.06,1.06,0.6777395009994507,-0.38226049900054937,0.38226049900054937
densenet121,side only,elasticnet,410,106,photos/top_view_images/P3130754.JPG,photos/side_view_images/P3131108.JPG,2.12,2.12,2.1642110347747803,0.04421103477478017,0.04421103477478017
densenet121,side only,elasticnet,411,106,photos/top_view_images/P3130755.JPG,photos/side_view_images/P3131109.JPG,3.18,3.18,2.9500200748443604,-0.2299799251556398,0.2299799251556398
densenet121,side only,elasticnet,412,106,photos/top_view_images/P3130756.JPG,photos/side_view_images/P3131110.JPG,4.24,4.24,3.8044798374176025,-0.4355201625823977,0.4355201625823977
densenet121,side only,elasticnet,413,107,photos/top_view_images/P3130757.JPG,photos/side_view_images/P3131111.JPG,1.06,1.06,0.6841039657592773,-0.3758960342407227,0.3758960342407227
densenet121,side only,elasticnet,414,107,photos/top_view_images/P3130758.JPG,photos/side_view_images/P3131112.JPG,2.12,2.12,2.392873525619507,0.27287352561950673,0.27287352561950673
densenet121,side only,elasticnet,415,107,photos/top_view_images/P3130759.JPG,photos/side_view_images/P3131113.JPG,3.18,3.18,2.845606803894043,-0.3343931961059572,0.3343931961059572
densenet121,side only,elasticnet,416,107,photos/top_view_images/P3130760.JPG,photos/side_view_images/P3131114.JPG,4.24,4.24,3.5329718589782715,-0.7070281410217287,0.7070281410217287
densenet121,side only,elasticnet,417,108,photos/top_view_images/P2090065.JPG,photos/side_view_images/P2090150.JPG,0.0,0.0,0.48627185821533203,0.48627185821533203,0.48627185821533203
densenet121,side only,elasticnet,418,109,photos/top_view_images/P2160216.JPG,photos/side_view_images/P2160516.JPG,0.0,0.0,-0.5389962196350098,-0.5389962196350098,0.5389962196350098
densenet121,side only,elasticnet,419,110,photos/top_view_images/P3100642.JPG,photos/side_view_images/P2020002.JPG,0.0,0.0,-0.023813247680664062,-0.023813247680664062,0.023813247680664062
