backbone,fusion,regressor,sample_idx,exp_id,top_path,side_path,volume,y_true,y_pred,residual,abs_error
densenet121,top only,linear,0,1,photos/top_view_images/P2260331.JPG,photos/side_view_images/P2260685.JPG,1.06,1.06,0.49466800689697266,-0.5653319931030274,0.5653319931030274
densenet121,top only,linear,1,1,photos/top_view_images/P2260332.JPG,photos/side_view_images/P2260686.JPG,2.12,2.12,2.242846965789795,0.12284696578979482,0.12284696578979482
densenet121,top only,linear,2,1,photos/top_view_images/P2260333.JPG,photos/side_view_images/P2260687.JPG,3.18,3.18,2.661695718765259,-0.5183042812347414,0.5183042812347414
densenet121,top only,linear,3,1,photos/top_view_images/P2260334.JPG,photos/side_view_images/P2260688.JPG,4.24,4.24,3.915086507797241,-0.324913492202759,0.324913492202759
densenet121,top only,linear,4,2,photos/top_view_images/P2260335.JPG,photos/side_view_images/P2260689.JPG,1.06,1.06,0.6120036840438843,-0.4479963159561158,0.4479963159561158
densenet121,top only,linear,5,2,photos/top_view_images/P2260336.JPG,photos/side_view_images/P2260690.JPG,2.12,2.12,2.0982608795166016,-0.021739120483398544,0.021739120483398544
densenet121,top only,linear,6,2,photos/top_view_images/P2260337.JPG,photos/side_view_images/P2260692.JPG,3.18,3.18,4.080732345581055,0.9007323455810545,0.9007323455810545
densenet121,top only,linear,7,2,photos/top_view_images/P2260339.JPG,photos/side_view_images/P2260693.JPG,4.24,4.24,5.046642780303955,0.8066427803039549,0.8066427803039549
densenet121,top only,linear,8,3,photos/top_view_images/P2260340.JPG,photos/side_view_images/P2260694.JPG,1.06,1.06,1.4129323959350586,0.35293239593505854,0.35293239593505854
densenet121,top only,linear,9,3,photos/top_view_images/P2260341.JPG,photos/side_view_images/P2260695.JPG,2.12,2.12,2.5902621746063232,0.47026217460632314,0.47026217460632314
densenet121,top only,linear,10,3,photos/top_view_images/P2260342.JPG,photos/side_view_images/P2260696.JPG,3.18,3.18,3.430164098739624,0.25016409873962386,0.25016409873962386
densenet121,top only,linear,11,3,photos/top_view_images/P2260343.JPG,photos/side_view_images/P2260697.JPG,4.24,4.24,3.683356285095215,-0.5566437149047854,0.5566437149047854
densenet121,top only,linear,12,4,photos/top_view_images/P2260345.JPG,photos/side_view_images/P2260699.JPG,1.06,1.06,1.2702375650405884,0.21023756504058833,0.21023756504058833
densenet121,top only,linear,13,4,photos/top_view_images/P2260346.JPG,photos/side_view_images/P2260700.JPG,2.12,2.12,2.332488775253296,0.2124887752532958,0.2124887752532958
densenet121,top only,linear,14,4,photos/top_view_images/P2260347.JPG,photos/side_view_images/P2260701.JPG,3.18,3.18,3.07474422454834,-0.10525577545166032,0.10525577545166032
densenet121,top only,linear,15,4,photos/top_view_images/P2260348.JPG,photos/side_view_images/P2260702.JPG,4.24,4.24,3.817685604095459,-0.42231439590454123,0.42231439590454123
densenet121,top only,linear,16,5,photos/top_view_images/P2260349.JPG,photos/side_view_images/P2260703.JPG,1.06,1.06,0.9925302267074585,-0.06746977329254156,0.06746977329254156
densenet121,top only,linear,17,5,photos/top_view_images/P2260350.JPG,photos/side_view_images/P2260704.JPG,2.12,2.12,1.8283910751342773,-0.29160892486572276,0.29160892486572276
densenet121,top only,linear,18,5,photos/top_view_images/P2260351.JPG,photos/side_view_images/P2260705.JPG,3.18,3.18,3.5147080421447754,0.33470804214477523,0.33470804214477523
densenet121,top only,linear,19,5,photos/top_view_images/P2260352.JPG,photos/side_view_images/P2260706.JPG,4.24,4.24,4.8237433433532715,0.5837433433532713,0.5837433433532713
densenet121,top only,linear,20,6,photos/top_view_images/P2270353.JPG,photos/side_view_images/P2270707.JPG,1.06,1.06,1.636698842048645,0.576698842048645,0.576698842048645
densenet121,top only,linear,21,6,photos/top_view_images/P2270354.JPG,photos/side_view_images/P2270708.JPG,2.12,2.12,2.2913026809692383,0.17130268096923817,0.17130268096923817
densenet121,top only,linear,22,6,photos/top_view_images/P2270355.JPG,photos/side_view_images/P2270709.JPG,3.18,3.18,3.700827121734619,0.520827121734619,0.520827121734619
densenet121,top only,linear,23,6,photos/top_view_images/P2270356.JPG,photos/side_view_images/P2270710.JPG,4.24,4.24,4.014942169189453,-0.2250578308105471,0.2250578308105471
densenet121,top only,linear,24,7,photos/top_view_images/P2270357.JPG,photos/side_view_images/P2270712.JPG,1.06,1.06,0.8822190761566162,-0.17778092384338384,0.17778092384338384
densenet121,top only,linear,25,7,photos/top_view_images/P2270358.JPG,photos/side_view_images/P2270713.JPG,2.12,2.12,2.4769675731658936,0.35696757316589345,0.35696757316589345
densenet121,top only,linear,26,7,photos/top_view_images/P2270359.JPG,photos/side_view_images/P2270714.JPG,3.18,3.18,2.738938093185425,-0.44106190681457536,0.44106190681457536
densenet121,top only,linear,27,7,photos/top_view_images/P2270360.JPG,photos/side_view_images/P2270715.JPG,4.24,4.24,4.407465934753418,0.16746593475341776,0.16746593475341776
densenet121,top only,linear,28,8,photos/top_view_images/P2270361.JPG,photos/side_view_images/P2270716.JPG,1.06,1.06,0.794896125793457,-0.265103874206543,0.265103874206543
densenet121,top only,linear,29,8,photos/top_view_images/P2270362.JPG,photos/side_view_images/P2270717.JPG,2.12,2.12,1.9889237880706787,-0.1310762119293214,0.1310762119293214
densenet121,top only,linear,30,8,photos/top_view_images/P2270363.JPG,photos/side_view_images/P2270718.JPG,3.18,3.18,2.6548731327056885,-0.5251268672943117,0.5251268672943117
densenet121,top only,linear,31,8,photos/top_view_images/P2270364.JPG,photos/side_view_images/P2270719.JPG,4.24,4.24,3.514915943145752,-0.7250840568542483,0.7250840568542483
densenet121,top only,linear,32,9,photos/top_view_images/P2270365.JPG,photos/side_view_images/P2270720.JPG,1.06,1.06,1.4290021657943726,0.3690021657943725,0.3690021657943725
densenet121,top only,linear,33,9,photos/top_view_images/P2270366.JPG,photos/side_view_images/P2270721.JPG,2.12,2.12,2.12735652923584,0.007356529235839737,0.007356529235839737
densenet121,top only,linear,34,9,photos/top_view_images/P2270367.JPG,photos/side_view_images/P2270722.JPG,3.18,3.18,3.0804145336151123,-0.09958546638488786,0.09958546638488786
densenet121,top only,linear,35,9,photos/top_view_images/P2270368.JPG,photos/side_view_images/P2270723.JPG,4.24,4.24,4.092406272888184,-0.14759372711181662,0.14759372711181662
densenet121,top only,linear,36,10,photos/top_view_images/P2270369.JPG,photos/side_view_images/P2270724.JPG,1.06,1.06,1.1914680004119873,0.13146800041198725,0.13146800041198725
densenet121,top only,linear,37,10,photos/top_view_images/P2270370.JPG,photos/side_view_images/P2270725.JPG,2.12,2.12,1.867069959640503,-0.2529300403594972,0.2529300403594972
densenet121,top only,linear,38,10,photos/top_view_images/P2270371.JPG,photos/side_view_images/P2270726.JPG,3.18,3.18,2.9124886989593506,-0.2675113010406496,0.2675113010406496
densenet121,top only,linear,39,10,photos/top_view_images/P2270372.JPG,photos/side_view_images/P2270727.JPG,4.24,4.24,4.499263763427734,0.25926376342773416,0.25926376342773416
densenet121,top only,linear,40,11,photos/top_view_images/P2270373.JPG,photos/side_view_images/P2270728.JPG,1.06,1.06,0.9324164390563965,-0.12758356094360357,0.12758356094360357
densenet121,top only,linear,41,11,photos/top_view_images/P2270374.JPG,photos/side_view_images/P2270729.JPG,2.12,2.12,1.8108054399490356,-0.30919456005096446,0.30919456005096446
densenet121,top only,linear,42,11,photos/top_view_images/P2270375.JPG,photos/side_view_images/P2270730.JPG,3.18,3.18,2.617698907852173,-0.5623010921478273,0.5623010921478273
densenet121,top only,linear,43,11,photos/top_view_images/P2270376.JPG,photos/side_view_images/P2270731.JPG,4.24,4.24,3.3475775718688965,-0.8924224281311037,0.8924224281311037
densenet121,top only,linear,44,12,photos/top_view_images/P2270377.JPG,photos/side_view_images/P2270732.JPG,1.06,1.06,1.1946372985839844,0.13463729858398432,0.13463729858398432
densenet121,top only,linear,45,12,photos/top_view_images/P2270378.JPG,photos/side_view_images/P2270733.JPG,2.12,2.12,2.7782466411590576,0.6582466411590575,0.6582466411590575
densenet121,top only,linear,46,12,photos/top_view_images/P2270379.JPG,photos/side_view_images/P2270734.JPG,3.18,3.18,3.282785177230835,0.1027851772308348,0.1027851772308348
densenet121,top only,linear,47,12,photos/top_view_images/P2270381.JPG,photos/side_view_images/P2270736.JPG,4.24,4.24,4.380008697509766,0.1400086975097654,0.1400086975097654
densenet121,top only,linear,48,13,photos/top_view_images/P2270383.JPG,photos/side_view_images/P2270737.JPG,1.06,1.06,1.068228006362915,0.008228006362914986,0.008228006362914986
densenet121,top only,linear,49,13,photos/top_view_images/P2270384.JPG,photos/side_view_images/P2270738.JPG,2.12,2.12,2.1762728691101074,0.056272869110107315,0.056272869110107315
densenet121,top only,linear,50,13,photos/top_view_images/P2270385.JPG,photos/side_view_images/P2270739.JPG,3.18,3.18,3.2840137481689453,0.10401374816894515,0.10401374816894515
densenet121,top only,linear,51,14,photos/top_view_images/P3020386.JPG,photos/side_view_images/P3020741.JPG,1.06,1.06,1.2592982053756714,0.19929820537567133,0.19929820537567133
densenet121,top only,linear,52,14,photos/top_view_images/P3020387.JPG,photos/side_view_images/P3020742.JPG,2.12,2.12,2.0919113159179688,-0.028088684082031357,0.028088684082031357
densenet121,top only,linear,53,14,photos/top_view_images/P3020388.JPG,photos/side_view_images/P3020743.JPG,3.18,3.18,3.305258274078369,0.12525827407836898,0.12525827407836898
densenet121,top only,linear,54,14,photos/top_view_images/P3020389.JPG,photos/side_view_images/P3020744.JPG,4.24,4.24,4.016310691833496,-0.22368930816650412,0.22368930816650412
densenet121,top only,linear,55,15,photos/top_view_images/P3020390.JPG,photos/side_view_images/P3020745.JPG,1.06,1.06,1.4714850187301636,0.4114850187301635,0.4114850187301635
densenet121,top only,linear,56,15,photos/top_view_images/P3020391.JPG,photos/side_view_images/P3020746.JPG,2.12,2.12,1.9743911027908325,-0.1456088972091676,0.1456088972091676
densenet121,top only,linear,57,15,photos/top_view_images/P3020392.JPG,photos/side_view_images/P3020747.JPG,3.18,3.18,3.876492977142334,0.6964929771423338,0.6964929771423338
densenet121,top only,linear,58,15,photos/top_view_images/P3020393.JPG,photos/side_view_images/P3020748.JPG,4.24,4.24,4.5698394775390625,0.3298394775390623,0.3298394775390623
densenet121,top only,linear,59,16,photos/top_view_images/P3020394.JPG,photos/side_view_images/P3020749.JPG,1.06,1.06,0.9073413610458374,-0.15265863895416265,0.15265863895416265
densenet121,top only,linear,60,16,photos/top_view_images/P3020395.JPG,photos/side_view_images/P3020750.JPG,2.12,2.12,2.1242012977600098,0.004201297760009659,0.004201297760009659
densenet121,top only,linear,61,16,photos/top_view_images/P3020396.JPG,photos/side_view_images/P3020751.JPG,3.18,3.18,2.581116199493408,-0.598883800506592,0.598883800506592
densenet121,top only,linear,62,16,photos/top_view_images/P3020397.JPG,photos/side_view_images/P3020752.JPG,4.24,4.24,3.893822431564331,-0.34617756843566916,0.34617756843566916
densenet121,top only,linear,63,17,photos/top_view_images/P3020398.JPG,photos/side_view_images/P3020753.JPG,1.06,1.06,1.0585105419158936,-0.0014894580841064986,0.0014894580841064986
densenet121,top only,linear,64,17,photos/top_view_images/P3020399.JPG,photos/side_view_images/P3020754.JPG,2.12,2.12,2.228942632675171,0.10894263267517079,0.10894263267517079
densenet121,top only,linear,65,17,photos/top_view_images/P3020400.JPG,photos/side_view_images/P3020755.JPG,3.18,3.18,3.751741886138916,0.5717418861389159,0.5717418861389159
densenet121,top only,linear,66,17,photos/top_view_images/P3020401.JPG,photos/side_view_images/P3020756.JPG,4.24,4.24,4.689995765686035,0.44999576568603494,0.44999576568603494
densenet121,top only,linear,67,18,photos/top_view_images/P3020402.JPG,photos/side_view_images/P3020757.JPG,1.06,1.06,1.18772292137146,0.1277229213714599,0.1277229213714599
densenet121,top only,linear,68,18,photos/top_view_images/P3020403.JPG,photos/side_view_images/P3020758.JPG,2.12,2.12,2.1047849655151367,-0.015215034484863388,0.015215034484863388
densenet121,top only,linear,69,18,photos/top_view_images/P3020404.JPG,photos/side_view_images/P3020759.JPG,3.18,3.18,3.291752338409424,0.11175233840942367,0.11175233840942367
densenet121,top only,linear,70,18,photos/top_view_images/P3020405.JPG,photos/side_view_images/P3020760.JPG,4.24,4.24,4.407012939453125,0.1670129394531248,0.1670129394531248
densenet121,top only,linear,71,19,photos/top_view_images/P3020406.JPG,photos/side_view_images/P3020761.JPG,1.06,1.06,0.6680922508239746,-0.39190774917602544,0.39190774917602544
densenet121,top only,linear,72,19,photos/top_view_images/P3020407.JPG,photos/side_view_images/P3020762.JPG,2.12,2.12,2.067162036895752,-0.05283796310424815,0.05283796310424815
densenet121,top only,linear,73,19,photos/top_view_images/P3020408.JPG,photos/side_view_images/P3020763.JPG,3.18,3.18,2.873324155807495,-0.30667584419250504,0.30667584419250504
densenet121,top only,linear,74,19,photos/top_view_images/P3020409.JPG,photos/side_view_images/P3020764.JPG,4.24,4.24,4.4541730880737305,0.21417308807373026,0.21417308807373026
densenet121,top only,linear,75,20,photos/top_view_images/P3020410.JPG,photos/side_view_images/P3020765.JPG,1.06,1.06,0.8091247081756592,-0.2508752918243409,0.2508752918243409
densenet121,top only,linear,76,20,photos/top_view_images/P3020411.JPG,photos/side_view_images/P3020766.JPG,2.12,2.12,2.07645845413208,-0.04354154586792003,0.04354154586792003
densenet121,top only,linear,77,20,photos/top_view_images/P3020412.JPG,photos/side_view_images/P3020767.JPG,3.18,3.18,3.2261078357696533,0.04610783576965316,0.04610783576965316
densenet121,top only,linear,78,20,photos/top_view_images/P3020413.JPG,photos/side_view_images/P3020768.JPG,4.24,4.24,4.082104682922363,-0.15789531707763693,0.15789531707763693
densenet121,top only,linear,79,21,photos/top_view_images/P3020414.JPG,photos/side_view_images/P3020769.JPG,1.06,1.06,1.4223110675811768,0.3623110675811767,0.3623110675811767
densenet121,top only,linear,80,21,photos/top_view_images/P3020415.JPG,photos/side_view_images/P3020770.JPG,2.12,2.12,2.7835962772369385,0.6635962772369384,0.6635962772369384
densenet121,top only,linear,81,21,photos/top_view_images/P3020416.JPG,photos/side_view_images/P3020771.JPG,3.18,3.18,3.1854281425476074,0.005428142547607262,0.005428142547607262
densenet121,top only,linear,82,21,photos/top_view_images/P3020417.JPG,photos/side_view_images/P3020772.JPG,4.24,4.24,3.94497013092041,-0.29502986907959006,0.29502986907959006
densenet121,top only,linear,83,22,photos/top_view_images/P3020418.JPG,photos/side_view_images/P3020773.JPG,1.06,1.06,0.71014404296875,-0.34985595703125005,0.34985595703125005
densenet121,top only,linear,84,22,photos/top_view_images/P3020419.JPG,photos/side_view_images/P3020774.JPG,2.12,2.12,1.68880295753479,-0.43119704246521007,0.43119704246521007
densenet121,top only,linear,85,22,photos/top_view_images/P3020420.JPG,photos/side_view_images/P3020775.JPG,3.18,3.18,2.8645660877227783,-0.31543391227722184,0.31543391227722184
densenet121,top only,linear,86,22,photos/top_view_images/P3020421.JPG,photos/side_view_images/P3020776.JPG,4.24,4.24,3.8777997493743896,-0.36220025062561056,0.36220025062561056
densenet121,top only,linear,87,23,photos/top_view_images/P3020422.JPG,photos/side_view_images/P3020777.JPG,1.06,1.06,1.0274685621261597,-0.032531437873840385,0.032531437873840385
densenet121,top only,linear,88,23,photos/top_view_images/P3020423.JPG,photos/side_view_images/P3020778.JPG,2.12,2.12,2.2502529621124268,0.13025296211242665,0.13025296211242665
densenet121,top only,linear,89,23,photos/top_view_images/P3020424.JPG,photos/side_view_images/P3020779.JPG,3.18,3.18,2.965573787689209,-0.21442621231079118,0.21442621231079118
densenet121,top only,linear,90,23,photos/top_view_images/P3020425.JPG,photos/side_view_images/P3020780.JPG,4.24,4.24,3.9748988151550293,-0.2651011848449709,0.2651011848449709
densenet121,top only,linear,91,24,photos/top_view_images/P3020426.JPG,photos/side_view_images/P3020781.JPG,1.06,1.06,0.605602502822876,-0.4543974971771241,0.4543974971771241
densenet121,top only,linear,92,24,photos/top_view_images/P3020427.JPG,photos/side_view_images/P3020782.JPG,2.12,2.12,2.335677146911621,0.215677146911621,0.215677146911621
densenet121,top only,linear,93,24,photos/top_view_images/P3020428.JPG,photos/side_view_images/P3020783.JPG,3.18,3.18,3.089538812637329,-0.09046118736267106,0.09046118736267106
densenet121,top only,linear,94,24,photos/top_view_images/P3020429.JPG,photos/side_view_images/P3020784.JPG,4.24,4.24,3.8514811992645264,-0.38851880073547385,0.38851880073547385
densenet121,top only,linear,95,25,photos/top_view_images/P3020430.JPG,photos/side_view_images/P3020785.JPG,1.06,1.06,1.0531296730041504,-0.006870326995849663,0.006870326995849663
densenet121,top only,linear,96,25,photos/top_view_images/P3020431.JPG,photos/side_view_images/P3020786.JPG,2.12,2.12,2.0944812297821045,-0.025518770217895614,0.025518770217895614
densenet121,top only,linear,97,25,photos/top_view_images/P3020432.JPG,photos/side_view_images/P3020787.JPG,3.18,3.18,2.833662986755371,-0.34633701324462907,0.34633701324462907
densenet121,top only,linear,98,25,photos/top_view_images/P3020433.JPG,photos/side_view_images/P3020788.JPG,4.24,4.24,3.5418477058410645,-0.6981522941589358,0.6981522941589358
densenet121,top only,linear,99,26,photos/top_view_images/P3020434.JPG,photos/side_view_images/P3020789.JPG,1.06,1.06,1.495114803314209,0.43511480331420893,0.43511480331420893
densenet121,top only,linear,100,26,photos/top_view_images/P3020435.JPG,photos/side_view_images/P3020790.JPG,2.12,2.12,2.7747814655303955,0.6547814655303954,0.6547814655303954
densenet121,top only,linear,101,26,photos/top_view_images/P3020436.JPG,photos/side_view_images/P3020791.JPG,3.18,3.18,4.2391862869262695,1.0591862869262694,1.0591862869262694
densenet121,top only,linear,102,26,photos/top_view_images/P3020437.JPG,photos/side_view_images/P3020792.JPG,4.24,4.24,5.465611457824707,1.2256114578247068,1.2256114578247068
densenet121,top only,linear,103,27,photos/top_view_images/P3020438.JPG,photos/side_view_images/P3020793.JPG,1.06,1.06,0.6688824892044067,-0.3911175107955933,0.3911175107955933
densenet121,top only,linear,104,27,photos/top_view_images/P3020439.JPG,photos/side_view_images/P3020794.JPG,2.12,2.12,2.1527748107910156,0.03277481079101552,0.03277481079101552
densenet121,top only,linear,105,27,photos/top_view_images/P3020440.JPG,photos/side_view_images/P3020795.JPG,3.18,3.18,2.750074625015259,-0.42992537498474137,0.42992537498474137
densenet121,top only,linear,106,27,photos/top_view_images/P3020441.JPG,photos/side_view_images/P3020796.JPG,4.24,4.24,3.461353302001953,-0.7786466979980471,0.7786466979980471
densenet121,top only,linear,107,28,photos/top_view_images/P3030442.JPG,photos/side_view_images/P3030797.JPG,1.06,1.06,1.1168129444122314,0.05681294441223139,0.05681294441223139
densenet121,top only,linear,108,28,photos/top_view_images/P3030443.JPG,photos/side_view_images/P3030798.JPG,2.12,2.12,2.3819024562835693,0.26190245628356923,0.26190245628356923
densenet121,top only,linear,109,28,photos/top_view_images/P3030444.JPG,photos/side_view_images/P3030799.JPG,3.18,3.18,2.9281136989593506,-0.2518863010406496,0.2518863010406496
densenet121,top only,linear,110,28,photos/top_view_images/P3030445.JPG,photos/side_view_images/P3030800.JPG,4.24,4.24,4.021074295043945,-0.2189257049560549,0.2189257049560549
densenet121,top only,linear,111,29,photos/top_view_images/P3030446.JPG,photos/side_view_images/P3030801.JPG,1.06,1.06,1.5073795318603516,0.4473795318603515,0.4473795318603515
densenet121,top only,linear,112,29,photos/top_view_images/P3030447.JPG,photos/side_view_images/P3030802.JPG,2.12,2.12,2.4497621059417725,0.32976210594177235,0.32976210594177235
densenet121,top only,linear,113,29,photos/top_view_images/P3030448.JPG,photos/side_view_images/P3030803.JPG,3.18,3.18,3.4440689086914062,0.2640689086914061,0.2640689086914061
densenet121,top only,linear,114,29,photos/top_view_images/P3030449.JPG,photos/side_view_images/P3030804.JPG,4.24,4.24,4.560815334320068,0.32081533432006815,0.32081533432006815
densenet121,top only,linear,115,30,photos/top_view_images/P3030450.JPG,photos/side_view_images/P3030805.JPG,1.06,1.06,1.8221720457077026,0.7621720457077026,0.7621720457077026
densenet121,top only,linear,116,30,photos/top_view_images/P3030451.JPG,photos/side_view_images/P3030806.JPG,2.12,2.12,2.9784162044525146,0.8584162044525145,0.8584162044525145
densenet121,top only,linear,117,30,photos/top_view_images/P3030452.JPG,photos/side_view_images/P3030807.JPG,3.18,3.18,2.978814125061035,-0.201185874938965,0.201185874938965
densenet121,top only,linear,118,30,photos/top_view_images/P3030453.JPG,photos/side_view_images/P3030808.JPG,4.24,4.24,3.291259765625,-0.9487402343750002,0.9487402343750002
densenet121,top only,linear,119,31,photos/top_view_images/P3030454.JPG,photos/side_view_images/P3030809.JPG,1.06,1.06,0.5837936401367188,-0.4762063598632813,0.4762063598632813
densenet121,top only,linear,120,31,photos/top_view_images/P3030455.JPG,photos/side_view_images/P3030810.JPG,2.12,2.12,1.618760108947754,-0.5012398910522462,0.5012398910522462
densenet121,top only,linear,121,31,photos/top_view_images/P3030456.JPG,photos/side_view_images/P3030811.JPG,3.18,3.18,3.1557259559631348,-0.024274044036865394,0.024274044036865394
densenet121,top only,linear,122,31,photos/top_view_images/P3030457.JPG,photos/side_view_images/P3030812.JPG,4.24,4.24,4.079977035522461,-0.16002296447753928,0.16002296447753928
densenet121,top only,linear,123,32,photos/top_view_images/P3050458.JPG,photos/side_view_images/P3050813.JPG,1.06,1.06,1.6149872541427612,0.5549872541427612,0.5549872541427612
densenet121,top only,linear,124,32,photos/top_view_images/P3050459.JPG,photos/side_view_images/P3050814.JPG,2.12,2.12,2.6476643085479736,0.5276643085479735,0.5276643085479735
densenet121,top only,linear,125,32,photos/top_view_images/P3050460.JPG,photos/side_view_images/P3050815.JPG,3.18,3.18,3.4354004859924316,0.2554004859924315,0.2554004859924315
densenet121,top only,linear,126,32,photos/top_view_images/P3050462.JPG,photos/side_view_images/P3050817.JPG,4.24,4.24,4.310181617736816,0.0701816177368162,0.0701816177368162
densenet121,top only,linear,127,33,photos/top_view_images/P3050463.JPG,photos/side_view_images/P3050818.JPG,1.06,1.06,0.9565014839172363,-0.10349851608276373,0.10349851608276373
densenet121,top only,linear,128,33,photos/top_view_images/P3050464.JPG,photos/side_view_images/P3050819.JPG,2.12,2.12,1.8319419622421265,-0.28805803775787364,0.28805803775787364
densenet121,top only,linear,129,34,photos/top_view_images/P3050467.JPG,photos/side_view_images/P3050823.JPG,1.06,1.06,0.7073087692260742,-0.35269123077392583,0.35269123077392583
densenet121,top only,linear,130,34,photos/top_view_images/P3050468.JPG,photos/side_view_images/P3050824.JPG,2.12,2.12,3.4109485149383545,1.2909485149383544,1.2909485149383544
densenet121,top only,linear,131,34,photos/top_view_images/P3050469.JPG,photos/side_view_images/P3050825.JPG,3.18,3.18,3.6083807945251465,0.4283807945251463,0.4283807945251463
densenet121,top only,linear,132,34,photos/top_view_images/P3050470.JPG,photos/side_view_images/P3050826.JPG,4.24,4.24,3.898695707321167,-0.3413042926788332,0.3413042926788332
densenet121,top only,linear,133,35,photos/top_view_images/P3050471.JPG,photos/side_view_images/P3050827.JPG,1.06,1.06,1.011134147644043,-0.048865852355957085,0.048865852355957085
densenet121,top only,linear,134,35,photos/top_view_images/P3050472.JPG,photos/side_view_images/P3050828.JPG,2.12,2.12,1.6584298610687256,-0.4615701389312745,0.4615701389312745
densenet121,top only,linear,135,35,photos/top_view_images/P3050473.JPG,photos/side_view_images/P3050829.JPG,3.18,3.18,2.8743607997894287,-0.30563920021057145,0.30563920021057145
densenet121,top only,linear,136,35,photos/top_view_images/P3050474.JPG,photos/side_view_images/P3050830.JPG,4.24,4.24,3.9828367233276367,-0.2571632766723635,0.2571632766723635
densenet121,top only,linear,137,36,photos/top_view_images/P3050475.JPG,photos/side_view_images/P3050831.JPG,1.06,1.06,0.8791570663452148,-0.1808429336547852,0.1808429336547852
densenet121,top only,linear,138,36,photos/top_view_images/P3050476.JPG,photos/side_view_images/P3050832.JPG,2.12,2.12,2.261868953704834,0.14186895370483388,0.14186895370483388
densenet121,top only,linear,139,36,photos/top_view_images/P3050477.JPG,photos/side_view_images/P3050833.JPG,3.18,3.18,2.5146870613098145,-0.6653129386901857,0.6653129386901857
densenet121,top only,linear,140,36,photos/top_view_images/P3050478.JPG,photos/side_view_images/P3050834.JPG,4.24,4.24,2.643798589706421,-1.5962014102935793,1.5962014102935793
densenet121,top only,linear,141,37,photos/top_view_images/P3050479.JPG,photos/side_view_images/P3050835.JPG,1.06,1.06,0.09316110610961914,-0.9668388938903809,0.9668388938903809
densenet121,top only,linear,142,37,photos/top_view_images/P3050480.JPG,photos/side_view_images/P3050836.JPG,2.12,2.12,1.1026537418365479,-1.0173462581634523,1.0173462581634523
densenet121,top only,linear,143,37,photos/top_view_images/P3050481.JPG,photos/side_view_images/P3050837.JPG,3.18,3.18,3.1494908332824707,-0.030509166717529457,0.030509166717529457
densenet121,top only,linear,144,37,photos/top_view_images/P3050482.JPG,photos/side_view_images/P3050838.JPG,4.24,4.24,4.225647926330566,-0.014352073669433807,0.014352073669433807
densenet121,top only,linear,145,38,photos/top_view_images/P3050484.JPG,photos/side_view_images/P3050840.JPG,1.06,1.06,1.251662015914917,0.19166201591491694,0.19166201591491694
densenet121,top only,linear,146,38,photos/top_view_images/P3050485.JPG,photos/side_view_images/P3050841.JPG,2.12,2.12,1.9450359344482422,-0.17496406555175792,0.17496406555175792
densenet121,top only,linear,147,38,photos/top_view_images/P3050486.JPG,photos/side_view_images/P3050842.JPG,3.18,3.18,2.8530232906341553,-0.3269767093658449,0.3269767093658449
densenet121,top only,linear,148,38,photos/top_view_images/P3050487.JPG,photos/side_view_images/P3050843.JPG,4.24,4.24,3.821000099182129,-0.4189999008178713,0.4189999008178713
densenet121,top only,linear,149,39,photos/top_view_images/P3050488.JPG,photos/side_view_images/P3050844.JPG,1.06,1.06,1.2701581716537476,0.2101581716537475,0.2101581716537475
densenet121,top only,linear,150,39,photos/top_view_images/P3050489.JPG,photos/side_view_images/P3050845.JPG,2.12,2.12,2.5240440368652344,0.40404403686523427,0.40404403686523427
densenet121,top only,linear,151,39,photos/top_view_images/P3050490.JPG,photos/side_view_images/P3050846.JPG,3.18,3.18,3.7157692909240723,0.5357692909240721,0.5357692909240721
densenet121,top only,linear,152,39,photos/top_view_images/P3050491.JPG,photos/side_view_images/P3050847.JPG,4.24,4.24,4.565135478973389,0.32513547897338846,0.32513547897338846
densenet121,top only,linear,153,40,photos/top_view_images/P3050492.JPG,photos/side_view_images/P3050848.JPG,1.06,1.06,1.314700722694397,0.2547007226943969,0.2547007226943969
densenet121,top only,linear,154,40,photos/top_view_images/P3050493.JPG,photos/side_view_images/P3050849.JPG,2.12,2.12,2.0394790172576904,-0.08052098274230968,0.08052098274230968
densenet121,top only,linear,155,40,photos/top_view_images/P3050494.JPG,photos/side_view_images/P3050850.JPG,3.18,3.18,2.59928822517395,-0.58071177482605,0.58071177482605
densenet121,top only,linear,156,40,photos/top_view_images/P3050495.JPG,photos/side_view_images/P3050851.JPG,4.24,4.24,4.013651371002197,-0.22634862899780295,0.22634862899780295
densenet121,top only,linear,157,41,photos/top_view_images/P3050496.JPG,photos/side_view_images/P3050852.JPG,1.06,1.06,0.5876059532165527,-0.4723940467834473,0.4723940467834473
densenet121,top only,linear,158,41,photos/top_view_images/P3050497.JPG,photos/side_view_images/P3050853.JPG,2.12,2.12,2.5386462211608887,0.41864622116088857,0.41864622116088857
densenet121,top only,linear,159,41,photos/top_view_images/P3050498.JPG,photos/side_view_images/P3050854.JPG,3.18,3.18,3.816141128540039,0.6361411285400389,0.6361411285400389
densenet121,top only,linear,160,41,photos/top_view_images/P3050499.JPG,photos/side_view_images/P3050855.JPG,4.24,4.24,4.6637773513793945,0.4237773513793943,0.4237773513793943
densenet121,top only,linear,161,42,photos/top_view_images/P3050500.JPG,photos/side_view_images/P3050857.JPG,2.12,2.12,1.8893508911132812,-0.23064910888671886,0.23064910888671886
densenet121,top only,linear,162,42,photos/top_view_images/P3050501.JPG,photos/side_view_images/P3050858.JPG,3.18,3.18,3.1473312377929688,-0.03266876220703141,0.03266876220703141
densenet121,top only,linear,163,43,photos/top_view_images/P3060503.JPG,photos/side_view_images/P3060859.JPG,1.06,1.06,1.0308799743652344,-0.02912002563476568,0.02912002563476568
densenet121,top only,linear,164,43,photos/top_view_images/P3060504.JPG,photos/side_view_images/P3060860.JPG,2.12,2.12,2.074812412261963,-0.045187587738037216,0.045187587738037216
densenet121,top only,linear,165,43,photos/top_view_images/P3060505.JPG,photos/side_view_images/P3060861.JPG,3.18,3.18,3.1933064460754395,0.013306446075439293,0.013306446075439293
densenet121,top only,linear,166,43,photos/top_view_images/P3060506.JPG,photos/side_view_images/P3060862.JPG,4.24,4.24,4.095358848571777,-0.14464115142822287,0.14464115142822287
densenet121,top only,linear,167,44,photos/top_view_images/P3060507.JPG,photos/side_view_images/P3060863.JPG,1.06,1.06,0.969261884689331,-0.090738115310669,0.090738115310669
densenet121,top only,linear,168,44,photos/top_view_images/P3060508.JPG,photos/side_view_images/P3060864.JPG,2.12,2.12,2.37591552734375,0.2559155273437499,0.2559155273437499
densenet121,top only,linear,169,44,photos/top_view_images/P3060509.JPG,photos/side_view_images/P3060865.JPG,3.18,3.18,3.240523099899292,0.06052309989929183,0.06052309989929183
densenet121,top only,linear,170,44,photos/top_view_images/P3060510.JPG,photos/side_view_images/P3060866.JPG,4.24,4.24,3.700918674468994,-0.5390813255310061,0.5390813255310061
densenet121,top only,linear,171,45,photos/top_view_images/P3060511.JPG,photos/side_view_images/P3060867.JPG,1.06,1.06,0.9361838102340698,-0.12381618976593023,0.12381618976593023
densenet121,top only,linear,172,45,photos/top_view_images/P3060512.JPG,photos/side_view_images/P3060868.JPG,2.12,2.12,1.727020502090454,-0.392979497909546,0.392979497909546
densenet121,top only,linear,173,45,photos/top_view_images/P3060513.JPG,photos/side_view_images/P3060869.JPG,3.18,3.18,3.2336833477020264,0.05368334770202621,0.05368334770202621
densenet121,top only,linear,174,45,photos/top_view_images/P3060514.JPG,photos/side_view_images/P3060870.JPG,4.24,4.24,4.860932350158691,0.6209323501586912,0.6209323501586912
densenet121,top only,linear,175,46,photos/top_view_images/P3060515.JPG,photos/side_view_images/P3060871.JPG,1.06,1.06,1.2571234703063965,0.19712347030639643,0.19712347030639643
densenet121,top only,linear,176,46,photos/top_view_images/P3060516.JPG,photos/side_view_images/P3060872.JPG,2.12,2.12,2.005190372467041,-0.11480962753295909,0.11480962753295909
densenet121,top only,linear,177,46,photos/top_view_images/P3060517.JPG,photos/side_view_images/P3060873.JPG,3.18,3.18,3.046917676925659,-0.13308232307434098,0.13308232307434098
densenet121,top only,linear,178,46,photos/top_view_images/P3060518.JPG,photos/side_view_images/P3060874.JPG,4.24,4.24,3.399057388305664,-0.8409426116943362,0.8409426116943362
densenet121,top only,linear,179,47,photos/top_view_images/P3060519.JPG,photos/side_view_images/P3060875.JPG,1.06,1.06,1.0825494527816772,0.022549452781677193,0.022549452781677193
densenet121,top only,linear,180,47,photos/top_view_images/P3060520.JPG,photos/side_view_images/P3060876.JPG,2.12,2.12,2.4007060527801514,0.28070605278015126,0.28070605278015126
densenet121,top only,linear,181,47,photos/top_view_images/P3060521.JPG,photos/side_view_images/P3060877.JPG,3.18,3.18,2.8203845024108887,-0.3596154975891115,0.3596154975891115
densenet121,top only,linear,182,47,photos/top_view_images/P3060522.JPG,photos/side_view_images/P3060878.JPG,4.24,4.24,3.773573637008667,-0.4664263629913332,0.4664263629913332
densenet121,top only,linear,183,48,photos/top_view_images/P3060523.JPG,photos/side_view_images/P3060879.JPG,1.06,1.06,1.607109785079956,0.547109785079956,0.547109785079956
densenet121,top only,linear,184,48,photos/top_view_images/P3060524.JPG,photos/side_view_images/P3060880.JPG,2.12,2.12,2.310903549194336,0.19090354919433583,0.19090354919433583
densenet121,top only,linear,185,48,photos/top_view_images/P3060525.JPG,photos/side_view_images/P3060881.JPG,3.18,3.18,2.6436569690704346,-0.5363430309295656,0.5363430309295656
densenet121,top only,linear,186,48,photos/top_view_images/P3060526.JPG,photos/side_view_images/P3060882.JPG,4.24,4.24,3.4643874168395996,-0.7756125831604006,0.7756125831604006
densenet121,top only,linear,187,49,photos/top_view_images/P3060527.JPG,photos/side_view_images/P3060883.JPG,1.06,1.06,0.9209408760070801,-0.13905912399291998,0.13905912399291998
densenet121,top only,linear,188,49,photos/top_view_images/P3060528.JPG,photos/side_view_images/P3060884.JPG,2.12,2.12,1.9552333354949951,-0.164766664505005,0.164766664505005
densenet121,top only,linear,189,49,photos/top_view_images/P3060529.JPG,photos/side_view_images/P3060885.JPG,3.18,3.18,3.3231072425842285,0.14310724258422836,0.14310724258422836
densenet121,top only,linear,190,49,photos/top_view_images/P3060530.JPG,photos/side_view_images/P3060886.JPG,4.24,4.24,3.950390338897705,-0.28960966110229514,0.28960966110229514
densenet121,top only,linear,191,50,photos/top_view_images/P3060531.JPG,photos/side_view_images/P3060887.JPG,1.06,1.06,1.5107102394104004,0.45071023941040034,0.45071023941040034
densenet121,top only,linear,192,50,photos/top_view_images/P3060532.JPG,photos/side_view_images/P3060888.JPG,2.12,2.12,2.8093719482421875,0.6893719482421874,0.6893719482421874
densenet121,top only,linear,193,50,photos/top_view_images/P3060533.JPG,photos/side_view_images/P3060889.JPG,3.18,3.18,3.841519832611084,0.6615198326110838,0.6615198326110838
densenet121,top only,linear,194,50,photos/top_view_images/P3060534.JPG,photos/side_view_images/P3060890.JPG,4.24,4.24,4.559484481811523,0.3194844818115232,0.3194844818115232
densenet121,top only,linear,195,51,photos/top_view_images/P3060535.JPG,photos/side_view_images/P3060891.JPG,1.06,1.06,0.9150773286819458,-0.14492267131805425,0.14492267131805425
densenet121,top only,linear,196,51,photos/top_view_images/P3060536.JPG,photos/side_view_images/P3060892.JPG,2.12,2.12,1.5217803716659546,-0.5982196283340455,0.5982196283340455
densenet121,top only,linear,197,51,photos/top_view_images/P3060537.JPG,photos/side_view_images/P3060893.JPG,3.18,3.18,3.1345887184143066,-0.04541128158569352,0.04541128158569352
densenet121,top only,linear,198,51,photos/top_view_images/P3060538.JPG,photos/side_view_images/P3060894.JPG,4.24,4.24,4.3032121658325195,0.06321216583251932,0.06321216583251932
densenet121,top only,linear,199,52,photos/top_view_images/P3060539.JPG,photos/side_view_images/P3060895.JPG,1.06,1.06,1.214239478111267,0.15423947811126704,0.15423947811126704
densenet121,top only,linear,200,52,photos/top_view_images/P3060540.JPG,photos/side_view_images/P3060896.JPG,2.12,2.12,3.00787091255188,0.8878709125518798,0.8878709125518798
densenet121,top only,linear,201,52,photos/top_view_images/P3060541.JPG,photos/side_view_images/P3060897.JPG,3.18,3.18,2.9257802963256836,-0.25421970367431657,0.25421970367431657
densenet121,top only,linear,202,52,photos/top_view_images/P3060542.JPG,photos/side_view_images/P3060898.JPG,4.24,4.24,3.963475227355957,-0.2765247726440432,0.2765247726440432
densenet121,top only,linear,203,53,photos/top_view_images/P3060543.JPG,photos/side_view_images/P3060899.JPG,1.06,1.06,0.8154977560043335,-0.24450224399566656,0.24450224399566656
densenet121,top only,linear,204,53,photos/top_view_images/P3060544.JPG,photos/side_view_images/P3060900.JPG,2.12,2.12,2.102370500564575,-0.01762949943542491,0.01762949943542491
densenet121,top only,linear,205,53,photos/top_view_images/P3060545.JPG,photos/side_view_images/P3060901.JPG,3.18,3.18,3.7182066440582275,0.5382066440582274,0.5382066440582274
densenet121,top only,linear,206,53,photos/top_view_images/P3060546.JPG,photos/side_view_images/P3060902.JPG,4.24,4.24,3.769237518310547,-0.47076248168945334,0.47076248168945334
densenet121,top only,linear,207,54,photos/top_view_images/P3060547.JPG,photos/side_view_images/P3060903.JPG,1.06,1.06,1.1499218940734863,0.08992189407348627,0.08992189407348627
densenet121,top only,linear,208,54,photos/top_view_images/P3060548.JPG,photos/side_view_images/P3060904.JPG,2.12,2.12,2.431107521057129,0.3111075210571288,0.3111075210571288
densenet121,top only,linear,209,54,photos/top_view_images/P3060549.JPG,photos/side_view_images/P3060905.JPG,3.18,3.18,3.199760913848877,0.019760913848876793,0.019760913848876793
densenet121,top only,linear,210,55,photos/top_view_images/P3060550.JPG,photos/side_view_images/P3060906.JPG,1.06,1.06,1.6377791166305542,0.5777791166305541,0.5777791166305541
densenet121,top only,linear,211,55,photos/top_view_images/P3060551.JPG,photos/side_view_images/P3060907.JPG,2.12,2.12,2.1745471954345703,0.054547195434570206,0.054547195434570206
densenet121,top only,linear,212,55,photos/top_view_images/P3060552.JPG,photos/side_view_images/P3060908.JPG,3.18,3.18,3.504690170288086,0.3246901702880858,0.3246901702880858
densenet121,top only,linear,213,55,photos/top_view_images/P3060553.JPG,photos/side_view_images/P3060909.JPG,4.24,4.24,4.405111312866211,0.16511131286621072,0.16511131286621072
densenet121,top only,linear,214,56,photos/top_view_images/P3060554.JPG,photos/side_view_images/P3060910.JPG,1.06,1.06,0.810890793800354,-0.24910920619964605,0.24910920619964605
densenet121,top only,linear,215,56,photos/top_view_images/P3060555.JPG,photos/side_view_images/P3060911.JPG,2.12,2.12,2.4438610076904297,0.3238610076904296,0.3238610076904296
densenet121,top only,linear,216,56,photos/top_view_images/P3060556.JPG,photos/side_view_images/P3060912.JPG,3.18,3.18,3.136381149291992,-0.04361885070800797,0.04361885070800797
densenet121,top only,linear,217,57,photos/top_view_images/P3090558.JPG,photos/side_view_images/P3090914.JPG,1.06,1.06,0.7988351583480835,-0.26116484165191656,0.26116484165191656
densenet121,top only,linear,218,57,photos/top_view_images/P3090559.JPG,photos/side_view_images/P3090915.JPG,2.12,2.12,1.5319592952728271,-0.588040704727173,0.588040704727173
densenet121,top only,linear,219,57,photos/top_view_images/P3090560.JPG,photos/side_view_images/P3090916.JPG,3.18,3.18,2.433764696121216,-0.7462353038787843,0.7462353038787843
densenet121,top only,linear,220,57,photos/top_view_images/P3090561.JPG,photos/side_view_images/P3090917.JPG,4.24,4.24,4.245355606079102,0.005355606079101349,0.005355606079101349
densenet121,top only,linear,221,58,photos/top_view_images/P3090562.JPG,photos/side_view_images/P3090918.JPG,1.06,1.06,1.1746114492416382,0.11461144924163813,0.11461144924163813
densenet121,top only,linear,222,58,photos/top_view_images/P3090563.JPG,photos/side_view_images/P3090919.JPG,2.12,2.12,2.0566909313201904,-0.06330906867980968,0.06330906867980968
densenet121,top only,linear,223,58,photos/top_view_images/P3090564.JPG,photos/side_view_images/P3090920.JPG,3.18,3.18,3.2293214797973633,0.04932147979736312,0.04932147979736312
densenet121,top only,linear,224,58,photos/top_view_images/P3090565.JPG,photos/side_view_images/P3090921.JPG,4.24,4.24,4.498703956604004,0.2587039566040037,0.2587039566040037
densenet121,top only,linear,225,59,photos/top_view_images/P3090566.JPG,photos/side_view_images/P3090922.JPG,1.06,1.06,1.4789947271347046,0.41899472713470454,0.41899472713470454
densenet121,top only,linear,226,59,photos/top_view_images/P3090567.JPG,photos/side_view_images/P3090923.JPG,2.12,2.12,2.2828023433685303,0.16280234336853017,0.16280234336853017
densenet121,top only,linear,227,59,photos/top_view_images/P3090568.JPG,photos/side_view_images/P3090924.JPG,3.18,3.18,3.2074263095855713,0.02742630958557113,0.02742630958557113
densenet121,top only,linear,228,59,photos/top_view_images/P3090569.JPG,photos/side_view_images/P3090925.JPG,4.24,4.24,4.197569847106934,-0.04243015289306662,0.04243015289306662
densenet121,top only,linear,229,60,photos/top_view_images/P3090570.JPG,photos/side_view_images/P3090926.JPG,1.06,1.06,0.9817913770675659,-0.07820862293243414,0.07820862293243414
densenet121,top only,linear,230,60,photos/top_view_images/P3090571.JPG,photos/side_view_images/P3090927.JPG,2.12,2.12,1.4394731521606445,-0.6805268478393556,0.6805268478393556
densenet121,top only,linear,231,60,photos/top_view_images/P3090572.JPG,photos/side_view_images/P3090928.JPG,3.18,3.18,2.8268277645111084,-0.35317223548889176,0.35317223548889176
densenet121,top only,linear,232,60,photos/top_view_images/P3090573.JPG,photos/side_view_images/P3090929.JPG,4.24,4.24,4.263667583465576,0.02366758346557596,0.02366758346557596
densenet121,top only,linear,233,61,photos/top_view_images/P3090574.JPG,photos/side_view_images/P3090930.JPG,1.06,1.06,0.9979958534240723,-0.06200414657592779,0.06200414657592779
densenet121,top only,linear,234,61,photos/top_view_images/P3090575.JPG,photos/side_view_images/P3090931.JPG,2.12,2.12,1.9166193008422852,-0.20338069915771495,0.20338069915771495
densenet121,top only,linear,235,61,photos/top_view_images/P3090576.JPG,photos/side_view_images/P3090932.JPG,3.18,3.18,2.897794246673584,-0.2822057533264162,0.2822057533264162
densenet121,top only,linear,236,61,photos/top_view_images/P3090577.JPG,photos/side_view_images/P3090933.JPG,4.24,4.24,4.109522819519043,-0.13047718048095724,0.13047718048095724
densenet121,top only,linear,237,62,photos/top_view_images/P3090578.JPG,photos/side_view_images/P3090934.JPG,1.06,1.06,1.5750764608383179,0.5150764608383178,0.5150764608383178
densenet121,top only,linear,238,62,photos/top_view_images/P3090579.JPG,photos/side_view_images/P3090935.JPG,2.12,2.12,2.5014119148254395,0.38141191482543935,0.38141191482543935
densenet121,top only,linear,239,62,photos/top_view_images/P3090580.JPG,photos/side_view_images/P3090936.JPG,3.18,3.18,3.364638090133667,0.18463809013366683,0.18463809013366683
densenet121,top only,linear,240,62,photos/top_view_images/P3090581.JPG,photos/side_view_images/P3090937.JPG,4.24,4.24,4.262813091278076,0.02281309127807596,0.02281309127807596
densenet121,top only,linear,241,63,photos/top_view_images/P3090582.JPG,photos/side_view_images/P3090938.JPG,1.06,1.06,0.9466286897659302,-0.11337131023406988,0.11337131023406988
densenet121,top only,linear,242,63,photos/top_view_images/P3090583.JPG,photos/side_view_images/P3090939.JPG,3.18,3.18,3.2985005378723145,0.1185005378723143,0.1185005378723143
densenet121,top only,linear,243,63,photos/top_view_images/P3090584.JPG,photos/side_view_images/P3090940.JPG,4.24,4.24,4.303711414337158,0.06371141433715799,0.06371141433715799
densenet121,top only,linear,244,64,photos/top_view_images/P3090585.JPG,photos/side_view_images/P3090941.JPG,1.06,1.06,1.6628406047821045,0.6028406047821044,0.6028406047821044
densenet121,top only,linear,245,64,photos/top_view_images/P3090586.JPG,photos/side_view_images/P3090942.JPG,2.12,2.12,1.6828160285949707,-0.4371839714050294,0.4371839714050294
densenet121,top only,linear,246,64,photos/top_view_images/P3090587.JPG,photos/side_view_images/P3090943.JPG,3.18,3.18,2.971571683883667,-0.20842831611633317,0.20842831611633317
densenet121,top only,linear,247,64,photos/top_view_images/P3090588.JPG,photos/side_view_images/P3090944.JPG,4.24,4.24,3.9080817699432373,-0.3319182300567629,0.3319182300567629
densenet121,top only,linear,248,65,photos/top_view_images/P3090589.JPG,photos/side_view_images/P3090945.JPG,1.06,1.06,0.936070442199707,-0.12392955780029302,0.12392955780029302
densenet121,top only,linear,249,65,photos/top_view_images/P3090590.JPG,photos/side_view_images/P3090946.JPG,2.12,2.12,1.6187232732772827,-0.5012767267227174,0.5012767267227174
densenet121,top only,linear,250,65,photos/top_view_images/P3090591.JPG,photos/side_view_images/P3090947.JPG,3.18,3.18,3.851905107498169,0.6719051074981688,0.6719051074981688
densenet121,top only,linear,251,65,photos/top_view_images/P3090592.JPG,photos/side_view_images/P3090948.JPG,4.24,4.24,5.186861038208008,0.9468610382080076,0.9468610382080076
densenet121,top only,linear,252,66,photos/top_view_images/P3090593.JPG,photos/side_view_images/P3090949.JPG,1.06,1.06,1.3005754947662354,0.2405754947662353,0.2405754947662353
densenet121,top only,linear,253,66,photos/top_view_images/P3090594.JPG,photos/side_view_images/P3090950.JPG,2.12,2.12,2.7908129692077637,0.6708129692077636,0.6708129692077636
densenet121,top only,linear,254,66,photos/top_view_images/P3090596.JPG,photos/side_view_images/P3090952.JPG,3.18,3.18,2.887941837310791,-0.29205816268920914,0.29205816268920914
densenet121,top only,linear,255,66,photos/top_view_images/P3090597.JPG,photos/side_view_images/P3090953.JPG,4.24,4.24,3.672119379043579,-0.5678806209564211,0.5678806209564211
densenet121,top only,linear,256,67,photos/top_view_images/P3090598.JPG,photos/side_view_images/P3090954.JPG,1.06,1.06,1.2579312324523926,0.19793123245239252,0.19793123245239252
densenet121,top only,linear,257,67,photos/top_view_images/P3090599.JPG,photos/side_view_images/P3090955.JPG,2.12,2.12,1.9557390213012695,-0.16426097869873058,0.16426097869873058
densenet121,top only,linear,258,67,photos/top_view_images/P3090600.JPG,photos/side_view_images/P3090956.JPG,3.18,3.18,3.4423975944519043,0.26239759445190414,0.26239759445190414
densenet121,top only,linear,259,67,photos/top_view_images/P3090601.JPG,photos/side_view_images/P3090957.JPG,4.24,4.24,4.222548484802246,-0.01745151519775412,0.01745151519775412
densenet121,top only,linear,260,68,photos/top_view_images/P3090602.JPG,photos/side_view_images/P3090958.JPG,1.06,1.06,1.3657406568527222,0.3057406568527221,0.3057406568527221
densenet121,top only,linear,261,68,photos/top_view_images/P3090603.JPG,photos/side_view_images/P3090959.JPG,2.12,2.12,2.3041605949401855,0.18416059494018544,0.18416059494018544
densenet121,top only,linear,262,68,photos/top_view_images/P3090604.JPG,photos/side_view_images/P3090960.JPG,3.18,3.18,3.39894700050354,0.21894700050353988,0.21894700050353988
densenet121,top only,linear,263,68,photos/top_view_images/P3090605.JPG,photos/side_view_images/P3090961.JPG,4.24,4.24,4.441454887390137,0.2014548873901365,0.2014548873901365
densenet121,top only,linear,264,69,photos/top_view_images/P3090606.JPG,photos/side_view_images/P3090962.JPG,1.06,1.06,1.183780550956726,0.12378055095672602,0.12378055095672602
densenet121,top only,linear,265,69,photos/top_view_images/P3090607.JPG,photos/side_view_images/P3090963.JPG,2.12,2.12,2.3633484840393066,0.24334848403930653,0.24334848403930653
densenet121,top only,linear,266,69,photos/top_view_images/P3090608.JPG,photos/side_view_images/P3090964.JPG,3.18,3.18,2.7041566371917725,-0.4758433628082277,0.4758433628082277
densenet121,top only,linear,267,69,photos/top_view_images/P3090609.JPG,photos/side_view_images/P3090965.JPG,4.24,4.24,4.0336761474609375,-0.2063238525390627,0.2063238525390627
densenet121,top only,linear,268,70,photos/top_view_images/P3090610.JPG,photos/side_view_images/P3090966.JPG,1.06,1.06,0.5217459201812744,-0.5382540798187256,0.5382540798187256
densenet121,top only,linear,269,70,photos/top_view_images/P3090612.JPG,photos/side_view_images/P3090967.JPG,2.12,2.12,2.5185353755950928,0.39853537559509267,0.39853537559509267
densenet121,top only,linear,270,70,photos/top_view_images/P3090613.JPG,photos/side_view_images/P3090968.JPG,3.18,3.18,2.753387689590454,-0.42661231040954606,0.42661231040954606
densenet121,top only,linear,271,70,photos/top_view_images/P3090614.JPG,photos/side_view_images/P3090969.JPG,4.24,4.24,4.143093109130859,-0.09690689086914084,0.09690689086914084
densenet121,top only,linear,272,71,photos/top_view_images/P3090615.JPG,photos/side_view_images/P3090970.JPG,1.06,1.06,1.1800100803375244,0.12001008033752436,0.12001008033752436
densenet121,top only,linear,273,71,photos/top_view_images/P3090616.JPG,photos/side_view_images/P3090971.JPG,2.12,2.12,1.9662251472473145,-0.15377485275268565,0.15377485275268565
densenet121,top only,linear,274,71,photos/top_view_images/P3090617.JPG,photos/side_view_images/P3090972.JPG,3.18,3.18,3.110163927078247,-0.06983607292175309,0.06983607292175309
densenet121,top only,linear,275,71,photos/top_view_images/P3090618.JPG,photos/side_view_images/P3090973.JPG,4.24,4.24,4.443013668060303,0.20301366806030252,0.20301366806030252
densenet121,top only,linear,276,72,photos/top_view_images/P3090619.JPG,photos/side_view_images/P3090974.JPG,1.06,1.06,0.5147337913513184,-0.5452662086486817,0.5452662086486817
densenet121,top only,linear,277,72,photos/top_view_images/P3090620.JPG,photos/side_view_images/P3090975.JPG,2.12,2.12,2.097921848297119,-0.022078151702880966,0.022078151702880966
densenet121,top only,linear,278,72,photos/top_view_images/P3090621.JPG,photos/side_view_images/P3090976.JPG,3.18,3.18,3.274819850921631,0.0948198509216307,0.0948198509216307
densenet121,top only,linear,279,72,photos/top_view_images/P3090622.JPG,photos/side_view_images/P3090977.JPG,4.24,4.24,3.9756038188934326,-0.2643961811065676,0.2643961811065676
densenet121,top only,linear,280,73,photos/top_view_images/P3090623.JPG,photos/side_view_images/P3090978.JPG,1.06,1.06,1.3248703479766846,0.2648703479766845,0.2648703479766845
densenet121,top only,linear,281,73,photos/top_view_images/P3090624.JPG,photos/side_view_images/P3090979.JPG,2.12,2.12,2.4479074478149414,0.3279074478149413,0.3279074478149413
densenet121,top only,linear,282,73,photos/top_view_images/P3090625.JPG,photos/side_view_images/P3090980.JPG,3.18,3.18,3.101489782333374,-0.07851021766662614,0.07851021766662614
densenet121,top only,linear,283,73,photos/top_view_images/P3090626.JPG,photos/side_view_images/P3090981.JPG,4.24,4.24,3.7022881507873535,-0.5377118492126467,0.5377118492126467
densenet121,top only,linear,284,74,photos/top_view_images/P3090627.JPG,photos/side_view_images/P3090982.JPG,1.06,1.06,0.9789797067642212,-0.08102029323577886,0.08102029323577886
densenet121,top only,linear,285,74,photos/top_view_images/P3090628.JPG,photos/side_view_images/P3090983.JPG,2.12,2.12,2.503182888031006,0.38318288803100575,0.38318288803100575
densenet121,top only,linear,286,74,photos/top_view_images/P3090629.JPG,photos/side_view_images/P3090984.JPG,3.18,3.18,3.0887176990509033,-0.09128230094909684,0.09128230094909684
densenet121,top only,linear,287,74,photos/top_view_images/P3090630.JPG,photos/side_view_images/P3090985.JPG,4.24,4.24,4.431096076965332,0.19109607696533182,0.19109607696533182
densenet121,top only,linear,288,75,photos/top_view_images/P3100631.JPG,photos/side_view_images/P3100986.JPG,1.06,1.06,0.9245486259460449,-0.13545137405395513,0.13545137405395513
densenet121,top only,linear,289,75,photos/top_view_images/P3100632.JPG,photos/side_view_images/P3100987.JPG,2.12,2.12,2.2625560760498047,0.14255607604980458,0.14255607604980458
densenet121,top only,linear,290,75,photos/top_view_images/P3100633.JPG,photos/side_view_images/P3100988.JPG,3.18,3.18,3.2199552059173584,0.03995520591735824,0.03995520591735824
densenet121,top only,linear,291,75,photos/top_view_images/P3100634.JPG,photos/side_view_images/P3100989.JPG,4.24,4.24,4.382320880889893,0.14232088088989236,0.14232088088989236
densenet121,top only,linear,292,76,photos/top_view_images/P3100635.JPG,photos/side_view_images/P3100990.JPG,1.06,1.06,1.2663774490356445,0.20637744903564448,0.20637744903564448
densenet121,top only,linear,293,76,photos/top_view_images/P3100636.JPG,photos/side_view_images/P3100991.JPG,2.12,2.12,2.2675206661224365,0.14752066612243642,0.14752066612243642
densenet121,top only,linear,294,76,photos/top_view_images/P3100637.JPG,photos/side_view_images/P3100992.JPG,3.18,3.18,3.4778316020965576,0.29783160209655746,0.29783160209655746
densenet121,top only,linear,295,76,photos/top_view_images/P3100638.JPG,photos/side_view_images/P3100993.JPG,4.24,4.24,4.3472371101379395,0.10723711013793924,0.10723711013793924
densenet121,top only,linear,296,77,photos/top_view_images/P3100639.JPG,photos/side_view_images/P3100994.JPG,1.06,1.06,0.9883521795272827,-0.07164782047271734,0.07164782047271734
densenet121,top only,linear,297,77,photos/top_view_images/P3100640.JPG,photos/side_view_images/P3100995.JPG,2.12,2.12,1.8419334888458252,-0.2780665111541749,0.2780665111541749
densenet121,top only,linear,298,77,photos/top_view_images/P3100641.JPG,photos/side_view_images/P3100996.JPG,3.18,3.18,3.399164915084839,0.2191649150848387,0.2191649150848387
densenet121,top only,linear,299,78,photos/top_view_images/P3100643.JPG,photos/side_view_images/P3100997.JPG,1.06,1.06,0.675585150718689,-0.3844148492813111,0.3844148492813111
densenet121,top only,linear,300,78,photos/top_view_images/P3100644.JPG,photos/side_view_images/P3100998.JPG,2.12,2.12,2.25280499458313,0.13280499458312978,0.13280499458312978
densenet121,top only,linear,301,78,photos/top_view_images/P3100645.JPG,photos/side_view_images/P3100999.JPG,3.18,3.18,3.535259246826172,0.3552592468261717,0.3552592468261717
densenet121,top only,linear,302,78,photos/top_view_images/P3100646.JPG,photos/side_view_images/P3101000.JPG,4.24,4.24,4.13570499420166,-0.10429500579834006,0.10429500579834006
densenet121,top only,linear,303,79,photos/top_view_images/P3100647.JPG,photos/side_view_images/P3101001.JPG,1.06,1.06,1.0650825500488281,0.005082550048828072,0.005082550048828072
densenet121,top only,linear,304,79,photos/top_view_images/P3100648.JPG,photos/side_view_images/P3101002.JPG,2.12,2.12,2.4586591720581055,0.33865917205810536,0.33865917205810536
densenet121,top only,linear,305,79,photos/top_view_images/P3100649.JPG,photos/side_view_images/P3101003.JPG,3.18,3.18,3.927919387817383,0.7479193878173827,0.7479193878173827
densenet121,top only,linear,306,80,photos/top_view_images/P3100650.JPG,photos/side_view_images/P3101004.JPG,1.06,1.06,1.295655608177185,0.235655608177185,0.235655608177185
densenet121,top only,linear,307,80,photos/top_view_images/P3100651.JPG,photos/side_view_images/P3101005.JPG,2.12,2.12,2.8228940963745117,0.7028940963745116,0.7028940963745116
densenet121,top only,linear,308,80,photos/top_view_images/P3100652.JPG,photos/side_view_images/P3101006.JPG,3.18,3.18,4.200527191162109,1.0205271911621092,1.0205271911621092
densenet121,top only,linear,309,80,photos/top_view_images/P3100653.JPG,photos/side_view_images/P3101007.JPG,4.24,4.24,4.820241928100586,0.5802419281005857,0.5802419281005857
densenet121,top only,linear,310,81,photos/top_view_images/P3100654.JPG,photos/side_view_images/P3101008.JPG,1.06,1.06,1.1466500759124756,0.08665007591247553,0.08665007591247553
densenet121,top only,linear,311,81,photos/top_view_images/P3100655.JPG,photos/side_view_images/P3101009.JPG,2.12,2.12,2.5045230388641357,0.38452303886413564,0.38452303886413564
densenet121,top only,linear,312,81,photos/top_view_images/P3100656.JPG,photos/side_view_images/P3101010.JPG,3.18,3.18,3.693053722381592,0.5130537223815916,0.5130537223815916
densenet121,top only,linear,313,81,photos/top_view_images/P3100657.JPG,photos/side_view_images/P3101011.JPG,4.24,4.24,4.9011101722717285,0.6611101722717283,0.6611101722717283
densenet121,top only,linear,314,82,photos/top_view_images/P3120658.JPG,photos/side_view_images/P3121012.JPG,1.06,1.06,1.3037726879119873,0.24377268791198725,0.24377268791198725
densenet121,top only,linear,315,82,photos/top_view_images/P3120659.JPG,photos/side_view_images/P3121013.JPG,2.12,2.12,2.3581509590148926,0.23815095901489247,0.23815095901489247
densenet121,top only,linear,316,82,photos/top_view_images/P3120660.JPG,photos/side_view_images/P3121014.JPG,3.18,3.18,3.5967824459075928,0.4167824459075926,0.4167824459075926
densenet121,top only,linear,317,82,photos/top_view_images/P3120661.JPG,photos/side_view_images/P3121015.JPG,4.24,4.24,4.643362998962402,0.40336299896240213,0.40336299896240213
densenet121,top only,linear,318,83,photos/top_view_images/P3120662.JPG,photos/side_view_images/P3121016.JPG,1.06,1.06,1.4702383279800415,0.41023832798004145,0.41023832798004145
densenet121,top only,linear,319,83,photos/top_view_images/P3120663.JPG,photos/side_view_images/P3121017.JPG,2.12,2.12,2.597489595413208,0.4774895954132079,0.4774895954132079
densenet121,top only,linear,320,83,photos/top_view_images/P3120664.JPG,photos/side_view_images/P3121018.JPG,3.18,3.18,3.6775035858154297,0.4975035858154295,0.4975035858154295
densenet121,top only,linear,321,83,photos/top_view_images/P3120665.JPG,photos/side_view_images/P3121019.JPG,4.24,4.24,3.82905912399292,-0.4109408760070803,0.4109408760070803
densenet121,top only,linear,322,84,photos/top_view_images/P3120666.JPG,photos/side_view_images/P3121020.JPG,1.06,1.06,0.9818012714385986,-0.07819872856140142,0.07819872856140142
densenet121,top only,linear,323,84,photos/top_view_images/P3120667.JPG,photos/side_view_images/P3121021.JPG,2.12,2.12,2.693181037902832,0.5731810379028319,0.5731810379028319
densenet121,top only,linear,324,84,photos/top_view_images/P3120668.JPG,photos/side_view_images/P3121022.JPG,3.18,3.18,2.8703677654266357,-0.3096322345733644,0.3096322345733644
densenet121,top only,linear,325,84,photos/top_view_images/P3120669.JPG,photos/side_view_images/P3121023.JPG,4.24,4.24,3.9607062339782715,-0.27929376602172873,0.27929376602172873
densenet121,top only,linear,326,85,photos/top_view_images/P3120670.JPG,photos/side_view_images/P3121024.JPG,1.06,1.06,1.2293740510940552,0.16937405109405512,0.16937405109405512
densenet121,top only,linear,327,85,photos/top_view_images/P3120671.JPG,photos/side_view_images/P3121025.JPG,2.12,2.12,1.933288335800171,-0.1867116641998292,0.1867116641998292
densenet121,top only,linear,328,85,photos/top_view_images/P3120672.JPG,photos/side_view_images/P3121026.JPG,3.18,3.18,3.060671091079712,-0.11932890892028825,0.11932890892028825
densenet121,top only,linear,329,85,photos/top_view_images/P3120673.JPG,photos/side_view_images/P3121027.JPG,4.24,4.24,3.216001510620117,-1.023998489379883,1.023998489379883
densenet121,top only,linear,330,86,photos/top_view_images/P3120674.JPG,photos/side_view_images/P3121028.JPG,1.06,1.06,0.6617045402526855,-0.3982954597473145,0.3982954597473145
densenet121,top only,linear,331,86,photos/top_view_images/P3120675.JPG,photos/side_view_images/P3121029.JPG,2.12,2.12,1.9358055591583252,-0.1841944408416749,0.1841944408416749
densenet121,top only,linear,332,86,photos/top_view_images/P3120676.JPG,photos/side_view_images/P3121030.JPG,3.18,3.18,2.574683427810669,-0.6053165721893312,0.6053165721893312
densenet121,top only,linear,333,86,photos/top_view_images/P3120677.JPG,photos/side_view_images/P3121031.JPG,4.24,4.24,3.2903599739074707,-0.9496400260925295,0.9496400260925295
densenet121,top only,linear,334,87,photos/top_view_images/P3120678.JPG,photos/side_view_images/P3121032.JPG,1.06,1.06,1.3183836936950684,0.2583836936950683,0.2583836936950683
densenet121,top only,linear,335,87,photos/top_view_images/P3120679.JPG,photos/side_view_images/P3121033.JPG,2.12,2.12,2.679534435272217,0.5595344352722167,0.5595344352722167
densenet121,top only,linear,336,87,photos/top_view_images/P3120680.JPG,photos/side_view_images/P3121034.JPG,3.18,3.18,4.081581115722656,0.9015811157226561,0.9015811157226561
densenet121,top only,linear,337,87,photos/top_view_images/P3120681.JPG,photos/side_view_images/P3121035.JPG,4.24,4.24,4.561146259307861,0.3211462593078611,0.3211462593078611
densenet121,top only,linear,338,88,photos/top_view_images/P3120682.JPG,photos/side_view_images/P3121036.JPG,1.06,1.06,0.6884080171585083,-0.37159198284149175,0.37159198284149175
densenet121,top only,linear,339,88,photos/top_view_images/P3120683.JPG,photos/side_view_images/P3121037.JPG,2.12,2.12,1.558046817779541,-0.5619531822204591,0.5619531822204591
densenet121,top only,linear,340,88,photos/top_view_images/P3120684.JPG,photos/side_view_images/P3121038.JPG,3.18,3.18,3.174100875854492,-0.005899124145507972,0.005899124145507972
densenet121,top only,linear,341,88,photos/top_view_images/P3120685.JPG,photos/side_view_images/P3121039.JPG,4.24,4.24,3.5224685668945312,-0.717531433105469,0.717531433105469
densenet121,top only,linear,342,89,photos/top_view_images/P3120686.JPG,photos/side_view_images/P3121040.JPG,1.06,1.06,0.9071075916290283,-0.15289240837097173,0.15289240837097173
densenet121,top only,linear,343,89,photos/top_view_images/P3120687.JPG,photos/side_view_images/P3121041.JPG,2.12,2.12,1.892024040222168,-0.22797595977783214,0.22797595977783214
densenet121,top only,linear,344,89,photos/top_view_images/P3120688.JPG,photos/side_view_images/P3121042.JPG,3.18,3.18,3.6831650733947754,0.5031650733947752,0.5031650733947752
densenet121,top only,linear,345,89,photos/top_view_images/P3120689.JPG,photos/side_view_images/P3121043.JPG,4.24,4.24,3.9919819831848145,-0.24801801681518576,0.24801801681518576
densenet121,top only,linear,346,90,photos/top_view_images/P3120690.JPG,photos/side_view_images/P3121044.JPG,1.06,1.06,0.8780961036682129,-0.18190389633178716,0.18190389633178716
densenet121,top only,linear,347,90,photos/top_view_images/P3120691.JPG,photos/side_view_images/P3121045.JPG,2.12,2.12,2.057126998901367,-0.06287300109863292,0.06287300109863292
densenet121,top only,linear,348,90,photos/top_view_images/P3120692.JPG,photos/side_view_images/P3121046.JPG,3.18,3.18,3.2569470405578613,0.07694704055786117,0.07694704055786117
densenet121,top only,linear,349,90,photos/top_view_images/P3120693.JPG,photos/side_view_images/P3121047.JPG,4.24,4.24,4.286153793334961,0.046153793334960724,0.046153793334960724
densenet121,top only,linear,350,91,photos/top_view_images/P3120694.JPG,photos/side_view_images/P3121048.JPG,1.06,1.06,0.9559915065765381,-0.10400849342346197,0.10400849342346197
densenet121,top only,linear,351,91,photos/top_view_images/P3120695.JPG,photos/side_view_images/P3121049.JPG,2.12,2.12,1.400917649269104,-0.7190823507308961,0.7190823507308961
densenet121,top only,linear,352,91,photos/top_view_images/P3120696.JPG,photos/side_view_images/P3121050.JPG,3.18,3.18,3.186450958251953,0.006450958251952965,0.006450958251952965
densenet121,top only,linear,353,91,photos/top_view_images/P3120697.JPG,photos/side_view_images/P3121051.JPG,4.24,4.24,3.6004233360290527,-0.6395766639709475,0.6395766639709475
densenet121,top only,linear,354,92,photos/top_view_images/P3120698.JPG,photos/side_view_images/P3121052.JPG,1.06,1.06,1.1324493885040283,0.07244938850402827,0.07244938850402827
densenet121,top only,linear,355,92,photos/top_view_images/P3120699.JPG,photos/side_view_images/P3121053.JPG,2.12,2.12,3.0463502407073975,0.9263502407073974,0.9263502407073974
densenet121,top only,linear,356,92,photos/top_view_images/P3120700.JPG,photos/side_view_images/P3121054.JPG,3.18,3.18,3.43239164352417,0.25239164352416976,0.25239164352416976
densenet121,top only,linear,357,92,photos/top_view_images/P3120701.JPG,photos/side_view_images/P3121055.JPG,4.24,4.24,4.39143705368042,0.1514370536804197,0.1514370536804197
densenet121,top only,linear,358,93,photos/top_view_images/P3120702.JPG,photos/side_view_images/P3121056.JPG,1.06,1.06,1.510870099067688,0.45087009906768793,0.45087009906768793
densenet121,top only,linear,359,93,photos/top_view_images/P3120703.JPG,photos/side_view_images/P3121057.JPG,2.12,2.12,2.1797943115234375,0.05979431152343739,0.05979431152343739
densenet121,top only,linear,360,93,photos/top_view_images/P3120704.JPG,photos/side_view_images/P3121058.JPG,3.18,3.18,3.2519478797912598,0.0719478797912596,0.0719478797912596
densenet121,top only,linear,361,93,photos/top_view_images/P3120705.JPG,photos/side_view_images/P3121059.JPG,4.24,4.24,3.9000651836395264,-0.33993481636047385,0.33993481636047385
densenet121,top only,linear,362,94,photos/top_view_images/P3120706.JPG,photos/side_view_images/P3121060.JPG,1.06,1.06,1.5291764736175537,0.46917647361755366,0.46917647361755366
densenet121,top only,linear,363,94,photos/top_view_images/P3120707.JPG,photos/side_view_images/P3121061.JPG,2.12,2.12,1.7584023475646973,-0.36159765243530284,0.36159765243530284
densenet121,top only,linear,364,94,photos/top_view_images/P3120708.JPG,photos/side_view_images/P3121062.JPG,3.18,3.18,3.138498306274414,-0.0415016937255861,0.0415016937255861
densenet121,top only,linear,365,94,photos/top_view_images/P3120709.JPG,photos/side_view_images/P3121063.JPG,4.24,4.24,3.6313648223876953,-0.6086351776123049,0.6086351776123049
densenet121,top only,linear,366,95,photos/top_view_images/P3120710.JPG,photos/side_view_images/P3121064.JPG,1.06,1.06,0.9127340316772461,-0.14726596832275396,0.14726596832275396
densenet121,top only,linear,367,95,photos/top_view_images/P3120711.JPG,photos/side_view_images/P3121065.JPG,2.12,2.12,2.325007677078247,0.20500767707824696,0.20500767707824696
densenet121,top only,linear,368,95,photos/top_view_images/P3120712.JPG,photos/side_view_images/P3121066.JPG,3.18,3.18,3.3747100830078125,0.19471008300781234,0.19471008300781234
densenet121,top only,linear,369,95,photos/top_view_images/P3120713.JPG,photos/side_view_images/P3121067.JPG,4.24,4.24,4.579823017120361,0.3398230171203611,0.3398230171203611
densenet121,top only,linear,370,96,photos/top_view_images/P3130714.JPG,photos/side_view_images/P3131068.JPG,1.06,1.06,1.4598737955093384,0.3998737955093383,0.3998737955093383
densenet121,top only,linear,371,96,photos/top_view_images/P3130715.JPG,photos/side_view_images/P3131069.JPG,2.12,2.12,2.204148769378662,0.084148769378662,0.084148769378662
densenet121,top only,linear,372,96,photos/top_view_images/P3130716.JPG,photos/side_view_images/P3131070.JPG,3.18,3.18,3.544565439224243,0.364565439224243,0.364565439224243
densenet121,top only,linear,373,96,photos/top_view_images/P3130717.JPG,photos/side_view_images/P3131071.JPG,4.24,4.24,5.015590667724609,0.7755906677246092,0.7755906677246092
densenet121,top only,linear,374,97,photos/top_view_images/P3130718.JPG,photos/side_view_images/P3131072.JPG,1.06,1.06,1.552201271057129,0.49220127105712885,0.49220127105712885
densenet121,top only,linear,375,97,photos/top_view_images/P3130719.JPG,photos/side_view_images/P3131073.JPG,2.12,2.12,2.5208816528320312,0.40088165283203114,0.40088165283203114
densenet121,top only,linear,376,97,photos/top_view_images/P3130720.JPG,photos/side_view_images/P3131074.JPG,3.18,3.18,4.258999347686768,1.0789993476867674,1.0789993476867674
densenet121,top only,linear,377,97,photos/top_view_images/P3130721.JPG,photos/side_view_images/P3131075.JPG,4.24,4.24,4.795097351074219,0.5550973510742185,0.5550973510742185
densenet121,top only,linear,378,98,photos/top_view_images/P3130722.JPG,photos/side_view_images/P3131076.JPG,1.06,1.06,0.7318882942199707,-0.32811170578002935,0.32811170578002935
densenet121,top only,linear,379,98,photos/top_view_images/P3130723.JPG,photos/side_view_images/P3131077.JPG,2.12,2.12,1.5348365306854248,-0.5851634693145753,0.5851634693145753
densenet121,top only,linear,380,98,photos/top_view_images/P3130724.JPG,photos/side_view_images/P3131078.JPG,3.18,3.18,2.2942183017730713,-0.8857816982269289,0.8857816982269289
densenet121,top only,linear,381,98,photos/top_view_images/P3130725.JPG,photos/side_view_images/P3131079.JPG,4.24,4.24,3.4686148166656494,-0.7713851833343508,0.7713851833343508
densenet121,top only,linear,382,99,photos/top_view_images/P3130726.JPG,photos/side_view_images/P3131080.JPG,1.06,1.06,1.1692218780517578,0.10922187805175776,0.10922187805175776
densenet121,top only,linear,383,99,photos/top_view_images/P3130727.JPG,photos/side_view_images/P3131081.JPG,2.12,2.12,1.9910343885421753,-0.1289656114578248,0.1289656114578248
densenet121,top only,linear,384,99,photos/top_view_images/P3130728.JPG,photos/side_view_images/P3131082.JPG,3.18,3.18,3.1810922622680664,0.0010922622680662464,0.0010922622680662464
densenet121,top only,linear,385,99,photos/top_view_images/P3130729.JPG,photos/side_view_images/P3131083.JPG,4.24,4.24,3.481180191040039,-0.7588198089599612,0.7588198089599612
densenet121,top only,linear,386,100,photos/top_view_images/P3130730.JPG,photos/side_view_images/P3131084.JPG,1.06,1.06,0.39741969108581543,-0.6625803089141846,0.6625803089141846
densenet121,top only,linear,387,100,photos/top_view_images/P3130731.JPG,photos/side_view_images/P3131085.JPG,2.12,2.12,2.276397943496704,0.156397943496704,0.156397943496704
densenet121,top only,linear,388,100,photos/top_view_images/P3130732.JPG,photos/side_view_images/P3131086.JPG,3.18,3.18,3.3855037689208984,0.20550376892089828,0.20550376892089828
densenet121,top only,linear,389,100,photos/top_view_images/P3130733.JPG,photos/side_view_images/P3131087.JPG,4.24,4.24,4.000540733337402,-0.23945926666259787,0.23945926666259787
densenet121,top only,linear,390,101,photos/top_view_images/P3130734.JPG,photos/side_view_images/P3131088.JPG,1.06,1.06,1.4363691806793213,0.37636918067932124,0.37636918067932124
densenet121,top only,linear,391,101,photos/top_view_images/P3130735.JPG,photos/side_view_images/P3131089.JPG,2.12,2.12,2.003909111022949,-0.11609088897705089,0.11609088897705089
densenet121,top only,linear,392,101,photos/top_view_images/P3130736.JPG,photos/side_view_images/P3131090.JPG,3.18,3.18,2.9884045124053955,-0.19159548759460465,0.19159548759460465
densenet121,top only,linear,393,102,photos/top_view_images/P3130737.JPG,photos/side_view_images/P3131091.JPG,1.06,1.06,1.3541609048843384,0.2941609048843383,0.2941609048843383
densenet121,top only,linear,394,102,photos/top_view_images/P3130738.JPG,photos/side_view_images/P3131092.JPG,2.12,2.12,1.9692180156707764,-0.15078198432922374,0.15078198432922374
densenet121,top only,linear,395,102,photos/top_view_images/P3130739.JPG,photos/side_view_images/P3131093.JPG,3.18,3.18,3.3180294036865234,0.13802940368652328,0.13802940368652328
densenet121,top only,linear,396,102,photos/top_view_images/P3130740.JPG,photos/side_view_images/P3131094.JPG,4.24,4.24,4.084855556488037,-0.1551444435119631,0.1551444435119631
densenet121,top only,linear,397,103,photos/top_view_images/P3130741.JPG,photos/side_view_images/P3131095.JPG,1.06,1.06,0.7232818603515625,-0.33671813964843755,0.33671813964843755
densenet121,top only,linear,398,103,photos/top_view_images/P3130742.JPG,photos/side_view_images/P3131096.JPG,2.12,2.12,1.747011423110962,-0.3729885768890382,0.3729885768890382
densenet121,top only,linear,399,103,photos/top_view_images/P3130743.JPG,photos/side_view_images/P3131097.JPG,3.18,3.18,3.166503667831421,-0.013496332168579261,0.013496332168579261
densenet121,top only,linear,400,103,photos/top_view_images/P3130744.JPG,photos/side_view_images/P3131098.JPG,4.24,4.24,4.669275283813477,0.42927528381347635,0.42927528381347635
densenet121,top only,linear,401,104,photos/top_view_images/P3130745.JPG,photos/side_view_images/P3131099.JPG,1.06,1.06,0.9421886205673218,-0.11781137943267828,0.11781137943267828
densenet121,top only,linear,402,104,photos/top_view_images/P3130746.JPG,photos/side_view_images/P3131100.JPG,2.12,2.12,2.1542866230010986,0.034286623001098526,0.034286623001098526
densenet121,top only,linear,403,104,photos/top_view_images/P3130747.JPG,photos/side_view_images/P3131101.JPG,3.18,3.18,3.1708412170410156,-0.009158782958984535,0.009158782958984535
densenet121,top only,linear,404,104,photos/top_view_images/P3130748.JPG,photos/side_view_images/P3131102.JPG,4.24,4.24,3.8446574211120605,-0.39534257888793967,0.39534257888793967
densenet121,top only,linear,405,105,photos/top_view_images/P3130749.JPG,photos/side_view_images/P3131103.JPG,1.06,1.06,1.3788046836853027,0.3188046836853027,0.3188046836853027
densenet121,top only,linear,406,105,photos/top_view_images/P3130750.JPG,photos/side_view_images/P3131104.JPG,2.12,2.12,2.2935855388641357,0.17358553886413564,0.17358553886413564
densenet121,top only,linear,407,105,photos/top_view_images/P3130751.JPG,photos/side_view_images/P3131105.JPG,3.18,3.18,3.3041930198669434,0.1241930198669432,0.1241930198669432
densenet121,top only,linear,408,105,photos/top_view_images/P3130752.JPG,photos/side_view_images/P3131106.JPG,4.24,4.24,4.718937873840332,0.4789378738403318,0.4789378738403318
densenet121,top only,linear,409,106,photos/top_view_images/P3130753.JPG,photos/side_view_images/P3131107.JPG,1.06,1.06,1.4294054508209229,0.3694054508209228,0.3694054508209228
densenet121,top only,linear,410,106,photos/top_view_images/P3130754.JPG,photos/side_view_images/P3131108.JPG,2.12,2.12,2.4143059253692627,0.2943059253692626,0.2943059253692626
densenet121,top only,linear,411,106,photos/top_view_images/P3130755.JPG,photos/side_view_images/P3131109.JPG,3.18,3.18,2.9068593978881836,-0.27314060211181657,0.27314060211181657
densenet121,top only,linear,412,106,photos/top_view_images/P3130756.JPG,photos/side_view_images/P3131110.JPG,4.24,4.24,4.283595085144043,0.043595085144042756,0.043595085144042756
densenet121,top only,linear,413,107,photos/top_view_images/P3130757.JPG,photos/side_view_images/P3131111.JPG,1.06,1.06,1.5816972255706787,0.5216972255706787,0.5216972255706787
densenet121,top only,linear,414,107,photos/top_view_images/P3130758.JPG,photos/side_view_images/P3131112.JPG,2.12,2.12,2.629523754119873,0.5095237541198729,0.5095237541198729
densenet121,top only,linear,415,107,photos/top_view_images/P3130759.JPG,photos/side_view_images/P3131113.JPG,3.18,3.18,3.1829373836517334,0.0029373836517332386,0.0029373836517332386
densenet121,top only,linear,416,107,photos/top_view_images/P3130760.JPG,photos/side_view_images/P3131114.JPG,4.24,4.24,4.091281890869141,-0.1487181091308596,0.1487181091308596
densenet121,top only,linear,417,108,photos/top_view_images/P2090065.JPG,photos/side_view_images/P2090150.JPG,0.0,0.0,0.2883439064025879,0.2883439064025879,0.2883439064025879
densenet121,top only,linear,418,109,photos/top_view_images/P2160216.JPG,photos/side_view_images/P2160516.JPG,0.0,0.0,0.16569852828979492,0.16569852828979492,0.16569852828979492
densenet121,top only,linear,419,110,photos/top_view_images/P3100642.JPG,photos/side_view_images/P2020002.JPG,0.0,0.0,0.08670425415039062,0.08670425415039062,0.08670425415039062
densenet121,top only,ridge,0,1,photos/top_view_images/P2260331.JPG,photos/side_view_images/P2260685.JPG,1.06,1.06,0.7427471876144409,-0.31725281238555914,0.31725281238555914
densenet121,top only,ridge,1,1,photos/top_view_images/P2260332.JPG,photos/side_view_images/P2260686.JPG,2.12,2.12,2.1049094200134277,-0.015090579986572372,0.015090579986572372
densenet121,top only,ridge,2,1,photos/top_view_images/P2260333.JPG,photos/side_view_images/P2260687.JPG,3.18,3.18,2.766913890838623,-0.4130861091613771,0.4130861091613771
densenet121,top only,ridge,3,1,photos/top_view_images/P2260334.JPG,photos/side_view_images/P2260688.JPG,4.24,4.24,3.8874762058258057,-0.35252379417419455,0.35252379417419455
densenet121,top only,ridge,4,2,photos/top_view_images/P2260335.JPG,photos/side_view_images/P2260689.JPG,1.06,1.06,0.825904369354248,-0.234095630645752,0.234095630645752
densenet121,top only,ridge,5,2,photos/top_view_images/P2260336.JPG,photos/side_view_images/P2260690.JPG,2.12,2.12,2.2630035877227783,0.1430035877227782,0.1430035877227782
densenet121,top only,ridge,6,2,photos/top_view_images/P2260337.JPG,photos/side_view_images/P2260692.JPG,3.18,3.18,3.8077402114868164,0.6277402114868162,0.6277402114868162
densenet121,top only,ridge,7,2,photos/top_view_images/P2260339.JPG,photos/side_view_images/P2260693.JPG,4.24,4.24,4.858255863189697,0.618255863189697,0.618255863189697
densenet121,top only,ridge,8,3,photos/top_view_images/P2260340.JPG,photos/side_view_images/P2260694.JPG,1.06,1.06,1.63173508644104,0.57173508644104,0.57173508644104
densenet121,top only,ridge,9,3,photos/top_view_images/P2260341.JPG,photos/side_view_images/P2260695.JPG,2.12,2.12,2.516833782196045,0.3968337821960448,0.3968337821960448
densenet121,top only,ridge,10,3,photos/top_view_images/P2260342.JPG,photos/side_view_images/P2260696.JPG,3.18,3.18,3.348153829574585,0.1681538295745848,0.1681538295745848
densenet121,top only,ridge,11,3,photos/top_view_images/P2260343.JPG,photos/side_view_images/P2260697.JPG,4.24,4.24,4.2819085121154785,0.0419085121154783,0.0419085121154783
densenet121,top only,ridge,12,4,photos/top_view_images/P2260345.JPG,photos/side_view_images/P2260699.JPG,1.06,1.06,1.2600046396255493,0.20000463962554926,0.20000463962554926
densenet121,top only,ridge,13,4,photos/top_view_images/P2260346.JPG,photos/side_view_images/P2260700.JPG,2.12,2.12,2.1733205318450928,0.05332053184509267,0.05332053184509267
densenet121,top only,ridge,14,4,photos/top_view_images/P2260347.JPG,photos/side_view_images/P2260701.JPG,3.18,3.18,2.9807724952697754,-0.19922750473022477,0.19922750473022477
densenet121,top only,ridge,15,4,photos/top_view_images/P2260348.JPG,photos/side_view_images/P2260702.JPG,4.24,4.24,3.952590227127075,-0.287409772872925,0.287409772872925
densenet121,top only,ridge,16,5,photos/top_view_images/P2260349.JPG,photos/side_view_images/P2260703.JPG,1.06,1.06,1.0821959972381592,0.022195997238159126,0.022195997238159126
densenet121,top only,ridge,17,5,photos/top_view_images/P2260350.JPG,photos/side_view_images/P2260704.JPG,2.12,2.12,1.902761697769165,-0.21723830223083507,0.21723830223083507
densenet121,top only,ridge,18,5,photos/top_view_images/P2260351.JPG,photos/side_view_images/P2260705.JPG,3.18,3.18,3.471294403076172,0.2912944030761717,0.2912944030761717
densenet121,top only,ridge,19,5,photos/top_view_images/P2260352.JPG,photos/side_view_images/P2260706.JPG,4.24,4.24,4.865540027618408,0.625540027618408,0.625540027618408
densenet121,top only,ridge,20,6,photos/top_view_images/P2270353.JPG,photos/side_view_images/P2270707.JPG,1.06,1.06,1.363667607307434,0.30366760730743403,0.30366760730743403
densenet121,top only,ridge,21,6,photos/top_view_images/P2270354.JPG,photos/side_view_images/P2270708.JPG,2.12,2.12,1.9749372005462646,-0.14506279945373546,0.14506279945373546
densenet121,top only,ridge,22,6,photos/top_view_images/P2270355.JPG,photos/side_view_images/P2270709.JPG,3.18,3.18,3.4003520011901855,0.2203520011901854,0.2203520011901854
densenet121,top only,ridge,23,6,photos/top_view_images/P2270356.JPG,photos/side_view_images/P2270710.JPG,4.24,4.24,4.264774322509766,0.024774322509765412,0.024774322509765412
densenet121,top only,ridge,24,7,photos/top_view_images/P2270357.JPG,photos/side_view_images/P2270712.JPG,1.06,1.06,0.8160810470581055,-0.24391895294189458,0.24391895294189458
densenet121,top only,ridge,25,7,photos/top_view_images/P2270358.JPG,photos/side_view_images/P2270713.JPG,2.12,2.12,2.5694711208343506,0.4494711208343505,0.4494711208343505
densenet121,top only,ridge,26,7,photos/top_view_images/P2270359.JPG,photos/side_view_images/P2270714.JPG,3.18,3.18,2.8928003311157227,-0.2871996688842775,0.2871996688842775
densenet121,top only,ridge,27,7,photos/top_view_images/P2270360.JPG,photos/side_view_images/P2270715.JPG,4.24,4.24,4.360395431518555,0.12039543151855447,0.12039543151855447
densenet121,top only,ridge,28,8,photos/top_view_images/P2270361.JPG,photos/side_view_images/P2270716.JPG,1.06,1.06,0.8479808568954468,-0.21201914310455328,0.21201914310455328
densenet121,top only,ridge,29,8,photos/top_view_images/P2270362.JPG,photos/side_view_images/P2270717.JPG,2.12,2.12,2.109389066696167,-0.010610933303833114,0.010610933303833114
densenet121,top only,ridge,30,8,photos/top_view_images/P2270363.JPG,photos/side_view_images/P2270718.JPG,3.18,3.18,2.7674503326416016,-0.4125496673583986,0.4125496673583986
densenet121,top only,ridge,31,8,photos/top_view_images/P2270364.JPG,photos/side_view_images/P2270719.JPG,4.24,4.24,3.4375574588775635,-0.8024425411224367,0.8024425411224367
densenet121,top only,ridge,32,9,photos/top_view_images/P2270365.JPG,photos/side_view_images/P2270720.JPG,1.06,1.06,1.314621090888977,0.254621090888977,0.254621090888977
densenet121,top only,ridge,33,9,photos/top_view_images/P2270366.JPG,photos/side_view_images/P2270721.JPG,2.12,2.12,2.152305841445923,0.032305841445922745,0.032305841445922745
densenet121,top only,ridge,34,9,photos/top_view_images/P2270367.JPG,photos/side_view_images/P2270722.JPG,3.18,3.18,3.0782241821289062,-0.10177581787109391,0.10177581787109391
densenet121,top only,ridge,35,9,photos/top_view_images/P2270368.JPG,photos/side_view_images/P2270723.JPG,4.24,4.24,3.967376232147217,-0.2726237678527834,0.2726237678527834
densenet121,top only,ridge,36,10,photos/top_view_images/P2270369.JPG,photos/side_view_images/P2270724.JPG,1.06,1.06,1.0243020057678223,-0.03569799423217779,0.03569799423217779
densenet121,top only,ridge,37,10,photos/top_view_images/P2270370.JPG,photos/side_view_images/P2270725.JPG,2.12,2.12,1.8147599697113037,-0.3052400302886964,0.3052400302886964
densenet121,top only,ridge,38,10,photos/top_view_images/P2270371.JPG,photos/side_view_images/P2270726.JPG,3.18,3.18,2.568026065826416,-0.6119739341735841,0.6119739341735841
densenet121,top only,ridge,39,10,photos/top_view_images/P2270372.JPG,photos/side_view_images/P2270727.JPG,4.24,4.24,3.959977865219116,-0.280022134780884,0.280022134780884
densenet121,top only,ridge,40,11,photos/top_view_images/P2270373.JPG,photos/side_view_images/P2270728.JPG,1.06,1.06,0.9736180305480957,-0.08638196945190435,0.08638196945190435
densenet121,top only,ridge,41,11,photos/top_view_images/P2270374.JPG,photos/side_view_images/P2270729.JPG,2.12,2.12,1.8831652402877808,-0.23683475971221934,0.23683475971221934
densenet121,top only,ridge,42,11,photos/top_view_images/P2270375.JPG,photos/side_view_images/P2270730.JPG,3.18,3.18,2.8219659328460693,-0.3580340671539308,0.3580340671539308
densenet121,top only,ridge,43,11,photos/top_view_images/P2270376.JPG,photos/side_view_images/P2270731.JPG,4.24,4.24,3.5309901237487793,-0.7090098762512209,0.7090098762512209
densenet121,top only,ridge,44,12,photos/top_view_images/P2270377.JPG,photos/side_view_images/P2270732.JPG,1.06,1.06,1.2447149753570557,0.1847149753570556,0.1847149753570556
densenet121,top only,ridge,45,12,photos/top_view_images/P2270378.JPG,photos/side_view_images/P2270733.JPG,2.12,2.12,2.74750018119812,0.62750018119812,0.62750018119812
densenet121,top only,ridge,46,12,photos/top_view_images/P2270379.JPG,photos/side_view_images/P2270734.JPG,3.18,3.18,3.4138576984405518,0.2338576984405516,0.2338576984405516
densenet121,top only,ridge,47,12,photos/top_view_images/P2270381.JPG,photos/side_view_images/P2270736.JPG,4.24,4.24,4.417483806610107,0.1774838066101072,0.1774838066101072
densenet121,top only,ridge,48,13,photos/top_view_images/P2270383.JPG,photos/side_view_images/P2270737.JPG,1.06,1.06,1.132265329360962,0.07226532936096186,0.07226532936096186
densenet121,top only,ridge,49,13,photos/top_view_images/P2270384.JPG,photos/side_view_images/P2270738.JPG,2.12,2.12,2.277707815170288,0.15770781517028798,0.15770781517028798
densenet121,top only,ridge,50,13,photos/top_view_images/P2270385.JPG,photos/side_view_images/P2270739.JPG,3.18,3.18,3.151693105697632,-0.028306894302368324,0.028306894302368324
densenet121,top only,ridge,51,14,photos/top_view_images/P3020386.JPG,photos/side_view_images/P3020741.JPG,1.06,1.06,1.1753747463226318,0.11537474632263178,0.11537474632263178
densenet121,top only,ridge,52,14,photos/top_view_images/P3020387.JPG,photos/side_view_images/P3020742.JPG,2.12,2.12,2.0452263355255127,-0.07477366447448741,0.07477366447448741
densenet121,top only,ridge,53,14,photos/top_view_images/P3020388.JPG,photos/side_view_images/P3020743.JPG,3.18,3.18,3.2929039001464844,0.11290390014648422,0.11290390014648422
densenet121,top only,ridge,54,14,photos/top_view_images/P3020389.JPG,photos/side_view_images/P3020744.JPG,4.24,4.24,4.143277168273926,-0.09672283172607443,0.09672283172607443
densenet121,top only,ridge,55,15,photos/top_view_images/P3020390.JPG,photos/side_view_images/P3020745.JPG,1.06,1.06,1.4544552564620972,0.3944552564620971,0.3944552564620971
densenet121,top only,ridge,56,15,photos/top_view_images/P3020391.JPG,photos/side_view_images/P3020746.JPG,2.12,2.12,2.2060279846191406,0.08602798461914052,0.08602798461914052
densenet121,top only,ridge,57,15,photos/top_view_images/P3020392.JPG,photos/side_view_images/P3020747.JPG,3.18,3.18,3.676980495452881,0.4969804954528807,0.4969804954528807
densenet121,top only,ridge,58,15,photos/top_view_images/P3020393.JPG,photos/side_view_images/P3020748.JPG,4.24,4.24,4.346444606781006,0.10644460678100565,0.10644460678100565
densenet121,top only,ridge,59,16,photos/top_view_images/P3020394.JPG,photos/side_view_images/P3020749.JPG,1.06,1.06,0.9254112243652344,-0.13458877563476568,0.13458877563476568
densenet121,top only,ridge,60,16,photos/top_view_images/P3020395.JPG,photos/side_view_images/P3020750.JPG,2.12,2.12,2.2315337657928467,0.11153376579284657,0.11153376579284657
densenet121,top only,ridge,61,16,photos/top_view_images/P3020396.JPG,photos/side_view_images/P3020751.JPG,3.18,3.18,2.543214797973633,-0.6367852020263673,0.6367852020263673
densenet121,top only,ridge,62,16,photos/top_view_images/P3020397.JPG,photos/side_view_images/P3020752.JPG,4.24,4.24,3.8356213569641113,-0.4043786430358889,0.4043786430358889
densenet121,top only,ridge,63,17,photos/top_view_images/P3020398.JPG,photos/side_view_images/P3020753.JPG,1.06,1.06,0.8702793121337891,-0.189720687866211,0.189720687866211
densenet121,top only,ridge,64,17,photos/top_view_images/P3020399.JPG,photos/side_view_images/P3020754.JPG,2.12,2.12,2.0326120853424072,-0.08738791465759288,0.08738791465759288
densenet121,top only,ridge,65,17,photos/top_view_images/P3020400.JPG,photos/side_view_images/P3020755.JPG,3.18,3.18,3.5431103706359863,0.36311037063598617,0.36311037063598617
densenet121,top only,ridge,66,17,photos/top_view_images/P3020401.JPG,photos/side_view_images/P3020756.JPG,4.24,4.24,4.526480197906494,0.2864801979064939,0.2864801979064939
densenet121,top only,ridge,67,18,photos/top_view_images/P3020402.JPG,photos/side_view_images/P3020757.JPG,1.06,1.06,1.239877700805664,0.179877700805664,0.179877700805664
densenet121,top only,ridge,68,18,photos/top_view_images/P3020403.JPG,photos/side_view_images/P3020758.JPG,2.12,2.12,2.2837419509887695,0.16374195098876942,0.16374195098876942
densenet121,top only,ridge,69,18,photos/top_view_images/P3020404.JPG,photos/side_view_images/P3020759.JPG,3.18,3.18,3.2115159034729004,0.03151590347290023,0.03151590347290023
densenet121,top only,ridge,70,18,photos/top_view_images/P3020405.JPG,photos/side_view_images/P3020760.JPG,4.24,4.24,4.1985907554626465,-0.04140924453735373,0.04140924453735373
densenet121,top only,ridge,71,19,photos/top_view_images/P3020406.JPG,photos/side_view_images/P3020761.JPG,1.06,1.06,0.8328342437744141,-0.227165756225586,0.227165756225586
densenet121,top only,ridge,72,19,photos/top_view_images/P3020407.JPG,photos/side_view_images/P3020762.JPG,2.12,2.12,2.1411712169647217,0.021171216964721573,0.021171216964721573
densenet121,top only,ridge,73,19,photos/top_view_images/P3020408.JPG,photos/side_view_images/P3020763.JPG,3.18,3.18,3.0188515186309814,-0.16114848136901871,0.16114848136901871
densenet121,top only,ridge,74,19,photos/top_view_images/P3020409.JPG,photos/side_view_images/P3020764.JPG,4.24,4.24,4.355348587036133,0.1153485870361326,0.1153485870361326
densenet121,top only,ridge,75,20,photos/top_view_images/P3020410.JPG,photos/side_view_images/P3020765.JPG,1.06,1.06,1.5441533327102661,0.48415333271026606,0.48415333271026606
densenet121,top only,ridge,76,20,photos/top_view_images/P3020411.JPG,photos/side_view_images/P3020766.JPG,2.12,2.12,2.3404481410980225,0.22044814109802235,0.22044814109802235
densenet121,top only,ridge,77,20,photos/top_view_images/P3020412.JPG,photos/side_view_images/P3020767.JPG,3.18,3.18,3.0967512130737305,-0.08324878692626969,0.08324878692626969
densenet121,top only,ridge,78,20,photos/top_view_images/P3020413.JPG,photos/side_view_images/P3020768.JPG,4.24,4.24,3.9510321617126465,-0.28896783828735373,0.28896783828735373
densenet121,top only,ridge,79,21,photos/top_view_images/P3020414.JPG,photos/side_view_images/P3020769.JPG,1.06,1.06,1.394663691520691,0.33466369152069086,0.33466369152069086
densenet121,top only,ridge,80,21,photos/top_view_images/P3020415.JPG,photos/side_view_images/P3020770.JPG,2.12,2.12,2.6597769260406494,0.5397769260406493,0.5397769260406493
densenet121,top only,ridge,81,21,photos/top_view_images/P3020416.JPG,photos/side_view_images/P3020771.JPG,3.18,3.18,3.1877708435058594,0.007770843505859215,0.007770843505859215
densenet121,top only,ridge,82,21,photos/top_view_images/P3020417.JPG,photos/side_view_images/P3020772.JPG,4.24,4.24,3.860610246658325,-0.379389753341675,0.379389753341675
densenet121,top only,ridge,83,22,photos/top_view_images/P3020418.JPG,photos/side_view_images/P3020773.JPG,1.06,1.06,0.6214960813522339,-0.43850391864776617,0.43850391864776617
densenet121,top only,ridge,84,22,photos/top_view_images/P3020419.JPG,photos/side_view_images/P3020774.JPG,2.12,2.12,1.722527265548706,-0.39747273445129405,0.39747273445129405
densenet121,top only,ridge,85,22,photos/top_view_images/P3020420.JPG,photos/side_view_images/P3020775.JPG,3.18,3.18,2.860405921936035,-0.319594078063965,0.319594078063965
densenet121,top only,ridge,86,22,photos/top_view_images/P3020421.JPG,photos/side_view_images/P3020776.JPG,4.24,4.24,3.7838516235351562,-0.45614837646484396,0.45614837646484396
densenet121,top only,ridge,87,23,photos/top_view_images/P3020422.JPG,photos/side_view_images/P3020777.JPG,1.06,1.06,1.1134092807769775,0.053409280776977486,0.053409280776977486
densenet121,top only,ridge,88,23,photos/top_view_images/P3020423.JPG,photos/side_view_images/P3020778.JPG,2.12,2.12,2.144991159439087,0.024991159439086807,0.024991159439086807
densenet121,top only,ridge,89,23,photos/top_view_images/P3020424.JPG,photos/side_view_images/P3020779.JPG,3.18,3.18,3.109107494354248,-0.07089250564575211,0.07089250564575211
densenet121,top only,ridge,90,23,photos/top_view_images/P3020425.JPG,photos/side_view_images/P3020780.JPG,4.24,4.24,3.75307297706604,-0.4869270229339602,0.4869270229339602
densenet121,top only,ridge,91,24,photos/top_view_images/P3020426.JPG,photos/side_view_images/P3020781.JPG,1.06,1.06,0.8552678823471069,-0.20473211765289312,0.20473211765289312
densenet121,top only,ridge,92,24,photos/top_view_images/P3020427.JPG,photos/side_view_images/P3020782.JPG,2.12,2.12,2.2472126483917236,0.12721264839172353,0.12721264839172353
densenet121,top only,ridge,93,24,photos/top_view_images/P3020428.JPG,photos/side_view_images/P3020783.JPG,3.18,3.18,3.0213441848754883,-0.15865581512451188,0.15865581512451188
densenet121,top only,ridge,94,24,photos/top_view_images/P3020429.JPG,photos/side_view_images/P3020784.JPG,4.24,4.24,3.7280075550079346,-0.5119924449920656,0.5119924449920656
densenet121,top only,ridge,95,25,photos/top_view_images/P3020430.JPG,photos/side_view_images/P3020785.JPG,1.06,1.06,0.8738714456558228,-0.1861285543441773,0.1861285543441773
densenet121,top only,ridge,96,25,photos/top_view_images/P3020431.JPG,photos/side_view_images/P3020786.JPG,2.12,2.12,2.110222339630127,-0.009777660369873153,0.009777660369873153
densenet121,top only,ridge,97,25,photos/top_view_images/P3020432.JPG,photos/side_view_images/P3020787.JPG,3.18,3.18,2.7758140563964844,-0.4041859436035158,0.4041859436035158
densenet121,top only,ridge,98,25,photos/top_view_images/P3020433.JPG,photos/side_view_images/P3020788.JPG,4.24,4.24,3.759948253631592,-0.4800517463684084,0.4800517463684084
densenet121,top only,ridge,99,26,photos/top_view_images/P3020434.JPG,photos/side_view_images/P3020789.JPG,1.06,1.06,1.5576386451721191,0.4976386451721191,0.4976386451721191
densenet121,top only,ridge,100,26,photos/top_view_images/P3020435.JPG,photos/side_view_images/P3020790.JPG,2.12,2.12,2.6939034461975098,0.5739034461975097,0.5739034461975097
densenet121,top only,ridge,101,26,photos/top_view_images/P3020436.JPG,photos/side_view_images/P3020791.JPG,3.18,3.18,4.029664516448975,0.8496645164489744,0.8496645164489744
densenet121,top only,ridge,102,26,photos/top_view_images/P3020437.JPG,photos/side_view_images/P3020792.JPG,4.24,4.24,5.064878940582275,0.8248789405822752,0.8248789405822752
densenet121,top only,ridge,103,27,photos/top_view_images/P3020438.JPG,photos/side_view_images/P3020793.JPG,1.06,1.06,0.7726583480834961,-0.28734165191650396,0.28734165191650396
densenet121,top only,ridge,104,27,photos/top_view_images/P3020439.JPG,photos/side_view_images/P3020794.JPG,2.12,2.12,2.0516037940979004,-0.06839620590209972,0.06839620590209972
densenet121,top only,ridge,105,27,photos/top_view_images/P3020440.JPG,photos/side_view_images/P3020795.JPG,3.18,3.18,2.9129180908203125,-0.26708190917968766,0.26708190917968766
densenet121,top only,ridge,106,27,photos/top_view_images/P3020441.JPG,photos/side_view_images/P3020796.JPG,4.24,4.24,3.5230560302734375,-0.7169439697265627,0.7169439697265627
densenet121,top only,ridge,107,28,photos/top_view_images/P3030442.JPG,photos/side_view_images/P3030797.JPG,1.06,1.06,1.1089173555374146,0.0489173555374145,0.0489173555374145
densenet121,top only,ridge,108,28,photos/top_view_images/P3030443.JPG,photos/side_view_images/P3030798.JPG,2.12,2.12,2.3207497596740723,0.20074975967407216,0.20074975967407216
densenet121,top only,ridge,109,28,photos/top_view_images/P3030444.JPG,photos/side_view_images/P3030799.JPG,3.18,3.18,3.032684087753296,-0.14731591224670426,0.14731591224670426
densenet121,top only,ridge,110,28,photos/top_view_images/P3030445.JPG,photos/side_view_images/P3030800.JPG,4.24,4.24,4.051152229309082,-0.18884777069091818,0.18884777069091818
densenet121,top only,ridge,111,29,photos/top_view_images/P3030446.JPG,photos/side_view_images/P3030801.JPG,1.06,1.06,1.4636619091033936,0.4036619091033935,0.4036619091033935
densenet121,top only,ridge,112,29,photos/top_view_images/P3030447.JPG,photos/side_view_images/P3030802.JPG,2.12,2.12,2.4160969257354736,0.2960969257354735,0.2960969257354735
densenet121,top only,ridge,113,29,photos/top_view_images/P3030448.JPG,photos/side_view_images/P3030803.JPG,3.18,3.18,3.622419595718384,0.44241959571838363,0.44241959571838363
densenet121,top only,ridge,114,29,photos/top_view_images/P3030449.JPG,photos/side_view_images/P3030804.JPG,4.24,4.24,4.565474510192871,0.3254745101928709,0.3254745101928709
densenet121,top only,ridge,115,30,photos/top_view_images/P3030450.JPG,photos/side_view_images/P3030805.JPG,1.06,1.06,1.9205400943756104,0.8605400943756103,0.8605400943756103
densenet121,top only,ridge,116,30,photos/top_view_images/P3030451.JPG,photos/side_view_images/P3030806.JPG,2.12,2.12,3.2745285034179688,1.1545285034179686,1.1545285034179686
densenet121,top only,ridge,117,30,photos/top_view_images/P3030452.JPG,photos/side_view_images/P3030807.JPG,3.18,3.18,3.5291130542755127,0.34911305427551254,0.34911305427551254
densenet121,top only,ridge,118,30,photos/top_view_images/P3030453.JPG,photos/side_view_images/P3030808.JPG,4.24,4.24,4.010108947753906,-0.22989105224609396,0.22989105224609396
densenet121,top only,ridge,119,31,photos/top_view_images/P3030454.JPG,photos/side_view_images/P3030809.JPG,1.06,1.06,0.6721141338348389,-0.3878858661651612,0.3878858661651612
densenet121,top only,ridge,120,31,photos/top_view_images/P3030455.JPG,photos/side_view_images/P3030810.JPG,2.12,2.12,1.5475702285766602,-0.57242977142334,0.57242977142334
densenet121,top only,ridge,121,31,photos/top_view_images/P3030456.JPG,photos/side_view_images/P3030811.JPG,3.18,3.18,2.998411178588867,-0.18158882141113297,0.18158882141113297
densenet121,top only,ridge,122,31,photos/top_view_images/P3030457.JPG,photos/side_view_images/P3030812.JPG,4.24,4.24,4.1197052001953125,-0.12029479980468771,0.12029479980468771
densenet121,top only,ridge,123,32,photos/top_view_images/P3050458.JPG,photos/side_view_images/P3050813.JPG,1.06,1.06,1.638058066368103,0.578058066368103,0.578058066368103
densenet121,top only,ridge,124,32,photos/top_view_images/P3050459.JPG,photos/side_view_images/P3050814.JPG,2.12,2.12,2.7977185249328613,0.6777185249328612,0.6777185249328612
densenet121,top only,ridge,125,32,photos/top_view_images/P3050460.JPG,photos/side_view_images/P3050815.JPG,3.18,3.18,3.465878963470459,0.2858789634704588,0.2858789634704588
densenet121,top only,ridge,126,32,photos/top_view_images/P3050462.JPG,photos/side_view_images/P3050817.JPG,4.24,4.24,4.115553855895996,-0.12444614410400412,0.12444614410400412
densenet121,top only,ridge,127,33,photos/top_view_images/P3050463.JPG,photos/side_view_images/P3050818.JPG,1.06,1.06,0.971672534942627,-0.0883274650573731,0.0883274650573731
densenet121,top only,ridge,128,33,photos/top_view_images/P3050464.JPG,photos/side_view_images/P3050819.JPG,2.12,2.12,1.818007469177246,-0.301992530822754,0.301992530822754
densenet121,top only,ridge,129,34,photos/top_view_images/P3050467.JPG,photos/side_view_images/P3050823.JPG,1.06,1.06,1.7921868562698364,0.7321868562698364,0.7321868562698364
densenet121,top only,ridge,130,34,photos/top_view_images/P3050468.JPG,photos/side_view_images/P3050824.JPG,2.12,2.12,3.139951705932617,1.019951705932617,1.019951705932617
densenet121,top only,ridge,131,34,photos/top_view_images/P3050469.JPG,photos/side_view_images/P3050825.JPG,3.18,3.18,3.7158305644989014,0.5358305644989012,0.5358305644989012
densenet121,top only,ridge,132,34,photos/top_view_images/P3050470.JPG,photos/side_view_images/P3050826.JPG,4.24,4.24,4.23084020614624,-0.009159793853759979,0.009159793853759979
densenet121,top only,ridge,133,35,photos/top_view_images/P3050471.JPG,photos/side_view_images/P3050827.JPG,1.06,1.06,0.9019958972930908,-0.15800410270690923,0.15800410270690923
densenet121,top only,ridge,134,35,photos/top_view_images/P3050472.JPG,photos/side_view_images/P3050828.JPG,2.12,2.12,1.7301883697509766,-0.38981163024902354,0.38981163024902354
densenet121,top only,ridge,135,35,photos/top_view_images/P3050473.JPG,photos/side_view_images/P3050829.JPG,3.18,3.18,3.1091270446777344,-0.07087295532226578,0.07087295532226578
densenet121,top only,ridge,136,35,photos/top_view_images/P3050474.JPG,photos/side_view_images/P3050830.JPG,4.24,4.24,4.089253902435303,-0.15074609756469748,0.15074609756469748
densenet121,top only,ridge,137,36,photos/top_view_images/P3050475.JPG,photos/side_view_images/P3050831.JPG,1.06,1.06,0.9131439924240112,-0.14685600757598882,0.14685600757598882
densenet121,top only,ridge,138,36,photos/top_view_images/P3050476.JPG,photos/side_view_images/P3050832.JPG,2.12,2.12,2.0791726112365723,-0.04082738876342784,0.04082738876342784
densenet121,top only,ridge,139,36,photos/top_view_images/P3050477.JPG,photos/side_view_images/P3050833.JPG,3.18,3.18,2.5126168727874756,-0.6673831272125246,0.6673831272125246
densenet121,top only,ridge,140,36,photos/top_view_images/P3050478.JPG,photos/side_view_images/P3050834.JPG,4.24,4.24,2.924135446548462,-1.3158645534515383,1.3158645534515383
densenet121,top only,ridge,141,37,photos/top_view_images/P3050479.JPG,photos/side_view_images/P3050835.JPG,1.06,1.06,0.4235413074493408,-0.6364586925506592,0.6364586925506592
densenet121,top only,ridge,142,37,photos/top_view_images/P3050480.JPG,photos/side_view_images/P3050836.JPG,2.12,2.12,1.5001298189163208,-0.6198701810836793,0.6198701810836793
densenet121,top only,ridge,143,37,photos/top_view_images/P3050481.JPG,photos/side_view_images/P3050837.JPG,3.18,3.18,2.903113603591919,-0.2768863964080812,0.2768863964080812
densenet121,top only,ridge,144,37,photos/top_view_images/P3050482.JPG,photos/side_view_images/P3050838.JPG,4.24,4.24,3.937631130218506,-0.30236886978149435,0.30236886978149435
densenet121,top only,ridge,145,38,photos/top_view_images/P3050484.JPG,photos/side_view_images/P3050840.JPG,1.06,1.06,1.1062264442443848,0.04622644424438471,0.04622644424438471
densenet121,top only,ridge,146,38,photos/top_view_images/P3050485.JPG,photos/side_view_images/P3050841.JPG,2.12,2.12,2.0156803131103516,-0.10431968688964854,0.10431968688964854
densenet121,top only,ridge,147,38,photos/top_view_images/P3050486.JPG,photos/side_view_images/P3050842.JPG,3.18,3.18,3.0668907165527344,-0.11310928344726578,0.11310928344726578
densenet121,top only,ridge,148,38,photos/top_view_images/P3050487.JPG,photos/side_view_images/P3050843.JPG,4.24,4.24,3.9948205947875977,-0.24517940521240256,0.24517940521240256
densenet121,top only,ridge,149,39,photos/top_view_images/P3050488.JPG,photos/side_view_images/P3050844.JPG,1.06,1.06,1.142077922821045,0.08207792282104487,0.08207792282104487
densenet121,top only,ridge,150,39,photos/top_view_images/P3050489.JPG,photos/side_view_images/P3050845.JPG,2.12,2.12,2.4233429431915283,0.3033429431915282,0.3033429431915282
densenet121,top only,ridge,151,39,photos/top_view_images/P3050490.JPG,photos/side_view_images/P3050846.JPG,3.18,3.18,3.6339545249938965,0.4539545249938963,0.4539545249938963
densenet121,top only,ridge,152,39,photos/top_view_images/P3050491.JPG,photos/side_view_images/P3050847.JPG,4.24,4.24,4.513491630554199,0.273491630554199,0.273491630554199
densenet121,top only,ridge,153,40,photos/top_view_images/P3050492.JPG,photos/side_view_images/P3050848.JPG,1.06,1.06,1.4331245422363281,0.37312454223632807,0.37312454223632807
densenet121,top only,ridge,154,40,photos/top_view_images/P3050493.JPG,photos/side_view_images/P3050849.JPG,2.12,2.12,2.150797128677368,0.030797128677368057,0.030797128677368057
densenet121,top only,ridge,155,40,photos/top_view_images/P3050494.JPG,photos/side_view_images/P3050850.JPG,3.18,3.18,2.967111587524414,-0.2128884124755861,0.2128884124755861
densenet121,top only,ridge,156,40,photos/top_view_images/P3050495.JPG,photos/side_view_images/P3050851.JPG,4.24,4.24,4.247047424316406,0.007047424316406037,0.007047424316406037
densenet121,top only,ridge,157,41,photos/top_view_images/P3050496.JPG,photos/side_view_images/P3050852.JPG,1.06,1.06,0.9208939075469971,-0.13910609245300298,0.13910609245300298
densenet121,top only,ridge,158,41,photos/top_view_images/P3050497.JPG,photos/side_view_images/P3050853.JPG,2.12,2.12,2.4135537147521973,0.29355371475219716,0.29355371475219716
densenet121,top only,ridge,159,41,photos/top_view_images/P3050498.JPG,photos/side_view_images/P3050854.JPG,3.18,3.18,3.5929441452026367,0.41294414520263656,0.41294414520263656
densenet121,top only,ridge,160,41,photos/top_view_images/P3050499.JPG,photos/side_view_images/P3050855.JPG,4.24,4.24,4.493831634521484,0.25383163452148416,0.25383163452148416
densenet121,top only,ridge,161,42,photos/top_view_images/P3050500.JPG,photos/side_view_images/P3050857.JPG,2.12,2.12,1.967909336090088,-0.15209066390991222,0.15209066390991222
densenet121,top only,ridge,162,42,photos/top_view_images/P3050501.JPG,photos/side_view_images/P3050858.JPG,3.18,3.18,3.203230857849121,0.023230857849120934,0.023230857849120934
densenet121,top only,ridge,163,43,photos/top_view_images/P3060503.JPG,photos/side_view_images/P3060859.JPG,1.06,1.06,1.0209170579910278,-0.03908294200897222,0.03908294200897222
densenet121,top only,ridge,164,43,photos/top_view_images/P3060504.JPG,photos/side_view_images/P3060860.JPG,2.12,2.12,2.042680501937866,-0.0773194980621339,0.0773194980621339
densenet121,top only,ridge,165,43,photos/top_view_images/P3060505.JPG,photos/side_view_images/P3060861.JPG,3.18,3.18,3.160745620727539,-0.019254379272461097,0.019254379272461097
densenet121,top only,ridge,166,43,photos/top_view_images/P3060506.JPG,photos/side_view_images/P3060862.JPG,4.24,4.24,3.7696099281311035,-0.4703900718688967,0.4703900718688967
densenet121,top only,ridge,167,44,photos/top_view_images/P3060507.JPG,photos/side_view_images/P3060863.JPG,1.06,1.06,1.09071946144104,0.030719461441039986,0.030719461441039986
densenet121,top only,ridge,168,44,photos/top_view_images/P3060508.JPG,photos/side_view_images/P3060864.JPG,2.12,2.12,2.254621744155884,0.13462174415588368,0.13462174415588368
densenet121,top only,ridge,169,44,photos/top_view_images/P3060509.JPG,photos/side_view_images/P3060865.JPG,3.18,3.18,3.1763787269592285,-0.0036212730407716442,0.0036212730407716442
densenet121,top only,ridge,170,44,photos/top_view_images/P3060510.JPG,photos/side_view_images/P3060866.JPG,4.24,4.24,3.722740650177002,-0.5172593498229983,0.5172593498229983
densenet121,top only,ridge,171,45,photos/top_view_images/P3060511.JPG,photos/side_view_images/P3060867.JPG,1.06,1.06,0.8792692422866821,-0.18073075771331792,0.18073075771331792
densenet121,top only,ridge,172,45,photos/top_view_images/P3060512.JPG,photos/side_view_images/P3060868.JPG,2.12,2.12,1.7268247604370117,-0.3931752395629884,0.3931752395629884
densenet121,top only,ridge,173,45,photos/top_view_images/P3060513.JPG,photos/side_view_images/P3060869.JPG,3.18,3.18,2.969998598098755,-0.21000140190124528,0.21000140190124528
densenet121,top only,ridge,174,45,photos/top_view_images/P3060514.JPG,photos/side_view_images/P3060870.JPG,4.24,4.24,3.865407943725586,-0.3745920562744143,0.3745920562744143
densenet121,top only,ridge,175,46,photos/top_view_images/P3060515.JPG,photos/side_view_images/P3060871.JPG,1.06,1.06,1.251206636428833,0.19120663642883295,0.19120663642883295
densenet121,top only,ridge,176,46,photos/top_view_images/P3060516.JPG,photos/side_view_images/P3060872.JPG,2.12,2.12,2.0656824111938477,-0.05431758880615245,0.05431758880615245
densenet121,top only,ridge,177,46,photos/top_view_images/P3060517.JPG,photos/side_view_images/P3060873.JPG,3.18,3.18,3.0894744396209717,-0.09052556037902848,0.09052556037902848
densenet121,top only,ridge,178,46,photos/top_view_images/P3060518.JPG,photos/side_view_images/P3060874.JPG,4.24,4.24,3.5594069957733154,-0.6805930042266848,0.6805930042266848
densenet121,top only,ridge,179,47,photos/top_view_images/P3060519.JPG,photos/side_view_images/P3060875.JPG,1.06,1.06,1.2325727939605713,0.17257279396057124,0.17257279396057124
densenet121,top only,ridge,180,47,photos/top_view_images/P3060520.JPG,photos/side_view_images/P3060876.JPG,2.12,2.12,2.532573938369751,0.41257393836975087,0.41257393836975087
densenet121,top only,ridge,181,47,photos/top_view_images/P3060521.JPG,photos/side_view_images/P3060877.JPG,3.18,3.18,2.798668622970581,-0.3813313770294191,0.3813313770294191
densenet121,top only,ridge,182,47,photos/top_view_images/P3060522.JPG,photos/side_view_images/P3060878.JPG,4.24,4.24,3.264024019241333,-0.9759759807586672,0.9759759807586672
densenet121,top only,ridge,183,48,photos/top_view_images/P3060523.JPG,photos/side_view_images/P3060879.JPG,1.06,1.06,1.626674771308899,0.5666747713088989,0.5666747713088989
densenet121,top only,ridge,184,48,photos/top_view_images/P3060524.JPG,photos/side_view_images/P3060880.JPG,2.12,2.12,2.3855667114257812,0.26556671142578114,0.26556671142578114
densenet121,top only,ridge,185,48,photos/top_view_images/P3060525.JPG,photos/side_view_images/P3060881.JPG,3.18,3.18,2.7123031616210938,-0.4676968383789064,0.4676968383789064
densenet121,top only,ridge,186,48,photos/top_view_images/P3060526.JPG,photos/side_view_images/P3060882.JPG,4.24,4.24,3.639695167541504,-0.6003048324584963,0.6003048324584963
densenet121,top only,ridge,187,49,photos/top_view_images/P3060527.JPG,photos/side_view_images/P3060883.JPG,1.06,1.06,1.096930980682373,0.036930980682372994,0.036930980682372994
densenet121,top only,ridge,188,49,photos/top_view_images/P3060528.JPG,photos/side_view_images/P3060884.JPG,2.12,2.12,2.24406099319458,0.12406099319457997,0.12406099319457997
densenet121,top only,ridge,189,49,photos/top_view_images/P3060529.JPG,photos/side_view_images/P3060885.JPG,3.18,3.18,3.38012433052063,0.20012433052062972,0.20012433052062972
densenet121,top only,ridge,190,49,photos/top_view_images/P3060530.JPG,photos/side_view_images/P3060886.JPG,4.24,4.24,3.875298023223877,-0.36470197677612326,0.36470197677612326
densenet121,top only,ridge,191,50,photos/top_view_images/P3060531.JPG,photos/side_view_images/P3060887.JPG,1.06,1.06,1.4640138149261475,0.4040138149261474,0.4040138149261474
densenet121,top only,ridge,192,50,photos/top_view_images/P3060532.JPG,photos/side_view_images/P3060888.JPG,2.12,2.12,2.5430126190185547,0.4230126190185546,0.4230126190185546
densenet121,top only,ridge,193,50,photos/top_view_images/P3060533.JPG,photos/side_view_images/P3060889.JPG,3.18,3.18,3.7204785346984863,0.5404785346984862,0.5404785346984862
densenet121,top only,ridge,194,50,photos/top_view_images/P3060534.JPG,photos/side_view_images/P3060890.JPG,4.24,4.24,4.463489532470703,0.2234895324707029,0.2234895324707029
densenet121,top only,ridge,195,51,photos/top_view_images/P3060535.JPG,photos/side_view_images/P3060891.JPG,1.06,1.06,1.0099831819534302,-0.05001681804656988,0.05001681804656988
densenet121,top only,ridge,196,51,photos/top_view_images/P3060536.JPG,photos/side_view_images/P3060892.JPG,2.12,2.12,1.7892522811889648,-0.33074771881103526,0.33074771881103526
densenet121,top only,ridge,197,51,photos/top_view_images/P3060537.JPG,photos/side_view_images/P3060893.JPG,3.18,3.18,3.155505418777466,-0.02449458122253434,0.02449458122253434
densenet121,top only,ridge,198,51,photos/top_view_images/P3060538.JPG,photos/side_view_images/P3060894.JPG,4.24,4.24,4.159468650817871,-0.08053134918212912,0.08053134918212912
densenet121,top only,ridge,199,52,photos/top_view_images/P3060539.JPG,photos/side_view_images/P3060895.JPG,1.06,1.06,1.0223665237426758,-0.03763347625732427,0.03763347625732427
densenet121,top only,ridge,200,52,photos/top_view_images/P3060540.JPG,photos/side_view_images/P3060896.JPG,2.12,2.12,2.9753000736236572,0.8553000736236571,0.8553000736236571
densenet121,top only,ridge,201,52,photos/top_view_images/P3060541.JPG,photos/side_view_images/P3060897.JPG,3.18,3.18,3.070495367050171,-0.10950463294982926,0.10950463294982926
densenet121,top only,ridge,202,52,photos/top_view_images/P3060542.JPG,photos/side_view_images/P3060898.JPG,4.24,4.24,3.916478157043457,-0.3235218429565432,0.3235218429565432
densenet121,top only,ridge,203,53,photos/top_view_images/P3060543.JPG,photos/side_view_images/P3060899.JPG,1.06,1.06,1.0143293142318726,-0.045670685768127495,0.045670685768127495
densenet121,top only,ridge,204,53,photos/top_view_images/P3060544.JPG,photos/side_view_images/P3060900.JPG,2.12,2.12,2.261948823928833,0.1419488239288329,0.1419488239288329
densenet121,top only,ridge,205,53,photos/top_view_images/P3060545.JPG,photos/side_view_images/P3060901.JPG,3.18,3.18,3.1090269088745117,-0.07097309112548844,0.07097309112548844
densenet121,top only,ridge,206,53,photos/top_view_images/P3060546.JPG,photos/side_view_images/P3060902.JPG,4.24,4.24,3.740849733352661,-0.4991502666473391,0.4991502666473391
densenet121,top only,ridge,207,54,photos/top_view_images/P3060547.JPG,photos/side_view_images/P3060903.JPG,1.06,1.06,1.87516450881958,0.81516450881958,0.81516450881958
densenet121,top only,ridge,208,54,photos/top_view_images/P3060548.JPG,photos/side_view_images/P3060904.JPG,2.12,2.12,2.655040979385376,0.5350409793853759,0.5350409793853759
densenet121,top only,ridge,209,54,photos/top_view_images/P3060549.JPG,photos/side_view_images/P3060905.JPG,3.18,3.18,3.3655009269714355,0.1855009269714354,0.1855009269714354
densenet121,top only,ridge,210,55,photos/top_view_images/P3060550.JPG,photos/side_view_images/P3060906.JPG,1.06,1.06,1.4636417627334595,0.4036417627334594,0.4036417627334594
densenet121,top only,ridge,211,55,photos/top_view_images/P3060551.JPG,photos/side_view_images/P3060907.JPG,2.12,2.12,2.158339500427246,0.03833950042724599,0.03833950042724599
densenet121,top only,ridge,212,55,photos/top_view_images/P3060552.JPG,photos/side_view_images/P3060908.JPG,3.18,3.18,3.155874013900757,-0.024125986099243324,0.024125986099243324
densenet121,top only,ridge,213,55,photos/top_view_images/P3060553.JPG,photos/side_view_images/P3060909.JPG,4.24,4.24,4.24561882019043,0.005618820190429474,0.005618820190429474
densenet121,top only,ridge,214,56,photos/top_view_images/P3060554.JPG,photos/side_view_images/P3060910.JPG,1.06,1.06,0.8452029228210449,-0.21479707717895513,0.21479707717895513
densenet121,top only,ridge,215,56,photos/top_view_images/P3060555.JPG,photos/side_view_images/P3060911.JPG,2.12,2.12,2.3936550617218018,0.27365506172180165,0.27365506172180165
densenet121,top only,ridge,216,56,photos/top_view_images/P3060556.JPG,photos/side_view_images/P3060912.JPG,3.18,3.18,3.095102310180664,-0.0848976898193361,0.0848976898193361
densenet121,top only,ridge,217,57,photos/top_view_images/P3090558.JPG,photos/side_view_images/P3090914.JPG,1.06,1.06,0.8706972599029541,-0.18930274009704595,0.18930274009704595
densenet121,top only,ridge,218,57,photos/top_view_images/P3090559.JPG,photos/side_view_images/P3090915.JPG,2.12,2.12,1.8018903732299805,-0.31810962677001964,0.31810962677001964
densenet121,top only,ridge,219,57,photos/top_view_images/P3090560.JPG,photos/side_view_images/P3090916.JPG,3.18,3.18,2.572498321533203,-0.607501678466797,0.607501678466797
densenet121,top only,ridge,220,57,photos/top_view_images/P3090561.JPG,photos/side_view_images/P3090917.JPG,4.24,4.24,4.2401275634765625,0.00012756347656228684,0.00012756347656228684
densenet121,top only,ridge,221,58,photos/top_view_images/P3090562.JPG,photos/side_view_images/P3090918.JPG,1.06,1.06,1.1229921579360962,0.06299215793609614,0.06299215793609614
densenet121,top only,ridge,222,58,photos/top_view_images/P3090563.JPG,photos/side_view_images/P3090919.JPG,2.12,2.12,2.112455368041992,-0.007544631958007919,0.007544631958007919
densenet121,top only,ridge,223,58,photos/top_view_images/P3090564.JPG,photos/side_view_images/P3090920.JPG,3.18,3.18,3.17899489402771,-0.001005105972290199,0.001005105972290199
densenet121,top only,ridge,224,58,photos/top_view_images/P3090565.JPG,photos/side_view_images/P3090921.JPG,4.24,4.24,4.192566394805908,-0.04743360519409201,0.04743360519409201
densenet121,top only,ridge,225,59,photos/top_view_images/P3090566.JPG,photos/side_view_images/P3090922.JPG,1.06,1.06,1.1437089443206787,0.08370894432067866,0.08370894432067866
densenet121,top only,ridge,226,59,photos/top_view_images/P3090567.JPG,photos/side_view_images/P3090923.JPG,2.12,2.12,2.0914177894592285,-0.02858221054077159,0.02858221054077159
densenet121,top only,ridge,227,59,photos/top_view_images/P3090568.JPG,photos/side_view_images/P3090924.JPG,3.18,3.18,3.1554462909698486,-0.024553709030151527,0.024553709030151527
densenet121,top only,ridge,228,59,photos/top_view_images/P3090569.JPG,photos/side_view_images/P3090925.JPG,4.24,4.24,4.010460376739502,-0.22953962326049826,0.22953962326049826
densenet121,top only,ridge,229,60,photos/top_view_images/P3090570.JPG,photos/side_view_images/P3090926.JPG,1.06,1.06,0.8894996643066406,-0.17050033569335943,0.17050033569335943
densenet121,top only,ridge,230,60,photos/top_view_images/P3090571.JPG,photos/side_view_images/P3090927.JPG,2.12,2.12,1.6093053817749023,-0.5106946182250978,0.5106946182250978
densenet121,top only,ridge,231,60,photos/top_view_images/P3090572.JPG,photos/side_view_images/P3090928.JPG,3.18,3.18,2.674213409423828,-0.505786590576172,0.505786590576172
densenet121,top only,ridge,232,60,photos/top_view_images/P3090573.JPG,photos/side_view_images/P3090929.JPG,4.24,4.24,4.142136573791504,-0.0978634262084963,0.0978634262084963
densenet121,top only,ridge,233,61,photos/top_view_images/P3090574.JPG,photos/side_view_images/P3090930.JPG,1.06,1.06,0.9110071659088135,-0.14899283409118658,0.14899283409118658
densenet121,top only,ridge,234,61,photos/top_view_images/P3090575.JPG,photos/side_view_images/P3090931.JPG,2.12,2.12,1.8116555213928223,-0.30834447860717784,0.30834447860717784
densenet121,top only,ridge,235,61,photos/top_view_images/P3090576.JPG,photos/side_view_images/P3090932.JPG,3.18,3.18,2.7489824295043945,-0.43101757049560563,0.43101757049560563
densenet121,top only,ridge,236,61,photos/top_view_images/P3090577.JPG,photos/side_view_images/P3090933.JPG,4.24,4.24,3.819561719894409,-0.42043828010559103,0.42043828010559103
densenet121,top only,ridge,237,62,photos/top_view_images/P3090578.JPG,photos/side_view_images/P3090934.JPG,1.06,1.06,1.623134732246399,0.5631347322463989,0.5631347322463989
densenet121,top only,ridge,238,62,photos/top_view_images/P3090579.JPG,photos/side_view_images/P3090935.JPG,2.12,2.12,2.3523669242858887,0.23236692428588857,0.23236692428588857
densenet121,top only,ridge,239,62,photos/top_view_images/P3090580.JPG,photos/side_view_images/P3090936.JPG,3.18,3.18,3.437838077545166,0.25783807754516586,0.25783807754516586
densenet121,top only,ridge,240,62,photos/top_view_images/P3090581.JPG,photos/side_view_images/P3090937.JPG,4.24,4.24,4.243022918701172,0.003022918701171662,0.003022918701171662
densenet121,top only,ridge,241,63,photos/top_view_images/P3090582.JPG,photos/side_view_images/P3090938.JPG,1.06,1.06,0.9649617671966553,-0.09503823280334478,0.09503823280334478
densenet121,top only,ridge,242,63,photos/top_view_images/P3090583.JPG,photos/side_view_images/P3090939.JPG,3.18,3.18,3.2250912189483643,0.0450912189483641,0.0450912189483641
densenet121,top only,ridge,243,63,photos/top_view_images/P3090584.JPG,photos/side_view_images/P3090940.JPG,4.24,4.24,4.123917579650879,-0.1160824203491213,0.1160824203491213
densenet121,top only,ridge,244,64,photos/top_view_images/P3090585.JPG,photos/side_view_images/P3090941.JPG,1.06,1.06,1.7867861986160278,0.7267861986160278,0.7267861986160278
densenet121,top only,ridge,245,64,photos/top_view_images/P3090586.JPG,photos/side_view_images/P3090942.JPG,2.12,2.12,2.255537271499634,0.13553727149963368,0.13553727149963368
densenet121,top only,ridge,246,64,photos/top_view_images/P3090587.JPG,photos/side_view_images/P3090943.JPG,3.18,3.18,3.231564521789551,0.05156452178955062,0.05156452178955062
densenet121,top only,ridge,247,64,photos/top_view_images/P3090588.JPG,photos/side_view_images/P3090944.JPG,4.24,4.24,3.721177101135254,-0.5188228988647463,0.5188228988647463
densenet121,top only,ridge,248,65,photos/top_view_images/P3090589.JPG,photos/side_view_images/P3090945.JPG,1.06,1.06,0.866662859916687,-0.19333714008331304,0.19333714008331304
densenet121,top only,ridge,249,65,photos/top_view_images/P3090590.JPG,photos/side_view_images/P3090946.JPG,2.12,2.12,1.840390682220459,-0.2796093177795411,0.2796093177795411
densenet121,top only,ridge,250,65,photos/top_view_images/P3090591.JPG,photos/side_view_images/P3090947.JPG,3.18,3.18,3.693854808807373,0.5138548088073729,0.5138548088073729
densenet121,top only,ridge,251,65,photos/top_view_images/P3090592.JPG,photos/side_view_images/P3090948.JPG,4.24,4.24,5.111719131469727,0.8717191314697263,0.8717191314697263
densenet121,top only,ridge,252,66,photos/top_view_images/P3090593.JPG,photos/side_view_images/P3090949.JPG,1.06,1.06,1.2791426181793213,0.21914261817932124,0.21914261817932124
densenet121,top only,ridge,253,66,photos/top_view_images/P3090594.JPG,photos/side_view_images/P3090950.JPG,2.12,2.12,2.6536788940429688,0.5336788940429686,0.5336788940429686
densenet121,top only,ridge,254,66,photos/top_view_images/P3090596.JPG,photos/side_view_images/P3090952.JPG,3.18,3.18,2.912029981613159,-0.267970018386841,0.267970018386841
densenet121,top only,ridge,255,66,photos/top_view_images/P3090597.JPG,photos/side_view_images/P3090953.JPG,4.24,4.24,3.8097822666168213,-0.4302177333831789,0.4302177333831789
densenet121,top only,ridge,256,67,photos/top_view_images/P3090598.JPG,photos/side_view_images/P3090954.JPG,1.06,1.06,1.1921405792236328,0.13214057922363276,0.13214057922363276
densenet121,top only,ridge,257,67,photos/top_view_images/P3090599.JPG,photos/side_view_images/P3090955.JPG,2.12,2.12,1.9694960117340088,-0.15050398826599132,0.15050398826599132
densenet121,top only,ridge,258,67,photos/top_view_images/P3090600.JPG,photos/side_view_images/P3090956.JPG,3.18,3.18,3.4224724769592285,0.24247247695922836,0.24247247695922836
densenet121,top only,ridge,259,67,photos/top_view_images/P3090601.JPG,photos/side_view_images/P3090957.JPG,4.24,4.24,4.084848403930664,-0.15515159606933615,0.15515159606933615
densenet121,top only,ridge,260,68,photos/top_view_images/P3090602.JPG,photos/side_view_images/P3090958.JPG,1.06,1.06,1.482870101928711,0.4228701019287109,0.4228701019287109
densenet121,top only,ridge,261,68,photos/top_view_images/P3090603.JPG,photos/side_view_images/P3090959.JPG,2.12,2.12,2.3471145629882812,0.22711456298828114,0.22711456298828114
densenet121,top only,ridge,262,68,photos/top_view_images/P3090604.JPG,photos/side_view_images/P3090960.JPG,3.18,3.18,3.4050512313842773,0.22505123138427718,0.22505123138427718
densenet121,top only,ridge,263,68,photos/top_view_images/P3090605.JPG,photos/side_view_images/P3090961.JPG,4.24,4.24,4.262762546539307,0.022762546539306427,0.022762546539306427
densenet121,top only,ridge,264,69,photos/top_view_images/P3090606.JPG,photos/side_view_images/P3090962.JPG,1.06,1.06,1.1865315437316895,0.1265315437316894,0.1265315437316894
densenet121,top only,ridge,265,69,photos/top_view_images/P3090607.JPG,photos/side_view_images/P3090963.JPG,2.12,2.12,2.168822765350342,0.04882276535034169,0.04882276535034169
densenet121,top only,ridge,266,69,photos/top_view_images/P3090608.JPG,photos/side_view_images/P3090964.JPG,3.18,3.18,2.8969709873199463,-0.28302901268005387,0.28302901268005387
densenet121,top only,ridge,267,69,photos/top_view_images/P3090609.JPG,photos/side_view_images/P3090965.JPG,4.24,4.24,4.101745128631592,-0.13825487136840842,0.13825487136840842
densenet121,top only,ridge,268,70,photos/top_view_images/P3090610.JPG,photos/side_view_images/P3090966.JPG,1.06,1.06,0.6803369522094727,-0.3796630477905274,0.3796630477905274
densenet121,top only,ridge,269,70,photos/top_view_images/P3090612.JPG,photos/side_view_images/P3090967.JPG,2.12,2.12,2.3822641372680664,0.2622641372680663,0.2622641372680663
densenet121,top only,ridge,270,70,photos/top_view_images/P3090613.JPG,photos/side_view_images/P3090968.JPG,3.18,3.18,2.662184715270996,-0.5178152847290041,0.5178152847290041
densenet121,top only,ridge,271,70,photos/top_view_images/P3090614.JPG,photos/side_view_images/P3090969.JPG,4.24,4.24,4.020038604736328,-0.2199613952636721,0.2199613952636721
densenet121,top only,ridge,272,71,photos/top_view_images/P3090615.JPG,photos/side_view_images/P3090970.JPG,1.06,1.06,1.0854768753051758,0.025476875305175728,0.025476875305175728
densenet121,top only,ridge,273,71,photos/top_view_images/P3090616.JPG,photos/side_view_images/P3090971.JPG,2.12,2.12,1.9098896980285645,-0.21011030197143565,0.21011030197143565
densenet121,top only,ridge,274,71,photos/top_view_images/P3090617.JPG,photos/side_view_images/P3090972.JPG,3.18,3.18,3.06559157371521,-0.1144084262847902,0.1144084262847902
densenet121,top only,ridge,275,71,photos/top_view_images/P3090618.JPG,photos/side_view_images/P3090973.JPG,4.24,4.24,4.349668025970459,0.10966802597045877,0.10966802597045877
densenet121,top only,ridge,276,72,photos/top_view_images/P3090619.JPG,photos/side_view_images/P3090974.JPG,1.06,1.06,0.8116754293441772,-0.2483245706558228,0.2483245706558228
densenet121,top only,ridge,277,72,photos/top_view_images/P3090620.JPG,photos/side_view_images/P3090975.JPG,2.12,2.12,1.9945392608642578,-0.1254607391357423,0.1254607391357423
densenet121,top only,ridge,278,72,photos/top_view_images/P3090621.JPG,photos/side_view_images/P3090976.JPG,3.18,3.18,3.0524046421051025,-0.12759535789489762,0.12759535789489762
densenet121,top only,ridge,279,72,photos/top_view_images/P3090622.JPG,photos/side_view_images/P3090977.JPG,4.24,4.24,3.7568554878234863,-0.4831445121765139,0.4831445121765139
densenet121,top only,ridge,280,73,photos/top_view_images/P3090623.JPG,photos/side_view_images/P3090978.JPG,1.06,1.06,1.2123997211456299,0.15239972114562983,0.15239972114562983
densenet121,top only,ridge,281,73,photos/top_view_images/P3090624.JPG,photos/side_view_images/P3090979.JPG,2.12,2.12,2.3483667373657227,0.22836673736572255,0.22836673736572255
densenet121,top only,ridge,282,73,photos/top_view_images/P3090625.JPG,photos/side_view_images/P3090980.JPG,3.18,3.18,3.071502208709717,-0.10849779129028336,0.10849779129028336
densenet121,top only,ridge,283,73,photos/top_view_images/P3090626.JPG,photos/side_view_images/P3090981.JPG,4.24,4.24,3.627333164215088,-0.6126668357849123,0.6126668357849123
densenet121,top only,ridge,284,74,photos/top_view_images/P3090627.JPG,photos/side_view_images/P3090982.JPG,1.06,1.06,1.036318302154541,-0.023681697845459038,0.023681697845459038
densenet121,top only,ridge,285,74,photos/top_view_images/P3090628.JPG,photos/side_view_images/P3090983.JPG,2.12,2.12,2.4078681468963623,0.2878681468963622,0.2878681468963622
densenet121,top only,ridge,286,74,photos/top_view_images/P3090629.JPG,photos/side_view_images/P3090984.JPG,3.18,3.18,3.1466989517211914,-0.033301048278808754,0.033301048278808754
densenet121,top only,ridge,287,74,photos/top_view_images/P3090630.JPG,photos/side_view_images/P3090985.JPG,4.24,4.24,4.435494422912598,0.19549442291259744,0.19549442291259744
densenet121,top only,ridge,288,75,photos/top_view_images/P3100631.JPG,photos/side_view_images/P3100986.JPG,1.06,1.06,0.9064096212387085,-0.15359037876129156,0.15359037876129156
densenet121,top only,ridge,289,75,photos/top_view_images/P3100632.JPG,photos/side_view_images/P3100987.JPG,2.12,2.12,2.211672067642212,0.09167206764221181,0.09167206764221181
densenet121,top only,ridge,290,75,photos/top_view_images/P3100633.JPG,photos/side_view_images/P3100988.JPG,3.18,3.18,3.1388421058654785,-0.041157894134521644,0.041157894134521644
densenet121,top only,ridge,291,75,photos/top_view_images/P3100634.JPG,photos/side_view_images/P3100989.JPG,4.24,4.24,4.3552093505859375,0.11520935058593729,0.11520935058593729
densenet121,top only,ridge,292,76,photos/top_view_images/P3100635.JPG,photos/side_view_images/P3100990.JPG,1.06,1.06,1.26732337474823,0.20732337474822993,0.20732337474822993
densenet121,top only,ridge,293,76,photos/top_view_images/P3100636.JPG,photos/side_view_images/P3100991.JPG,2.12,2.12,2.3747124671936035,0.2547124671936034,0.2547124671936034
densenet121,top only,ridge,294,76,photos/top_view_images/P3100637.JPG,photos/side_view_images/P3100992.JPG,3.18,3.18,3.5001699924468994,0.32016999244689925,0.32016999244689925
densenet121,top only,ridge,295,76,photos/top_view_images/P3100638.JPG,photos/side_view_images/P3100993.JPG,4.24,4.24,4.520451545715332,0.2804515457153318,0.2804515457153318
densenet121,top only,ridge,296,77,photos/top_view_images/P3100639.JPG,photos/side_view_images/P3100994.JPG,1.06,1.06,0.9619591236114502,-0.09804087638854986,0.09804087638854986
densenet121,top only,ridge,297,77,photos/top_view_images/P3100640.JPG,photos/side_view_images/P3100995.JPG,2.12,2.12,1.678670883178711,-0.44132911682128917,0.44132911682128917
densenet121,top only,ridge,298,77,photos/top_view_images/P3100641.JPG,photos/side_view_images/P3100996.JPG,3.18,3.18,3.4707300662994385,0.2907300662994383,0.2907300662994383
densenet121,top only,ridge,299,78,photos/top_view_images/P3100643.JPG,photos/side_view_images/P3100997.JPG,1.06,1.06,1.0345463752746582,-0.02545362472534185,0.02545362472534185
densenet121,top only,ridge,300,78,photos/top_view_images/P3100644.JPG,photos/side_view_images/P3100998.JPG,2.12,2.12,2.2423834800720215,0.12238348007202138,0.12238348007202138
densenet121,top only,ridge,301,78,photos/top_view_images/P3100645.JPG,photos/side_view_images/P3100999.JPG,3.18,3.18,3.192931890487671,0.012931890487670739,0.012931890487670739
densenet121,top only,ridge,302,78,photos/top_view_images/P3100646.JPG,photos/side_view_images/P3101000.JPG,4.24,4.24,4.072737693786621,-0.16726230621337912,0.16726230621337912
densenet121,top only,ridge,303,79,photos/top_view_images/P3100647.JPG,photos/side_view_images/P3101001.JPG,1.06,1.06,1.1427686214447021,0.0827686214447021,0.0827686214447021
densenet121,top only,ridge,304,79,photos/top_view_images/P3100648.JPG,photos/side_view_images/P3101002.JPG,2.12,2.12,2.688676595687866,0.5686765956878661,0.5686765956878661
densenet121,top only,ridge,305,79,photos/top_view_images/P3100649.JPG,photos/side_view_images/P3101003.JPG,3.18,3.18,4.16184663772583,0.9818466377258299,0.9818466377258299
densenet121,top only,ridge,306,80,photos/top_view_images/P3100650.JPG,photos/side_view_images/P3101004.JPG,1.06,1.06,1.5296664237976074,0.46966642379760737,0.46966642379760737
densenet121,top only,ridge,307,80,photos/top_view_images/P3100651.JPG,photos/side_view_images/P3101005.JPG,2.12,2.12,3.1788382530212402,1.0588382530212401,1.0588382530212401
densenet121,top only,ridge,308,80,photos/top_view_images/P3100652.JPG,photos/side_view_images/P3101006.JPG,3.18,3.18,4.419434070587158,1.239434070587158,1.239434070587158
densenet121,top only,ridge,309,80,photos/top_view_images/P3100653.JPG,photos/side_view_images/P3101007.JPG,4.24,4.24,5.100803375244141,0.8608033752441404,0.8608033752441404
densenet121,top only,ridge,310,81,photos/top_view_images/P3100654.JPG,photos/side_view_images/P3101008.JPG,1.06,1.06,1.1723520755767822,0.11235207557678217,0.11235207557678217
densenet121,top only,ridge,311,81,photos/top_view_images/P3100655.JPG,photos/side_view_images/P3101009.JPG,2.12,2.12,2.6497368812561035,0.5297368812561034,0.5297368812561034
densenet121,top only,ridge,312,81,photos/top_view_images/P3100656.JPG,photos/side_view_images/P3101010.JPG,3.18,3.18,4.024451732635498,0.8444517326354979,0.8444517326354979
densenet121,top only,ridge,313,81,photos/top_view_images/P3100657.JPG,photos/side_view_images/P3101011.JPG,4.24,4.24,4.898911476135254,0.6589114761352537,0.6589114761352537
densenet121,top only,ridge,314,82,photos/top_view_images/P3120658.JPG,photos/side_view_images/P3121012.JPG,1.06,1.06,1.3343353271484375,0.27433532714843745,0.27433532714843745
densenet121,top only,ridge,315,82,photos/top_view_images/P3120659.JPG,photos/side_view_images/P3121013.JPG,2.12,2.12,2.5401530265808105,0.42015302658081044,0.42015302658081044
densenet121,top only,ridge,316,82,photos/top_view_images/P3120660.JPG,photos/side_view_images/P3121014.JPG,3.18,3.18,3.2258400917053223,0.045840091705322106,0.045840091705322106
densenet121,top only,ridge,317,82,photos/top_view_images/P3120661.JPG,photos/side_view_images/P3121015.JPG,4.24,4.24,4.188710689544678,-0.05128931045532248,0.05128931045532248
densenet121,top only,ridge,318,83,photos/top_view_images/P3120662.JPG,photos/side_view_images/P3121016.JPG,1.06,1.06,1.5138970613479614,0.4538970613479614,0.4538970613479614
densenet121,top only,ridge,319,83,photos/top_view_images/P3120663.JPG,photos/side_view_images/P3121017.JPG,2.12,2.12,2.468136787414551,0.3481367874145507,0.3481367874145507
densenet121,top only,ridge,320,83,photos/top_view_images/P3120664.JPG,photos/side_view_images/P3121018.JPG,3.18,3.18,3.560006856918335,0.3800068569183348,0.3800068569183348
densenet121,top only,ridge,321,83,photos/top_view_images/P3120665.JPG,photos/side_view_images/P3121019.JPG,4.24,4.24,3.9347217082977295,-0.3052782917022707,0.3052782917022707
densenet121,top only,ridge,322,84,photos/top_view_images/P3120666.JPG,photos/side_view_images/P3121020.JPG,1.06,1.06,1.2430764436721802,0.18307644367218012,0.18307644367218012
densenet121,top only,ridge,323,84,photos/top_view_images/P3120667.JPG,photos/side_view_images/P3121021.JPG,2.12,2.12,2.600799083709717,0.4807990837097167,0.4807990837097167
densenet121,top only,ridge,324,84,photos/top_view_images/P3120668.JPG,photos/side_view_images/P3121022.JPG,3.18,3.18,3.0534465312957764,-0.1265534687042238,0.1265534687042238
densenet121,top only,ridge,325,84,photos/top_view_images/P3120669.JPG,photos/side_view_images/P3121023.JPG,4.24,4.24,3.9279043674468994,-0.3120956325531008,0.3120956325531008
densenet121,top only,ridge,326,85,photos/top_view_images/P3120670.JPG,photos/side_view_images/P3121024.JPG,1.06,1.06,1.5496089458465576,0.48960894584655756,0.48960894584655756
densenet121,top only,ridge,327,85,photos/top_view_images/P3120671.JPG,photos/side_view_images/P3121025.JPG,2.12,2.12,2.4898529052734375,0.3698529052734374,0.3698529052734374
densenet121,top only,ridge,328,85,photos/top_view_images/P3120672.JPG,photos/side_view_images/P3121026.JPG,3.18,3.18,3.3921284675598145,0.2121284675598143,0.2121284675598143
densenet121,top only,ridge,329,85,photos/top_view_images/P3120673.JPG,photos/side_view_images/P3121027.JPG,4.24,4.24,3.410588502883911,-0.8294114971160891,0.8294114971160891
densenet121,top only,ridge,330,86,photos/top_view_images/P3120674.JPG,photos/side_view_images/P3121028.JPG,1.06,1.06,0.8138785362243652,-0.24612146377563482,0.24612146377563482
densenet121,top only,ridge,331,86,photos/top_view_images/P3120675.JPG,photos/side_view_images/P3121029.JPG,2.12,2.12,1.9064496755599976,-0.21355032444000255,0.21355032444000255
densenet121,top only,ridge,332,86,photos/top_view_images/P3120676.JPG,photos/side_view_images/P3121030.JPG,3.18,3.18,2.5992581844329834,-0.5807418155670168,0.5807418155670168
densenet121,top only,ridge,333,86,photos/top_view_images/P3120677.JPG,photos/side_view_images/P3121031.JPG,4.24,4.24,3.1724886894226074,-1.0675113105773928,1.0675113105773928
densenet121,top only,ridge,334,87,photos/top_view_images/P3120678.JPG,photos/side_view_images/P3121032.JPG,1.06,1.06,1.4077850580215454,0.34778505802154536,0.34778505802154536
densenet121,top only,ridge,335,87,photos/top_view_images/P3120679.JPG,photos/side_view_images/P3121033.JPG,2.12,2.12,2.421760082244873,0.30176008224487294,0.30176008224487294
densenet121,top only,ridge,336,87,photos/top_view_images/P3120680.JPG,photos/side_view_images/P3121034.JPG,3.18,3.18,3.698603630065918,0.5186036300659178,0.5186036300659178
densenet121,top only,ridge,337,87,photos/top_view_images/P3120681.JPG,photos/side_view_images/P3121035.JPG,4.24,4.24,4.175403118133545,-0.06459688186645529,0.06459688186645529
densenet121,top only,ridge,338,88,photos/top_view_images/P3120682.JPG,photos/side_view_images/P3121036.JPG,1.06,1.06,0.7723716497421265,-0.2876283502578736,0.2876283502578736
densenet121,top only,ridge,339,88,photos/top_view_images/P3120683.JPG,photos/side_view_images/P3121037.JPG,2.12,2.12,1.5214897394180298,-0.5985102605819703,0.5985102605819703
densenet121,top only,ridge,340,88,photos/top_view_images/P3120684.JPG,photos/side_view_images/P3121038.JPG,3.18,3.18,3.152656316757202,-0.02734368324279801,0.02734368324279801
densenet121,top only,ridge,341,88,photos/top_view_images/P3120685.JPG,photos/side_view_images/P3121039.JPG,4.24,4.24,3.5787174701690674,-0.6612825298309328,0.6612825298309328
densenet121,top only,ridge,342,89,photos/top_view_images/P3120686.JPG,photos/side_view_images/P3121040.JPG,1.06,1.06,1.11039137840271,0.05039137840270991,0.05039137840270991
densenet121,top only,ridge,343,89,photos/top_view_images/P3120687.JPG,photos/side_view_images/P3121041.JPG,2.12,2.12,2.0213820934295654,-0.09861790657043468,0.09861790657043468
densenet121,top only,ridge,344,89,photos/top_view_images/P3120688.JPG,photos/side_view_images/P3121042.JPG,3.18,3.18,3.5494422912597656,0.36944229125976547,0.36944229125976547
densenet121,top only,ridge,345,89,photos/top_view_images/P3120689.JPG,photos/side_view_images/P3121043.JPG,4.24,4.24,4.044893264770508,-0.1951067352294924,0.1951067352294924
densenet121,top only,ridge,346,90,photos/top_view_images/P3120690.JPG,photos/side_view_images/P3121044.JPG,1.06,1.06,0.8252193927764893,-0.2347806072235108,0.2347806072235108
densenet121,top only,ridge,347,90,photos/top_view_images/P3120691.JPG,photos/side_view_images/P3121045.JPG,2.12,2.12,1.9561208486557007,-0.16387915134429942,0.16387915134429942
densenet121,top only,ridge,348,90,photos/top_view_images/P3120692.JPG,photos/side_view_images/P3121046.JPG,3.18,3.18,3.375762701034546,0.19576270103454574,0.19576270103454574
densenet121,top only,ridge,349,90,photos/top_view_images/P3120693.JPG,photos/side_view_images/P3121047.JPG,4.24,4.24,4.267376899719238,0.027376899719238068,0.027376899719238068
densenet121,top only,ridge,350,91,photos/top_view_images/P3120694.JPG,photos/side_view_images/P3121048.JPG,1.06,1.06,0.9899928569793701,-0.07000714302062994,0.07000714302062994
densenet121,top only,ridge,351,91,photos/top_view_images/P3120695.JPG,photos/side_view_images/P3121049.JPG,2.12,2.12,1.4810891151428223,-0.6389108848571778,0.6389108848571778
densenet121,top only,ridge,352,91,photos/top_view_images/P3120696.JPG,photos/side_view_images/P3121050.JPG,3.18,3.18,3.12164568901062,-0.05835431098938004,0.05835431098938004
densenet121,top only,ridge,353,91,photos/top_view_images/P3120697.JPG,photos/side_view_images/P3121051.JPG,4.24,4.24,3.770442247390747,-0.46955775260925314,0.46955775260925314
densenet121,top only,ridge,354,92,photos/top_view_images/P3120698.JPG,photos/side_view_images/P3121052.JPG,1.06,1.06,1.272934913635254,0.21293491363525385,0.21293491363525385
densenet121,top only,ridge,355,92,photos/top_view_images/P3120699.JPG,photos/side_view_images/P3121053.JPG,2.12,2.12,2.977834939956665,0.8578349399566649,0.8578349399566649
densenet121,top only,ridge,356,92,photos/top_view_images/P3120700.JPG,photos/side_view_images/P3121054.JPG,3.18,3.18,3.550379753112793,0.3703797531127928,0.3703797531127928
densenet121,top only,ridge,357,92,photos/top_view_images/P3120701.JPG,photos/side_view_images/P3121055.JPG,4.24,4.24,4.425808906555176,0.18580890655517557,0.18580890655517557
densenet121,top only,ridge,358,93,photos/top_view_images/P3120702.JPG,photos/side_view_images/P3121056.JPG,1.06,1.06,1.7976713180541992,0.7376713180541992,0.7376713180541992
densenet121,top only,ridge,359,93,photos/top_view_images/P3120703.JPG,photos/side_view_images/P3121057.JPG,2.12,2.12,2.3516440391540527,0.23164403915405263,0.23164403915405263
densenet121,top only,ridge,360,93,photos/top_view_images/P3120704.JPG,photos/side_view_images/P3121058.JPG,3.18,3.18,3.346259355545044,0.16625935554504379,0.16625935554504379
densenet121,top only,ridge,361,93,photos/top_view_images/P3120705.JPG,photos/side_view_images/P3121059.JPG,4.24,4.24,4.051522731781006,-0.18847726821899435,0.18847726821899435
densenet121,top only,ridge,362,94,photos/top_view_images/P3120706.JPG,photos/side_view_images/P3121060.JPG,1.06,1.06,1.3832595348358154,0.3232595348358154,0.3232595348358154
densenet121,top only,ridge,363,94,photos/top_view_images/P3120707.JPG,photos/side_view_images/P3121061.JPG,2.12,2.12,1.6935678720474243,-0.4264321279525758,0.4264321279525758
densenet121,top only,ridge,364,94,photos/top_view_images/P3120708.JPG,photos/side_view_images/P3121062.JPG,3.18,3.18,2.9552347660064697,-0.22476523399353043,0.22476523399353043
densenet121,top only,ridge,365,94,photos/top_view_images/P3120709.JPG,photos/side_view_images/P3121063.JPG,4.24,4.24,3.5934817790985107,-0.6465182209014895,0.6465182209014895
densenet121,top only,ridge,366,95,photos/top_view_images/P3120710.JPG,photos/side_view_images/P3121064.JPG,1.06,1.06,1.083779215812683,0.023779215812683052,0.023779215812683052
densenet121,top only,ridge,367,95,photos/top_view_images/P3120711.JPG,photos/side_view_images/P3121065.JPG,2.12,2.12,2.2444496154785156,0.12444961547851552,0.12444961547851552
densenet121,top only,ridge,368,95,photos/top_view_images/P3120712.JPG,photos/side_view_images/P3121066.JPG,3.18,3.18,3.3413429260253906,0.16134292602539047,0.16134292602539047
densenet121,top only,ridge,369,95,photos/top_view_images/P3120713.JPG,photos/side_view_images/P3121067.JPG,4.24,4.24,4.433142185211182,0.19314218521118143,0.19314218521118143
densenet121,top only,ridge,370,96,photos/top_view_images/P3130714.JPG,photos/side_view_images/P3131068.JPG,1.06,1.06,1.4109928607940674,0.35099286079406733,0.35099286079406733
densenet121,top only,ridge,371,96,photos/top_view_images/P3130715.JPG,photos/side_view_images/P3131069.JPG,2.12,2.12,2.108922004699707,-0.011077995300293075,0.011077995300293075
densenet121,top only,ridge,372,96,photos/top_view_images/P3130716.JPG,photos/side_view_images/P3131070.JPG,3.18,3.18,3.4561867713928223,0.2761867713928221,0.2761867713928221
densenet121,top only,ridge,373,96,photos/top_view_images/P3130717.JPG,photos/side_view_images/P3131071.JPG,4.24,4.24,4.843545436859131,0.6035454368591306,0.6035454368591306
densenet121,top only,ridge,374,97,photos/top_view_images/P3130718.JPG,photos/side_view_images/P3131072.JPG,1.06,1.06,1.3926342725753784,0.33263427257537836,0.33263427257537836
densenet121,top only,ridge,375,97,photos/top_view_images/P3130719.JPG,photos/side_view_images/P3131073.JPG,2.12,2.12,2.6171884536743164,0.4971884536743163,0.4971884536743163
densenet121,top only,ridge,376,97,photos/top_view_images/P3130720.JPG,photos/side_view_images/P3131074.JPG,3.18,3.18,4.066071510314941,0.8860715103149412,0.8860715103149412
densenet121,top only,ridge,377,97,photos/top_view_images/P3130721.JPG,photos/side_view_images/P3131075.JPG,4.24,4.24,4.618343353271484,0.37834335327148416,0.37834335327148416
densenet121,top only,ridge,378,98,photos/top_view_images/P3130722.JPG,photos/side_view_images/P3131076.JPG,1.06,1.06,0.8041834831237793,-0.25581651687622076,0.25581651687622076
densenet121,top only,ridge,379,98,photos/top_view_images/P3130723.JPG,photos/side_view_images/P3131077.JPG,2.12,2.12,1.594771385192871,-0.525228614807129,0.525228614807129
densenet121,top only,ridge,380,98,photos/top_view_images/P3130724.JPG,photos/side_view_images/P3131078.JPG,3.18,3.18,2.3296287059783936,-0.8503712940216066,0.8503712940216066
densenet121,top only,ridge,381,98,photos/top_view_images/P3130725.JPG,photos/side_view_images/P3131079.JPG,4.24,4.24,3.307746171951294,-0.9322538280487063,0.9322538280487063
densenet121,top only,ridge,382,99,photos/top_view_images/P3130726.JPG,photos/side_view_images/P3131080.JPG,1.06,1.06,1.2174793481826782,0.15747934818267817,0.15747934818267817
densenet121,top only,ridge,383,99,photos/top_view_images/P3130727.JPG,photos/side_view_images/P3131081.JPG,2.12,2.12,2.070307970046997,-0.049692029953003036,0.049692029953003036
densenet121,top only,ridge,384,99,photos/top_view_images/P3130728.JPG,photos/side_view_images/P3131082.JPG,3.18,3.18,3.053006172180176,-0.12699382781982438,0.12699382781982438
densenet121,top only,ridge,385,99,photos/top_view_images/P3130729.JPG,photos/side_view_images/P3131083.JPG,4.24,4.24,3.4349205493927,-0.8050794506073,0.8050794506073
densenet121,top only,ridge,386,100,photos/top_view_images/P3130730.JPG,photos/side_view_images/P3131084.JPG,1.06,1.06,0.5483379364013672,-0.5116620635986329,0.5116620635986329
densenet121,top only,ridge,387,100,photos/top_view_images/P3130731.JPG,photos/side_view_images/P3131085.JPG,2.12,2.12,2.1951804161071777,0.07518041610717763,0.07518041610717763
densenet121,top only,ridge,388,100,photos/top_view_images/P3130732.JPG,photos/side_view_images/P3131086.JPG,3.18,3.18,3.354106903076172,0.17410690307617172,0.17410690307617172
densenet121,top only,ridge,389,100,photos/top_view_images/P3130733.JPG,photos/side_view_images/P3131087.JPG,4.24,4.24,4.024624824523926,-0.21537517547607443,0.21537517547607443
densenet121,top only,ridge,390,101,photos/top_view_images/P3130734.JPG,photos/side_view_images/P3131088.JPG,1.06,1.06,1.527717113494873,0.467717113494873,0.467717113494873
densenet121,top only,ridge,391,101,photos/top_view_images/P3130735.JPG,photos/side_view_images/P3131089.JPG,2.12,2.12,2.2269558906555176,0.10695589065551747,0.10695589065551747
densenet121,top only,ridge,392,101,photos/top_view_images/P3130736.JPG,photos/side_view_images/P3131090.JPG,3.18,3.18,3.1906931400299072,0.010693140029907067,0.010693140029907067
densenet121,top only,ridge,393,102,photos/top_view_images/P3130737.JPG,photos/side_view_images/P3131091.JPG,1.06,1.06,1.1909151077270508,0.13091510772705073,0.13091510772705073
densenet121,top only,ridge,394,102,photos/top_view_images/P3130738.JPG,photos/side_view_images/P3131092.JPG,2.12,2.12,2.176722526550293,0.05672252655029286,0.05672252655029286
densenet121,top only,ridge,395,102,photos/top_view_images/P3130739.JPG,photos/side_view_images/P3131093.JPG,3.18,3.18,3.29693865776062,0.11693865776061996,0.11693865776061996
densenet121,top only,ridge,396,102,photos/top_view_images/P3130740.JPG,photos/side_view_images/P3131094.JPG,4.24,4.24,3.989315986633301,-0.25068401336669943,0.25068401336669943
densenet121,top only,ridge,397,103,photos/top_view_images/P3130741.JPG,photos/side_view_images/P3131095.JPG,1.06,1.06,0.7641205787658691,-0.2958794212341309,0.2958794212341309
densenet121,top only,ridge,398,103,photos/top_view_images/P3130742.JPG,photos/side_view_images/P3131096.JPG,2.12,2.12,1.5118067264556885,-0.6081932735443116,0.6081932735443116
densenet121,top only,ridge,399,103,photos/top_view_images/P3130743.JPG,photos/side_view_images/P3131097.JPG,3.18,3.18,3.0648412704467773,-0.11515872955322282,0.11515872955322282
densenet121,top only,ridge,400,103,photos/top_view_images/P3130744.JPG,photos/side_view_images/P3131098.JPG,4.24,4.24,4.321092128753662,0.0810921287536619,0.0810921287536619
densenet121,top only,ridge,401,104,photos/top_view_images/P3130745.JPG,photos/side_view_images/P3131099.JPG,1.06,1.06,0.9763138294219971,-0.08368617057800298,0.08368617057800298
densenet121,top only,ridge,402,104,photos/top_view_images/P3130746.JPG,photos/side_view_images/P3131100.JPG,2.12,2.12,2.016920328140259,-0.10307967185974132,0.10307967185974132
densenet121,top only,ridge,403,104,photos/top_view_images/P3130747.JPG,photos/side_view_images/P3131101.JPG,3.18,3.18,3.1188907623291016,-0.0611092376708986,0.0611092376708986
densenet121,top only,ridge,404,104,photos/top_view_images/P3130748.JPG,photos/side_view_images/P3131102.JPG,4.24,4.24,3.9798107147216797,-0.2601892852783205,0.2601892852783205
densenet121,top only,ridge,405,105,photos/top_view_images/P3130749.JPG,photos/side_view_images/P3131103.JPG,1.06,1.06,1.4711577892303467,0.4111577892303466,0.4111577892303466
densenet121,top only,ridge,406,105,photos/top_view_images/P3130750.JPG,photos/side_view_images/P3131104.JPG,2.12,2.12,2.392622232437134,0.2726222324371337,0.2726222324371337
densenet121,top only,ridge,407,105,photos/top_view_images/P3130751.JPG,photos/side_view_images/P3131105.JPG,3.18,3.18,3.300990104675293,0.12099010467529281,0.12099010467529281
densenet121,top only,ridge,408,105,photos/top_view_images/P3130752.JPG,photos/side_view_images/P3131106.JPG,4.24,4.24,4.566188812255859,0.32618881225585916,0.32618881225585916
densenet121,top only,ridge,409,106,photos/top_view_images/P3130753.JPG,photos/side_view_images/P3131107.JPG,1.06,1.06,1.390275001525879,0.33027500152587885,0.33027500152587885
densenet121,top only,ridge,410,106,photos/top_view_images/P3130754.JPG,photos/side_view_images/P3131108.JPG,2.12,2.12,2.405686140060425,0.2856861400604247,0.2856861400604247
densenet121,top only,ridge,411,106,photos/top_view_images/P3130755.JPG,photos/side_view_images/P3131109.JPG,3.18,3.18,3.3027520179748535,0.12275201797485336,0.12275201797485336
densenet121,top only,ridge,412,106,photos/top_view_images/P3130756.JPG,photos/side_view_images/P3131110.JPG,4.24,4.24,4.312895774841309,0.07289577484130838,0.07289577484130838
densenet121,top only,ridge,413,107,photos/top_view_images/P3130757.JPG,photos/side_view_images/P3131111.JPG,1.06,1.06,1.5323115587234497,0.47231155872344965,0.47231155872344965
densenet121,top only,ridge,414,107,photos/top_view_images/P3130758.JPG,photos/side_view_images/P3131112.JPG,2.12,2.12,2.656118631362915,0.5361186313629149,0.5361186313629149
densenet121,top only,ridge,415,107,photos/top_view_images/P3130759.JPG,photos/side_view_images/P3131113.JPG,3.18,3.18,3.2645363807678223,0.0845363807678221,0.0845363807678221
densenet121,top only,ridge,416,107,photos/top_view_images/P3130760.JPG,photos/side_view_images/P3131114.JPG,4.24,4.24,4.094707489013672,-0.14529251098632834,0.14529251098632834
densenet121,top only,ridge,417,108,photos/top_view_images/P2090065.JPG,photos/side_view_images/P2090150.JPG,0.0,0.0,0.45999765396118164,0.45999765396118164,0.45999765396118164
densenet121,top only,ridge,418,109,photos/top_view_images/P2160216.JPG,photos/side_view_images/P2160516.JPG,0.0,0.0,0.11577439308166504,0.11577439308166504,0.11577439308166504
densenet121,top only,ridge,419,110,photos/top_view_images/P3100642.JPG,photos/side_view_images/P2020002.JPG,0.0,0.0,0.15475797653198242,0.15475797653198242,0.15475797653198242
densenet121,top only,elasticnet,0,1,photos/top_view_images/P2260331.JPG,photos/side_view_images/P2260685.JPG,1.06,1.06,0.9874249696731567,-0.07257503032684332,0.07257503032684332
densenet121,top only,elasticnet,1,1,photos/top_view_images/P2260332.JPG,photos/side_view_images/P2260686.JPG,2.12,2.12,1.9151668548583984,-0.20483314514160167,0.20483314514160167
densenet121,top only,elasticnet,2,1,photos/top_view_images/P2260333.JPG,photos/side_view_images/P2260687.JPG,3.18,3.18,2.848215341567993,-0.331784658432007,0.331784658432007
densenet121,top only,elasticnet,3,1,photos/top_view_images/P2260334.JPG,photos/side_view_images/P2260688.JPG,4.24,4.24,3.8758797645568848,-0.36412023544311545,0.36412023544311545
densenet121,top only,elasticnet,4,2,photos/top_view_images/P2260335.JPG,photos/side_view_images/P2260689.JPG,1.06,1.06,1.0861122608184814,0.026112260818481392,0.026112260818481392
densenet121,top only,elasticnet,5,2,photos/top_view_images/P2260336.JPG,photos/side_view_images/P2260690.JPG,2.12,2.12,2.192513942718506,0.07251394271850575,0.07251394271850575
densenet121,top only,elasticnet,6,2,photos/top_view_images/P2260337.JPG,photos/side_view_images/P2260692.JPG,3.18,3.18,3.578780174255371,0.39878017425537093,0.39878017425537093
densenet121,top only,elasticnet,7,2,photos/top_view_images/P2260339.JPG,photos/side_view_images/P2260693.JPG,4.24,4.24,4.642570972442627,0.40257097244262674,0.40257097244262674
densenet121,top only,elasticnet,8,3,photos/top_view_images/P2260340.JPG,photos/side_view_images/P2260694.JPG,1.06,1.06,1.511205792427063,0.45120579242706293,0.45120579242706293
densenet121,top only,elasticnet,9,3,photos/top_view_images/P2260341.JPG,photos/side_view_images/P2260695.JPG,2.12,2.12,2.4909632205963135,0.37096322059631337,0.37096322059631337
densenet121,top only,elasticnet,10,3,photos/top_view_images/P2260342.JPG,photos/side_view_images/P2260696.JPG,3.18,3.18,3.271329402923584,0.09132940292358382,0.09132940292358382
densenet121,top only,elasticnet,11,3,photos/top_view_images/P2260343.JPG,photos/side_view_images/P2260697.JPG,4.24,4.24,4.246316909790039,0.006316909790038849,0.006316909790038849
densenet121,top only,elasticnet,12,4,photos/top_view_images/P2260345.JPG,photos/side_view_images/P2260699.JPG,1.06,1.06,1.2433106899261475,0.1833106899261474,0.1833106899261474
densenet121,top only,elasticnet,13,4,photos/top_view_images/P2260346.JPG,photos/side_view_images/P2260700.JPG,2.12,2.12,2.262423515319824,0.1424235153198241,0.1424235153198241
densenet121,top only,elasticnet,14,4,photos/top_view_images/P2260347.JPG,photos/side_view_images/P2260701.JPG,3.18,3.18,3.259260892868042,0.07926089286804183,0.07926089286804183
densenet121,top only,elasticnet,15,4,photos/top_view_images/P2260348.JPG,photos/side_view_images/P2260702.JPG,4.24,4.24,3.974860906600952,-0.26513909339904806,0.26513909339904806
densenet121,top only,elasticnet,16,5,photos/top_view_images/P2260349.JPG,photos/side_view_images/P2260703.JPG,1.06,1.06,1.0630112886428833,0.0030112886428832475,0.0030112886428832475
densenet121,top only,elasticnet,17,5,photos/top_view_images/P2260350.JPG,photos/side_view_images/P2260704.JPG,2.12,2.12,1.963874101638794,-0.15612589836120616,0.15612589836120616
densenet121,top only,elasticnet,18,5,photos/top_view_images/P2260351.JPG,photos/side_view_images/P2260705.JPG,3.18,3.18,3.518496513366699,0.33849651336669906,0.33849651336669906
densenet121,top only,elasticnet,19,5,photos/top_view_images/P2260352.JPG,photos/side_view_images/P2260706.JPG,4.24,4.24,5.1274871826171875,0.8874871826171873,0.8874871826171873
densenet121,top only,elasticnet,20,6,photos/top_view_images/P2270353.JPG,photos/side_view_images/P2270707.JPG,1.06,1.06,1.367232084274292,0.30723208427429194,0.30723208427429194
densenet121,top only,elasticnet,21,6,photos/top_view_images/P2270354.JPG,photos/side_view_images/P2270708.JPG,2.12,2.12,1.8250629901885986,-0.2949370098114015,0.2949370098114015
densenet121,top only,elasticnet,22,6,photos/top_view_images/P2270355.JPG,photos/side_view_images/P2270709.JPG,3.18,3.18,3.2326440811157227,0.052644081115722496,0.052644081115722496
densenet121,top only,elasticnet,23,6,photos/top_view_images/P2270356.JPG,photos/side_view_images/P2270710.JPG,4.24,4.24,4.012354850769043,-0.22764514923095724,0.22764514923095724
densenet121,top only,elasticnet,24,7,photos/top_view_images/P2270357.JPG,photos/side_view_images/P2270712.JPG,1.06,1.06,0.8293451070785522,-0.2306548929214478,0.2306548929214478
densenet121,top only,elasticnet,25,7,photos/top_view_images/P2270358.JPG,photos/side_view_images/P2270713.JPG,2.12,2.12,2.6395015716552734,0.5195015716552733,0.5195015716552733
densenet121,top only,elasticnet,26,7,photos/top_view_images/P2270359.JPG,photos/side_view_images/P2270714.JPG,3.18,3.18,2.855367660522461,-0.3246323394775392,0.3246323394775392
densenet121,top only,elasticnet,27,7,photos/top_view_images/P2270360.JPG,photos/side_view_images/P2270715.JPG,4.24,4.24,4.4543023109436035,0.2143023109436033,0.2143023109436033
densenet121,top only,elasticnet,28,8,photos/top_view_images/P2270361.JPG,photos/side_view_images/P2270716.JPG,1.06,1.06,0.9198238849639893,-0.1401761150360108,0.1401761150360108
densenet121,top only,elasticnet,29,8,photos/top_view_images/P2270362.JPG,photos/side_view_images/P2270717.JPG,2.12,2.12,2.1390395164489746,0.019039516448974503,0.019039516448974503
densenet121,top only,elasticnet,30,8,photos/top_view_images/P2270363.JPG,photos/side_view_images/P2270718.JPG,3.18,3.18,2.888195514678955,-0.2918044853210451,0.2918044853210451
densenet121,top only,elasticnet,31,8,photos/top_view_images/P2270364.JPG,photos/side_view_images/P2270719.JPG,4.24,4.24,3.4874932765960693,-0.7525067234039309,0.7525067234039309
densenet121,top only,elasticnet,32,9,photos/top_view_images/P2270365.JPG,photos/side_view_images/P2270720.JPG,1.06,1.06,1.236607313156128,0.17660731315612788,0.17660731315612788
densenet121,top only,elasticnet,33,9,photos/top_view_images/P2270366.JPG,photos/side_view_images/P2270721.JPG,2.12,2.12,2.29231333732605,0.1723133373260497,0.1723133373260497
densenet121,top only,elasticnet,34,9,photos/top_view_images/P2270367.JPG,photos/side_view_images/P2270722.JPG,3.18,3.18,3.220968246459961,0.04096824645996078,0.04096824645996078
densenet121,top only,elasticnet,35,9,photos/top_view_images/P2270368.JPG,photos/side_view_images/P2270723.JPG,4.24,4.24,4.020869731903076,-0.21913026809692404,0.21913026809692404
densenet121,top only,elasticnet,36,10,photos/top_view_images/P2270369.JPG,photos/side_view_images/P2270724.JPG,1.06,1.06,0.994011640548706,-0.065988359451294,0.065988359451294
densenet121,top only,elasticnet,37,10,photos/top_view_images/P2270370.JPG,photos/side_view_images/P2270725.JPG,2.12,2.12,1.8083246946334839,-0.3116753053665162,0.3116753053665162
densenet121,top only,elasticnet,38,10,photos/top_view_images/P2270371.JPG,photos/side_view_images/P2270726.JPG,3.18,3.18,2.472444534301758,-0.7075554656982423,0.7075554656982423
densenet121,top only,elasticnet,39,10,photos/top_view_images/P2270372.JPG,photos/side_view_images/P2270727.JPG,4.24,4.24,3.8918280601501465,-0.34817193984985373,0.34817193984985373
densenet121,top only,elasticnet,40,11,photos/top_view_images/P2270373.JPG,photos/side_view_images/P2270728.JPG,1.06,1.06,1.0447648763656616,-0.015235123634338432,0.015235123634338432
densenet121,top only,elasticnet,41,11,photos/top_view_images/P2270374.JPG,photos/side_view_images/P2270729.JPG,2.12,2.12,1.8548274040222168,-0.2651725959777833,0.2651725959777833
densenet121,top only,elasticnet,42,11,photos/top_view_images/P2270375.JPG,photos/side_view_images/P2270730.JPG,3.18,3.18,3.0297937393188477,-0.1502062606811525,0.1502062606811525
densenet121,top only,elasticnet,43,11,photos/top_view_images/P2270376.JPG,photos/side_view_images/P2270731.JPG,4.24,4.24,3.7586357593536377,-0.4813642406463625,0.4813642406463625
densenet121,top only,elasticnet,44,12,photos/top_view_images/P2270377.JPG,photos/side_view_images/P2270732.JPG,1.06,1.06,1.3714313507080078,0.31143135070800776,0.31143135070800776
densenet121,top only,elasticnet,45,12,photos/top_view_images/P2270378.JPG,photos/side_view_images/P2270733.JPG,2.12,2.12,2.7323036193847656,0.6123036193847655,0.6123036193847655
densenet121,top only,elasticnet,46,12,photos/top_view_images/P2270379.JPG,photos/side_view_images/P2270734.JPG,3.18,3.18,3.488170862197876,0.3081708621978758,0.3081708621978758
densenet121,top only,elasticnet,47,12,photos/top_view_images/P2270381.JPG,photos/side_view_images/P2270736.JPG,4.24,4.24,4.2522382736206055,0.012238273620605256,0.012238273620605256
densenet121,top only,elasticnet,48,13,photos/top_view_images/P2270383.JPG,photos/side_view_images/P2270737.JPG,1.06,1.06,1.1627471446990967,0.10274714469909663,0.10274714469909663
densenet121,top only,elasticnet,49,13,photos/top_view_images/P2270384.JPG,photos/side_view_images/P2270738.JPG,2.12,2.12,2.3377525806427,0.2177525806427001,0.2177525806427001
densenet121,top only,elasticnet,50,13,photos/top_view_images/P2270385.JPG,photos/side_view_images/P2270739.JPG,3.18,3.18,3.2407941818237305,0.06079418182373031,0.06079418182373031
densenet121,top only,elasticnet,51,14,photos/top_view_images/P3020386.JPG,photos/side_view_images/P3020741.JPG,1.06,1.06,1.0510082244873047,-0.008991775512695366,0.008991775512695366
densenet121,top only,elasticnet,52,14,photos/top_view_images/P3020387.JPG,photos/side_view_images/P3020742.JPG,2.12,2.12,2.1847493648529053,0.06474936485290517,0.06474936485290517
densenet121,top only,elasticnet,53,14,photos/top_view_images/P3020388.JPG,photos/side_view_images/P3020743.JPG,3.18,3.18,3.2290148735046387,0.04901487350463851,0.04901487350463851
densenet121,top only,elasticnet,54,14,photos/top_view_images/P3020389.JPG,photos/side_view_images/P3020744.JPG,4.24,4.24,4.076855182647705,-0.16314481735229514,0.16314481735229514
densenet121,top only,elasticnet,55,15,photos/top_view_images/P3020390.JPG,photos/side_view_images/P3020745.JPG,1.06,1.06,1.6594016551971436,0.5994016551971435,0.5994016551971435
densenet121,top only,elasticnet,56,15,photos/top_view_images/P3020391.JPG,photos/side_view_images/P3020746.JPG,2.12,2.12,2.3571009635925293,0.2371009635925292,0.2371009635925292
densenet121,top only,elasticnet,57,15,photos/top_view_images/P3020392.JPG,photos/side_view_images/P3020747.JPG,3.18,3.18,3.4836368560791016,0.3036368560791014,0.3036368560791014
densenet121,top only,elasticnet,58,15,photos/top_view_images/P3020393.JPG,photos/side_view_images/P3020748.JPG,4.24,4.24,4.110909938812256,-0.12909006118774435,0.12909006118774435
densenet121,top only,elasticnet,59,16,photos/top_view_images/P3020394.JPG,photos/side_view_images/P3020749.JPG,1.06,1.06,0.8963439464569092,-0.16365605354309087,0.16365605354309087
densenet121,top only,elasticnet,60,16,photos/top_view_images/P3020395.JPG,photos/side_view_images/P3020750.JPG,2.12,2.12,2.235964059829712,0.11596405982971181,0.11596405982971181
densenet121,top only,elasticnet,61,16,photos/top_view_images/P3020396.JPG,photos/side_view_images/P3020751.JPG,3.18,3.18,2.536168336868286,-0.643831663131714,0.643831663131714
densenet121,top only,elasticnet,62,16,photos/top_view_images/P3020397.JPG,photos/side_view_images/P3020752.JPG,4.24,4.24,3.551116943359375,-0.6888830566406252,0.6888830566406252
densenet121,top only,elasticnet,63,17,photos/top_view_images/P3020398.JPG,photos/side_view_images/P3020753.JPG,1.06,1.06,0.9283409118652344,-0.13165908813476568,0.13165908813476568
densenet121,top only,elasticnet,64,17,photos/top_view_images/P3020399.JPG,photos/side_view_images/P3020754.JPG,2.12,2.12,2.0530648231506348,-0.06693517684936534,0.06693517684936534
densenet121,top only,elasticnet,65,17,photos/top_view_images/P3020400.JPG,photos/side_view_images/P3020755.JPG,3.18,3.18,3.735093355178833,0.5550933551788328,0.5550933551788328
densenet121,top only,elasticnet,66,17,photos/top_view_images/P3020401.JPG,photos/side_view_images/P3020756.JPG,4.24,4.24,4.800060272216797,0.5600602722167967,0.5600602722167967
densenet121,top only,elasticnet,67,18,photos/top_view_images/P3020402.JPG,photos/side_view_images/P3020757.JPG,1.06,1.06,1.4400686025619507,0.38006860256195063,0.38006860256195063
densenet121,top only,elasticnet,68,18,photos/top_view_images/P3020403.JPG,photos/side_view_images/P3020758.JPG,2.12,2.12,2.260735511779785,0.14073551177978505,0.14073551177978505
densenet121,top only,elasticnet,69,18,photos/top_view_images/P3020404.JPG,photos/side_view_images/P3020759.JPG,3.18,3.18,3.1971616744995117,0.01716167449951156,0.01716167449951156
densenet121,top only,elasticnet,70,18,photos/top_view_images/P3020405.JPG,photos/side_view_images/P3020760.JPG,4.24,4.24,4.0332465171813965,-0.20675348281860373,0.20675348281860373
densenet121,top only,elasticnet,71,19,photos/top_view_images/P3020406.JPG,photos/side_view_images/P3020761.JPG,1.06,1.06,0.9700584411621094,-0.08994155883789068,0.08994155883789068
densenet121,top only,elasticnet,72,19,photos/top_view_images/P3020407.JPG,photos/side_view_images/P3020762.JPG,2.12,2.12,2.3062822818756104,0.18628228187561024,0.18628228187561024
densenet121,top only,elasticnet,73,19,photos/top_view_images/P3020408.JPG,photos/side_view_images/P3020763.JPG,3.18,3.18,3.156244993209839,-0.023755006790161293,0.023755006790161293
densenet121,top only,elasticnet,74,19,photos/top_view_images/P3020409.JPG,photos/side_view_images/P3020764.JPG,4.24,4.24,4.48464298248291,0.24464298248290994,0.24464298248290994
densenet121,top only,elasticnet,75,20,photos/top_view_images/P3020410.JPG,photos/side_view_images/P3020765.JPG,1.06,1.06,1.6129240989685059,0.5529240989685058,0.5529240989685058
densenet121,top only,elasticnet,76,20,photos/top_view_images/P3020411.JPG,photos/side_view_images/P3020766.JPG,2.12,2.12,2.2818360328674316,0.16183603286743153,0.16183603286743153
densenet121,top only,elasticnet,77,20,photos/top_view_images/P3020412.JPG,photos/side_view_images/P3020767.JPG,3.18,3.18,2.972379446029663,-0.20762055397033707,0.20762055397033707
densenet121,top only,elasticnet,78,20,photos/top_view_images/P3020413.JPG,photos/side_view_images/P3020768.JPG,4.24,4.24,4.072081565856934,-0.16791843414306662,0.16791843414306662
densenet121,top only,elasticnet,79,21,photos/top_view_images/P3020414.JPG,photos/side_view_images/P3020769.JPG,1.06,1.06,1.433228850364685,0.373228850364685,0.373228850364685
densenet121,top only,elasticnet,80,21,photos/top_view_images/P3020415.JPG,photos/side_view_images/P3020770.JPG,2.12,2.12,2.6752982139587402,0.5552982139587401,0.5552982139587401
densenet121,top only,elasticnet,81,21,photos/top_view_images/P3020416.JPG,photos/side_view_images/P3020771.JPG,3.18,3.18,3.184516429901123,0.004516429901122887,0.004516429901122887
densenet121,top only,elasticnet,82,21,photos/top_view_images/P3020417.JPG,photos/side_view_images/P3020772.JPG,4.24,4.24,3.6837210655212402,-0.55627893447876,0.55627893447876
densenet121,top only,elasticnet,83,22,photos/top_view_images/P3020418.JPG,photos/side_view_images/P3020773.JPG,1.06,1.06,0.7667994499206543,-0.29320055007934576,0.29320055007934576
densenet121,top only,elasticnet,84,22,photos/top_view_images/P3020419.JPG,photos/side_view_images/P3020774.JPG,2.12,2.12,1.7484936714172363,-0.3715063285827638,0.3715063285827638
densenet121,top only,elasticnet,85,22,photos/top_view_images/P3020420.JPG,photos/side_view_images/P3020775.JPG,3.18,3.18,3.107222318649292,-0.07277768135070817,0.07277768135070817
densenet121,top only,elasticnet,86,22,photos/top_view_images/P3020421.JPG,photos/side_view_images/P3020776.JPG,4.24,4.24,3.754101276397705,-0.48589872360229514,0.48589872360229514
densenet121,top only,elasticnet,87,23,photos/top_view_images/P3020422.JPG,photos/side_view_images/P3020777.JPG,1.06,1.06,1.2892487049102783,0.22924870491027827,0.22924870491027827
densenet121,top only,elasticnet,88,23,photos/top_view_images/P3020423.JPG,photos/side_view_images/P3020778.JPG,2.12,2.12,2.036935567855835,-0.08306443214416515,0.08306443214416515
densenet121,top only,elasticnet,89,23,photos/top_view_images/P3020424.JPG,photos/side_view_images/P3020779.JPG,3.18,3.18,3.2303991317749023,0.050399131774902184,0.050399131774902184
densenet121,top only,elasticnet,90,23,photos/top_view_images/P3020425.JPG,photos/side_view_images/P3020780.JPG,4.24,4.24,3.733597993850708,-0.5064020061492922,0.5064020061492922
densenet121,top only,elasticnet,91,24,photos/top_view_images/P3020426.JPG,photos/side_view_images/P3020781.JPG,1.06,1.06,0.9226346015930176,-0.13736539840698248,0.13736539840698248
densenet121,top only,elasticnet,92,24,photos/top_view_images/P3020427.JPG,photos/side_view_images/P3020782.JPG,2.12,2.12,2.222963333129883,0.1029633331298827,0.1029633331298827
densenet121,top only,elasticnet,93,24,photos/top_view_images/P3020428.JPG,photos/side_view_images/P3020783.JPG,3.18,3.18,2.8056371212005615,-0.37436287879943864,0.37436287879943864
densenet121,top only,elasticnet,94,24,photos/top_view_images/P3020429.JPG,photos/side_view_images/P3020784.JPG,4.24,4.24,3.781515598297119,-0.4584844017028811,0.4584844017028811
densenet121,top only,elasticnet,95,25,photos/top_view_images/P3020430.JPG,photos/side_view_images/P3020785.JPG,1.06,1.06,0.8975636959075928,-0.16243630409240728,0.16243630409240728
densenet121,top only,elasticnet,96,25,photos/top_view_images/P3020431.JPG,photos/side_view_images/P3020786.JPG,2.12,2.12,2.0466158390045166,-0.0733841609954835,0.0733841609954835
densenet121,top only,elasticnet,97,25,photos/top_view_images/P3020432.JPG,photos/side_view_images/P3020787.JPG,3.18,3.18,2.858274221420288,-0.3217257785797121,0.3217257785797121
densenet121,top only,elasticnet,98,25,photos/top_view_images/P3020433.JPG,photos/side_view_images/P3020788.JPG,4.24,4.24,3.7410459518432617,-0.4989540481567385,0.4989540481567385
densenet121,top only,elasticnet,99,26,photos/top_view_images/P3020434.JPG,photos/side_view_images/P3020789.JPG,1.06,1.06,1.6294348239898682,0.5694348239898681,0.5694348239898681
densenet121,top only,elasticnet,100,26,photos/top_view_images/P3020435.JPG,photos/side_view_images/P3020790.JPG,2.12,2.12,2.5833797454833984,0.46337974548339833,0.46337974548339833
densenet121,top only,elasticnet,101,26,photos/top_view_images/P3020436.JPG,photos/side_view_images/P3020791.JPG,3.18,3.18,4.035528182983398,0.8555281829833983,0.8555281829833983
densenet121,top only,elasticnet,102,26,photos/top_view_images/P3020437.JPG,photos/side_view_images/P3020792.JPG,4.24,4.24,4.965392112731934,0.7253921127319334,0.7253921127319334
densenet121,top only,elasticnet,103,27,photos/top_view_images/P3020438.JPG,photos/side_view_images/P3020793.JPG,1.06,1.06,1.1314895153045654,0.07148951530456538,0.07148951530456538
densenet121,top only,elasticnet,104,27,photos/top_view_images/P3020439.JPG,photos/side_view_images/P3020794.JPG,2.12,2.12,2.2004237174987793,0.08042371749877919,0.08042371749877919
densenet121,top only,elasticnet,105,27,photos/top_view_images/P3020440.JPG,photos/side_view_images/P3020795.JPG,3.18,3.18,3.2974820137023926,0.11748201370239242,0.11748201370239242
densenet121,top only,elasticnet,106,27,photos/top_view_images/P3020441.JPG,photos/side_view_images/P3020796.JPG,4.24,4.24,3.7642486095428467,-0.47575139045715353,0.47575139045715353
densenet121,top only,elasticnet,107,28,photos/top_view_images/P3030442.JPG,photos/side_view_images/P3030797.JPG,1.06,1.06,0.992274284362793,-0.06772571563720708,0.06772571563720708
densenet121,top only,elasticnet,108,28,photos/top_view_images/P3030443.JPG,photos/side_view_images/P3030798.JPG,2.12,2.12,2.360905885696411,0.24090588569641103,0.24090588569641103
densenet121,top only,elasticnet,109,28,photos/top_view_images/P3030444.JPG,photos/side_view_images/P3030799.JPG,3.18,3.18,2.9400229454040527,-0.23997705459594743,0.23997705459594743
densenet121,top only,elasticnet,110,28,photos/top_view_images/P3030445.JPG,photos/side_view_images/P3030800.JPG,4.24,4.24,3.9713311195373535,-0.2686688804626467,0.2686688804626467
densenet121,top only,elasticnet,111,29,photos/top_view_images/P3030446.JPG,photos/side_view_images/P3030801.JPG,1.06,1.06,1.347303867340088,0.28730386734008784,0.28730386734008784
densenet121,top only,elasticnet,112,29,photos/top_view_images/P3030447.JPG,photos/side_view_images/P3030802.JPG,2.12,2.12,2.42179012298584,0.30179012298583974,0.30179012298583974
densenet121,top only,elasticnet,113,29,photos/top_view_images/P3030448.JPG,photos/side_view_images/P3030803.JPG,3.18,3.18,3.731823682785034,0.551823682785034,0.551823682785034
densenet121,top only,elasticnet,114,29,photos/top_view_images/P3030449.JPG,photos/side_view_images/P3030804.JPG,4.24,4.24,4.734960556030273,0.4949605560302732,0.4949605560302732
densenet121,top only,elasticnet,115,30,photos/top_view_images/P3030450.JPG,photos/side_view_images/P3030805.JPG,1.06,1.06,1.9605462551116943,0.9005462551116943,0.9005462551116943
densenet121,top only,elasticnet,116,30,photos/top_view_images/P3030451.JPG,photos/side_view_images/P3030806.JPG,2.12,2.12,3.2409613132476807,1.1209613132476806,1.1209613132476806
densenet121,top only,elasticnet,117,30,photos/top_view_images/P3030452.JPG,photos/side_view_images/P3030807.JPG,3.18,3.18,3.525749921798706,0.3457499217987059,0.3457499217987059
densenet121,top only,elasticnet,118,30,photos/top_view_images/P3030453.JPG,photos/side_view_images/P3030808.JPG,4.24,4.24,4.209390163421631,-0.030609836578369354,0.030609836578369354
densenet121,top only,elasticnet,119,31,photos/top_view_images/P3030454.JPG,photos/side_view_images/P3030809.JPG,1.06,1.06,0.8428246974945068,-0.21717530250549322,0.21717530250549322
densenet121,top only,elasticnet,120,31,photos/top_view_images/P3030455.JPG,photos/side_view_images/P3030810.JPG,2.12,2.12,1.5173228979110718,-0.6026771020889283,0.6026771020889283
densenet121,top only,elasticnet,121,31,photos/top_view_images/P3030456.JPG,photos/side_view_images/P3030811.JPG,3.18,3.18,3.0026321411132812,-0.1773678588867189,0.1773678588867189
densenet121,top only,elasticnet,122,31,photos/top_view_images/P3030457.JPG,photos/side_view_images/P3030812.JPG,4.24,4.24,4.053542137145996,-0.18645786285400412,0.18645786285400412
densenet121,top only,elasticnet,123,32,photos/top_view_images/P3050458.JPG,photos/side_view_images/P3050813.JPG,1.06,1.06,1.7262736558914185,0.6662736558914184,0.6662736558914184
densenet121,top only,elasticnet,124,32,photos/top_view_images/P3050459.JPG,photos/side_view_images/P3050814.JPG,2.12,2.12,2.7697548866271973,0.6497548866271972,0.6497548866271972
densenet121,top only,elasticnet,125,32,photos/top_view_images/P3050460.JPG,photos/side_view_images/P3050815.JPG,3.18,3.18,3.514383316040039,0.3343833160400389,0.3343833160400389
densenet121,top only,elasticnet,126,32,photos/top_view_images/P3050462.JPG,photos/side_view_images/P3050817.JPG,4.24,4.24,3.828796863555908,-0.411203136444092,0.411203136444092
densenet121,top only,elasticnet,127,33,photos/top_view_images/P3050463.JPG,photos/side_view_images/P3050818.JPG,1.06,1.06,0.755281925201416,-0.30471807479858404,0.30471807479858404
densenet121,top only,elasticnet,128,33,photos/top_view_images/P3050464.JPG,photos/side_view_images/P3050819.JPG,2.12,2.12,1.8974196910858154,-0.22258030891418468,0.22258030891418468
densenet121,top only,elasticnet,129,34,photos/top_view_images/P3050467.JPG,photos/side_view_images/P3050823.JPG,1.06,1.06,1.779468297958374,0.719468297958374,0.719468297958374
densenet121,top only,elasticnet,130,34,photos/top_view_images/P3050468.JPG,photos/side_view_images/P3050824.JPG,2.12,2.12,3.1142373085021973,0.9942373085021972,0.9942373085021972
densenet121,top only,elasticnet,131,34,photos/top_view_images/P3050469.JPG,photos/side_view_images/P3050825.JPG,3.18,3.18,3.6392083168029785,0.45920831680297836,0.45920831680297836
densenet121,top only,elasticnet,132,34,photos/top_view_images/P3050470.JPG,photos/side_view_images/P3050826.JPG,4.24,4.24,4.102460861206055,-0.13753913879394553,0.13753913879394553
densenet121,top only,elasticnet,133,35,photos/top_view_images/P3050471.JPG,photos/side_view_images/P3050827.JPG,1.06,1.06,0.9225852489471436,-0.1374147510528565,0.1374147510528565
densenet121,top only,elasticnet,134,35,photos/top_view_images/P3050472.JPG,photos/side_view_images/P3050828.JPG,2.12,2.12,1.8358720541000366,-0.2841279458999635,0.2841279458999635
densenet121,top only,elasticnet,135,35,photos/top_view_images/P3050473.JPG,photos/side_view_images/P3050829.JPG,3.18,3.18,3.1582159996032715,-0.021784000396728675,0.021784000396728675
densenet121,top only,elasticnet,136,35,photos/top_view_images/P3050474.JPG,photos/side_view_images/P3050830.JPG,4.24,4.24,4.0595502853393555,-0.18044971466064474,0.18044971466064474
densenet121,top only,elasticnet,137,36,photos/top_view_images/P3050475.JPG,photos/side_view_images/P3050831.JPG,1.06,1.06,0.8723043203353882,-0.18769567966461187,0.18769567966461187
densenet121,top only,elasticnet,138,36,photos/top_view_images/P3050476.JPG,photos/side_view_images/P3050832.JPG,2.12,2.12,2.1043877601623535,-0.015612239837646591,0.015612239837646591
densenet121,top only,elasticnet,139,36,photos/top_view_images/P3050477.JPG,photos/side_view_images/P3050833.JPG,3.18,3.18,2.3412177562713623,-0.8387822437286379,0.8387822437286379
densenet121,top only,elasticnet,140,36,photos/top_view_images/P3050478.JPG,photos/side_view_images/P3050834.JPG,4.24,4.24,3.1123361587524414,-1.1276638412475588,1.1276638412475588
densenet121,top only,elasticnet,141,37,photos/top_view_images/P3050479.JPG,photos/side_view_images/P3050835.JPG,1.06,1.06,0.8847850561141968,-0.17521494388580328,0.17521494388580328
densenet121,top only,elasticnet,142,37,photos/top_view_images/P3050480.JPG,photos/side_view_images/P3050836.JPG,2.12,2.12,1.8095531463623047,-0.3104468536376954,0.3104468536376954
densenet121,top only,elasticnet,143,37,photos/top_view_images/P3050481.JPG,photos/side_view_images/P3050837.JPG,3.18,3.18,2.88374924659729,-0.2962507534027101,0.2962507534027101
densenet121,top only,elasticnet,144,37,photos/top_view_images/P3050482.JPG,photos/side_view_images/P3050838.JPG,4.24,4.24,3.955643892288208,-0.2843561077117922,0.2843561077117922
densenet121,top only,elasticnet,145,38,photos/top_view_images/P3050484.JPG,photos/side_view_images/P3050840.JPG,1.06,1.06,0.9836205244064331,-0.07637947559356695,0.07637947559356695
densenet121,top only,elasticnet,146,38,photos/top_view_images/P3050485.JPG,photos/side_view_images/P3050841.JPG,2.12,2.12,2.0813822746276855,-0.03861772537231456,0.03861772537231456
densenet121,top only,elasticnet,147,38,photos/top_view_images/P3050486.JPG,photos/side_view_images/P3050842.JPG,3.18,3.18,3.1396279335021973,-0.040372066497802894,0.040372066497802894
densenet121,top only,elasticnet,148,38,photos/top_view_images/P3050487.JPG,photos/side_view_images/P3050843.JPG,4.24,4.24,4.11953067779541,-0.12046932220459006,0.12046932220459006
densenet121,top only,elasticnet,149,39,photos/top_view_images/P3050488.JPG,photos/side_view_images/P3050844.JPG,1.06,1.06,1.338117241859436,0.278117241859436,0.278117241859436
densenet121,top only,elasticnet,150,39,photos/top_view_images/P3050489.JPG,photos/side_view_images/P3050845.JPG,2.12,2.12,2.4173583984375,0.2973583984374999,0.2973583984374999
densenet121,top only,elasticnet,151,39,photos/top_view_images/P3050490.JPG,photos/side_view_images/P3050846.JPG,3.18,3.18,3.503812313079834,0.3238123130798338,0.3238123130798338
densenet121,top only,elasticnet,152,39,photos/top_view_images/P3050491.JPG,photos/side_view_images/P3050847.JPG,4.24,4.24,4.591073036193848,0.35107303619384744,0.35107303619384744
densenet121,top only,elasticnet,153,40,photos/top_view_images/P3050492.JPG,photos/side_view_images/P3050848.JPG,1.06,1.06,1.5241464376449585,0.46414643764495844,0.46414643764495844
densenet121,top only,elasticnet,154,40,photos/top_view_images/P3050493.JPG,photos/side_view_images/P3050849.JPG,2.12,2.12,2.3703627586364746,0.2503627586364745,0.2503627586364745
densenet121,top only,elasticnet,155,40,photos/top_view_images/P3050494.JPG,photos/side_view_images/P3050850.JPG,3.18,3.18,3.154607057571411,-0.025392942428589027,0.025392942428589027
densenet121,top only,elasticnet,156,40,photos/top_view_images/P3050495.JPG,photos/side_view_images/P3050851.JPG,4.24,4.24,4.421244144439697,0.18124414443969705,0.18124414443969705
densenet121,top only,elasticnet,157,41,photos/top_view_images/P3050496.JPG,photos/side_view_images/P3050852.JPG,1.06,1.06,0.8280066251754761,-0.23199337482452398,0.23199337482452398
densenet121,top only,elasticnet,158,41,photos/top_view_images/P3050497.JPG,photos/side_view_images/P3050853.JPG,2.12,2.12,2.3361799716949463,0.21617997169494618,0.21617997169494618
densenet121,top only,elasticnet,159,41,photos/top_view_images/P3050498.JPG,photos/side_view_images/P3050854.JPG,3.18,3.18,3.831486463546753,0.6514864635467528,0.6514864635467528
densenet121,top only,elasticnet,160,41,photos/top_view_images/P3050499.JPG,photos/side_view_images/P3050855.JPG,4.24,4.24,4.580676555633545,0.3406765556335447,0.3406765556335447
densenet121,top only,elasticnet,161,42,photos/top_view_images/P3050500.JPG,photos/side_view_images/P3050857.JPG,2.12,2.12,2.189854860305786,0.06985486030578603,0.06985486030578603
densenet121,top only,elasticnet,162,42,photos/top_view_images/P3050501.JPG,photos/side_view_images/P3050858.JPG,3.18,3.18,3.379754066467285,0.199754066467285,0.199754066467285
densenet121,top only,elasticnet,163,43,photos/top_view_images/P3060503.JPG,photos/side_view_images/P3060859.JPG,1.06,1.06,1.0630179643630981,0.0030179643630980912,0.0030179643630980912
densenet121,top only,elasticnet,164,43,photos/top_view_images/P3060504.JPG,photos/side_view_images/P3060860.JPG,2.12,2.12,2.054980993270874,-0.06501900672912608,0.06501900672912608
densenet121,top only,elasticnet,165,43,photos/top_view_images/P3060505.JPG,photos/side_view_images/P3060861.JPG,3.18,3.18,3.1232857704162598,-0.056714229583740394,0.056714229583740394
densenet121,top only,elasticnet,166,43,photos/top_view_images/P3060506.JPG,photos/side_view_images/P3060862.JPG,4.24,4.24,3.6115200519561768,-0.6284799480438235,0.6284799480438235
densenet121,top only,elasticnet,167,44,photos/top_view_images/P3060507.JPG,photos/side_view_images/P3060863.JPG,1.06,1.06,0.996322751045227,-0.063677248954773,0.063677248954773
densenet121,top only,elasticnet,168,44,photos/top_view_images/P3060508.JPG,photos/side_view_images/P3060864.JPG,2.12,2.12,2.1244699954986572,0.00446999549865712,0.00446999549865712
densenet121,top only,elasticnet,169,44,photos/top_view_images/P3060509.JPG,photos/side_view_images/P3060865.JPG,3.18,3.18,3.113826274871826,-0.06617372512817399,0.06617372512817399
densenet121,top only,elasticnet,170,44,photos/top_view_images/P3060510.JPG,photos/side_view_images/P3060866.JPG,4.24,4.24,3.7253646850585938,-0.5146353149414065,0.5146353149414065
densenet121,top only,elasticnet,171,45,photos/top_view_images/P3060511.JPG,photos/side_view_images/P3060867.JPG,1.06,1.06,0.9299075603485107,-0.1300924396514893,0.1300924396514893
densenet121,top only,elasticnet,172,45,photos/top_view_images/P3060512.JPG,photos/side_view_images/P3060868.JPG,2.12,2.12,1.6545066833496094,-0.46549331665039073,0.46549331665039073
densenet121,top only,elasticnet,173,45,photos/top_view_images/P3060513.JPG,photos/side_view_images/P3060869.JPG,3.18,3.18,3.029874324798584,-0.15012567520141618,0.15012567520141618
densenet121,top only,elasticnet,174,45,photos/top_view_images/P3060514.JPG,photos/side_view_images/P3060870.JPG,4.24,4.24,3.926037311553955,-0.31396268844604514,0.31396268844604514
densenet121,top only,elasticnet,175,46,photos/top_view_images/P3060515.JPG,photos/side_view_images/P3060871.JPG,1.06,1.06,1.2407691478729248,0.18076914787292475,0.18076914787292475
densenet121,top only,elasticnet,176,46,photos/top_view_images/P3060516.JPG,photos/side_view_images/P3060872.JPG,2.12,2.12,2.1115663051605225,-0.008433694839477646,0.008433694839477646
densenet121,top only,elasticnet,177,46,photos/top_view_images/P3060517.JPG,photos/side_view_images/P3060873.JPG,3.18,3.18,3.1702747344970703,-0.009725265502929847,0.009725265502929847
densenet121,top only,elasticnet,178,46,photos/top_view_images/P3060518.JPG,photos/side_view_images/P3060874.JPG,4.24,4.24,3.661538600921631,-0.5784613990783694,0.5784613990783694
densenet121,top only,elasticnet,179,47,photos/top_view_images/P3060519.JPG,photos/side_view_images/P3060875.JPG,1.06,1.06,1.1510863304138184,0.0910863304138183,0.0910863304138183
densenet121,top only,elasticnet,180,47,photos/top_view_images/P3060520.JPG,photos/side_view_images/P3060876.JPG,2.12,2.12,2.359943151473999,0.23994315147399892,0.23994315147399892
densenet121,top only,elasticnet,181,47,photos/top_view_images/P3060521.JPG,photos/side_view_images/P3060877.JPG,3.18,3.18,2.7364277839660645,-0.4435722160339357,0.4435722160339357
densenet121,top only,elasticnet,182,47,photos/top_view_images/P3060522.JPG,photos/side_view_images/P3060878.JPG,4.24,4.24,3.290872573852539,-0.9491274261474612,0.9491274261474612
densenet121,top only,elasticnet,183,48,photos/top_view_images/P3060523.JPG,photos/side_view_images/P3060879.JPG,1.06,1.06,1.6021798849105835,0.5421798849105834,0.5421798849105834
densenet121,top only,elasticnet,184,48,photos/top_view_images/P3060524.JPG,photos/side_view_images/P3060880.JPG,2.12,2.12,2.3527848720550537,0.2327848720550536,0.2327848720550536
densenet121,top only,elasticnet,185,48,photos/top_view_images/P3060525.JPG,photos/side_view_images/P3060881.JPG,3.18,3.18,2.90449595451355,-0.27550404548645036,0.27550404548645036
densenet121,top only,elasticnet,186,48,photos/top_view_images/P3060526.JPG,photos/side_view_images/P3060882.JPG,4.24,4.24,3.6388752460479736,-0.6011247539520266,0.6011247539520266
densenet121,top only,elasticnet,187,49,photos/top_view_images/P3060527.JPG,photos/side_view_images/P3060883.JPG,1.06,1.06,1.0104012489318848,-0.04959875106811529,0.04959875106811529
densenet121,top only,elasticnet,188,49,photos/top_view_images/P3060528.JPG,photos/side_view_images/P3060884.JPG,2.12,2.12,2.0974597930908203,-0.022540206909179794,0.022540206909179794
densenet121,top only,elasticnet,189,49,photos/top_view_images/P3060529.JPG,photos/side_view_images/P3060885.JPG,3.18,3.18,3.4372057914733887,0.2572057914733885,0.2572057914733885
densenet121,top only,elasticnet,190,49,photos/top_view_images/P3060530.JPG,photos/side_view_images/P3060886.JPG,4.24,4.24,3.9220800399780273,-0.31791996002197287,0.31791996002197287
densenet121,top only,elasticnet,191,50,photos/top_view_images/P3060531.JPG,photos/side_view_images/P3060887.JPG,1.06,1.06,1.3897244930267334,0.32972449302673335,0.32972449302673335
densenet121,top only,elasticnet,192,50,photos/top_view_images/P3060532.JPG,photos/side_view_images/P3060888.JPG,2.12,2.12,2.4058871269226074,0.2858871269226073,0.2858871269226073
densenet121,top only,elasticnet,193,50,photos/top_view_images/P3060533.JPG,photos/side_view_images/P3060889.JPG,3.18,3.18,3.7510838508605957,0.5710838508605955,0.5710838508605955
densenet121,top only,elasticnet,194,50,photos/top_view_images/P3060534.JPG,photos/side_view_images/P3060890.JPG,4.24,4.24,4.471198558807373,0.23119855880737283,0.23119855880737283
densenet121,top only,elasticnet,195,51,photos/top_view_images/P3060535.JPG,photos/side_view_images/P3060891.JPG,1.06,1.06,0.96952223777771,-0.09047776222229009,0.09047776222229009
densenet121,top only,elasticnet,196,51,photos/top_view_images/P3060536.JPG,photos/side_view_images/P3060892.JPG,2.12,2.12,1.8073318004608154,-0.3126681995391847,0.3126681995391847
densenet121,top only,elasticnet,197,51,photos/top_view_images/P3060537.JPG,photos/side_view_images/P3060893.JPG,3.18,3.18,3.0891294479370117,-0.09087055206298844,0.09087055206298844
densenet121,top only,elasticnet,198,51,photos/top_view_images/P3060538.JPG,photos/side_view_images/P3060894.JPG,4.24,4.24,3.803133487701416,-0.4368665122985842,0.4368665122985842
densenet121,top only,elasticnet,199,52,photos/top_view_images/P3060539.JPG,photos/side_view_images/P3060895.JPG,1.06,1.06,1.0820982456207275,0.022098245620727486,0.022098245620727486
densenet121,top only,elasticnet,200,52,photos/top_view_images/P3060540.JPG,photos/side_view_images/P3060896.JPG,2.12,2.12,2.884014129638672,0.7640141296386718,0.7640141296386718
densenet121,top only,elasticnet,201,52,photos/top_view_images/P3060541.JPG,photos/side_view_images/P3060897.JPG,3.18,3.18,3.2361512184143066,0.05615121841430648,0.05615121841430648
densenet121,top only,elasticnet,202,52,photos/top_view_images/P3060542.JPG,photos/side_view_images/P3060898.JPG,4.24,4.24,4.030693054199219,-0.20930694580078146,0.20930694580078146
densenet121,top only,elasticnet,203,53,photos/top_view_images/P3060543.JPG,photos/side_view_images/P3060899.JPG,1.06,1.06,1.3257358074188232,0.2657358074188232,0.2657358074188232
densenet121,top only,elasticnet,204,53,photos/top_view_images/P3060544.JPG,photos/side_view_images/P3060900.JPG,2.12,2.12,2.4926066398620605,0.37260663986206044,0.37260663986206044
densenet121,top only,elasticnet,205,53,photos/top_view_images/P3060545.JPG,photos/side_view_images/P3060901.JPG,3.18,3.18,3.181217908859253,0.0012179088592527698,0.0012179088592527698
densenet121,top only,elasticnet,206,53,photos/top_view_images/P3060546.JPG,photos/side_view_images/P3060902.JPG,4.24,4.24,3.6690595149993896,-0.5709404850006106,0.5709404850006106
densenet121,top only,elasticnet,207,54,photos/top_view_images/P3060547.JPG,photos/side_view_images/P3060903.JPG,1.06,1.06,1.8221018314361572,0.7621018314361572,0.7621018314361572
densenet121,top only,elasticnet,208,54,photos/top_view_images/P3060548.JPG,photos/side_view_images/P3060904.JPG,2.12,2.12,2.7164392471313477,0.5964392471313475,0.5964392471313475
densenet121,top only,elasticnet,209,54,photos/top_view_images/P3060549.JPG,photos/side_view_images/P3060905.JPG,3.18,3.18,3.402143955230713,0.22214395523071273,0.22214395523071273
densenet121,top only,elasticnet,210,55,photos/top_view_images/P3060550.JPG,photos/side_view_images/P3060906.JPG,1.06,1.06,1.489755392074585,0.4297553920745849,0.4297553920745849
densenet121,top only,elasticnet,211,55,photos/top_view_images/P3060551.JPG,photos/side_view_images/P3060907.JPG,2.12,2.12,2.2220354080200195,0.10203540802001942,0.10203540802001942
densenet121,top only,elasticnet,212,55,photos/top_view_images/P3060552.JPG,photos/side_view_images/P3060908.JPG,3.18,3.18,3.3493950366973877,0.16939503669738754,0.16939503669738754
densenet121,top only,elasticnet,213,55,photos/top_view_images/P3060553.JPG,photos/side_view_images/P3060909.JPG,4.24,4.24,4.422065734863281,0.18206573486328104,0.18206573486328104
densenet121,top only,elasticnet,214,56,photos/top_view_images/P3060554.JPG,photos/side_view_images/P3060910.JPG,1.06,1.06,0.9884321689605713,-0.07156783103942876,0.07156783103942876
densenet121,top only,elasticnet,215,56,photos/top_view_images/P3060555.JPG,photos/side_view_images/P3060911.JPG,2.12,2.12,2.524862289428711,0.40486228942871083,0.40486228942871083
densenet121,top only,elasticnet,216,56,photos/top_view_images/P3060556.JPG,photos/side_view_images/P3060912.JPG,3.18,3.18,2.8588201999664307,-0.3211798000335695,0.3211798000335695
densenet121,top only,elasticnet,217,57,photos/top_view_images/P3090558.JPG,photos/side_view_images/P3090914.JPG,1.06,1.06,0.9416964054107666,-0.11830359458923345,0.11830359458923345
densenet121,top only,elasticnet,218,57,photos/top_view_images/P3090559.JPG,photos/side_view_images/P3090915.JPG,2.12,2.12,1.8015743494033813,-0.31842565059661876,0.31842565059661876
densenet121,top only,elasticnet,219,57,photos/top_view_images/P3090560.JPG,photos/side_view_images/P3090916.JPG,3.18,3.18,2.5586202144622803,-0.6213797855377199,0.6213797855377199
densenet121,top only,elasticnet,220,57,photos/top_view_images/P3090561.JPG,photos/side_view_images/P3090917.JPG,4.24,4.24,4.126374244689941,-0.1136257553100588,0.1136257553100588
densenet121,top only,elasticnet,221,58,photos/top_view_images/P3090562.JPG,photos/side_view_images/P3090918.JPG,1.06,1.06,1.1943016052246094,0.13430160522460932,0.13430160522460932
densenet121,top only,elasticnet,222,58,photos/top_view_images/P3090563.JPG,photos/side_view_images/P3090919.JPG,2.12,2.12,2.1120893955230713,-0.007910604476928818,0.007910604476928818
densenet121,top only,elasticnet,223,58,photos/top_view_images/P3090564.JPG,photos/side_view_images/P3090920.JPG,3.18,3.18,3.3671975135803223,0.1871975135803221,0.1871975135803221
densenet121,top only,elasticnet,224,58,photos/top_view_images/P3090565.JPG,photos/side_view_images/P3090921.JPG,4.24,4.24,4.106087684631348,-0.13391231536865256,0.13391231536865256
densenet121,top only,elasticnet,225,59,photos/top_view_images/P3090566.JPG,photos/side_view_images/P3090922.JPG,1.06,1.06,1.2555792331695557,0.1955792331695556,0.1955792331695556
densenet121,top only,elasticnet,226,59,photos/top_view_images/P3090567.JPG,photos/side_view_images/P3090923.JPG,2.12,2.12,2.164130687713623,0.04413068771362294,0.04413068771362294
densenet121,top only,elasticnet,227,59,photos/top_view_images/P3090568.JPG,photos/side_view_images/P3090924.JPG,3.18,3.18,3.1570146083831787,-0.02298539161682145,0.02298539161682145
densenet121,top only,elasticnet,228,59,photos/top_view_images/P3090569.JPG,photos/side_view_images/P3090925.JPG,4.24,4.24,3.780693769454956,-0.45930623054504416,0.45930623054504416
densenet121,top only,elasticnet,229,60,photos/top_view_images/P3090570.JPG,photos/side_view_images/P3090926.JPG,1.06,1.06,0.8673772811889648,-0.1926227188110352,0.1926227188110352
densenet121,top only,elasticnet,230,60,photos/top_view_images/P3090571.JPG,photos/side_view_images/P3090927.JPG,2.12,2.12,1.7757834196090698,-0.3442165803909303,0.3442165803909303
densenet121,top only,elasticnet,231,60,photos/top_view_images/P3090572.JPG,photos/side_view_images/P3090928.JPG,3.18,3.18,2.3852479457855225,-0.7947520542144777,0.7947520542144777
densenet121,top only,elasticnet,232,60,photos/top_view_images/P3090573.JPG,photos/side_view_images/P3090929.JPG,4.24,4.24,3.8747305870056152,-0.365269412994385,0.365269412994385
densenet121,top only,elasticnet,233,61,photos/top_view_images/P3090574.JPG,photos/side_view_images/P3090930.JPG,1.06,1.06,0.8819258213043213,-0.17807417869567876,0.17807417869567876
densenet121,top only,elasticnet,234,61,photos/top_view_images/P3090575.JPG,photos/side_view_images/P3090931.JPG,2.12,2.12,2.0247013568878174,-0.09529864311218272,0.09529864311218272
densenet121,top only,elasticnet,235,61,photos/top_view_images/P3090576.JPG,photos/side_view_images/P3090932.JPG,3.18,3.18,2.8585524559020996,-0.32144754409790055,0.32144754409790055
densenet121,top only,elasticnet,236,61,photos/top_view_images/P3090577.JPG,photos/side_view_images/P3090933.JPG,4.24,4.24,3.9837303161621094,-0.25626968383789084,0.25626968383789084
densenet121,top only,elasticnet,237,62,photos/top_view_images/P3090578.JPG,photos/side_view_images/P3090934.JPG,1.06,1.06,1.5670456886291504,0.5070456886291503,0.5070456886291503
densenet121,top only,elasticnet,238,62,photos/top_view_images/P3090579.JPG,photos/side_view_images/P3090935.JPG,2.12,2.12,2.3172824382781982,0.19728243827819814,0.19728243827819814
densenet121,top only,elasticnet,239,62,photos/top_view_images/P3090580.JPG,photos/side_view_images/P3090936.JPG,3.18,3.18,3.473200798034668,0.2932007980346678,0.2932007980346678
densenet121,top only,elasticnet,240,62,photos/top_view_images/P3090581.JPG,photos/side_view_images/P3090937.JPG,4.24,4.24,4.140145301818848,-0.09985469818115256,0.09985469818115256
densenet121,top only,elasticnet,241,63,photos/top_view_images/P3090582.JPG,photos/side_view_images/P3090938.JPG,1.06,1.06,1.1354069709777832,0.07540697097778315,0.07540697097778315
densenet121,top only,elasticnet,242,63,photos/top_view_images/P3090583.JPG,photos/side_view_images/P3090939.JPG,3.18,3.18,3.5728561878204346,0.3928561878204344,0.3928561878204344
densenet121,top only,elasticnet,243,63,photos/top_view_images/P3090584.JPG,photos/side_view_images/P3090940.JPG,4.24,4.24,4.487318515777588,0.24731851577758768,0.24731851577758768
densenet121,top only,elasticnet,244,64,photos/top_view_images/P3090585.JPG,photos/side_view_images/P3090941.JPG,1.06,1.06,1.991137981414795,0.9311379814147949,0.9311379814147949
densenet121,top only,elasticnet,245,64,photos/top_view_images/P3090586.JPG,photos/side_view_images/P3090942.JPG,2.12,2.12,2.347498893737793,0.22749889373779286,0.22749889373779286
densenet121,top only,elasticnet,246,64,photos/top_view_images/P3090587.JPG,photos/side_view_images/P3090943.JPG,3.18,3.18,3.121140480041504,-0.058859519958496254,0.058859519958496254
densenet121,top only,elasticnet,247,64,photos/top_view_images/P3090588.JPG,photos/side_view_images/P3090944.JPG,4.24,4.24,3.569617509841919,-0.6703824901580813,0.6703824901580813
densenet121,top only,elasticnet,248,65,photos/top_view_images/P3090589.JPG,photos/side_view_images/P3090945.JPG,1.06,1.06,0.7967488765716553,-0.2632511234283448,0.2632511234283448
densenet121,top only,elasticnet,249,65,photos/top_view_images/P3090590.JPG,photos/side_view_images/P3090946.JPG,2.12,2.12,1.9841489791870117,-0.1358510208129884,0.1358510208129884
densenet121,top only,elasticnet,250,65,photos/top_view_images/P3090591.JPG,photos/side_view_images/P3090947.JPG,3.18,3.18,3.7233920097351074,0.5433920097351073,0.5433920097351073
densenet121,top only,elasticnet,251,65,photos/top_view_images/P3090592.JPG,photos/side_view_images/P3090948.JPG,4.24,4.24,5.31328010559082,1.07328010559082,1.07328010559082
densenet121,top only,elasticnet,252,66,photos/top_view_images/P3090593.JPG,photos/side_view_images/P3090949.JPG,1.06,1.06,1.467867374420166,0.40786737442016596,0.40786737442016596
densenet121,top only,elasticnet,253,66,photos/top_view_images/P3090594.JPG,photos/side_view_images/P3090950.JPG,2.12,2.12,2.858152151107788,0.738152151107788,0.738152151107788
densenet121,top only,elasticnet,254,66,photos/top_view_images/P3090596.JPG,photos/side_view_images/P3090952.JPG,3.18,3.18,3.094196319580078,-0.08580368041992203,0.08580368041992203
densenet121,top only,elasticnet,255,66,photos/top_view_images/P3090597.JPG,photos/side_view_images/P3090953.JPG,4.24,4.24,3.955026626586914,-0.28497337341308615,0.28497337341308615
densenet121,top only,elasticnet,256,67,photos/top_view_images/P3090598.JPG,photos/side_view_images/P3090954.JPG,1.06,1.06,1.1988890171051025,0.13888901710510249,0.13888901710510249
densenet121,top only,elasticnet,257,67,photos/top_view_images/P3090599.JPG,photos/side_view_images/P3090955.JPG,2.12,2.12,1.9116744995117188,-0.20832550048828136,0.20832550048828136
densenet121,top only,elasticnet,258,67,photos/top_view_images/P3090600.JPG,photos/side_view_images/P3090956.JPG,3.18,3.18,3.352761745452881,0.1727617454528807,0.1727617454528807
densenet121,top only,elasticnet,259,67,photos/top_view_images/P3090601.JPG,photos/side_view_images/P3090957.JPG,4.24,4.24,4.100904941558838,-0.13909505844116232,0.13909505844116232
densenet121,top only,elasticnet,260,68,photos/top_view_images/P3090602.JPG,photos/side_view_images/P3090958.JPG,1.06,1.06,1.5964117050170898,0.5364117050170898,0.5364117050170898
densenet121,top only,elasticnet,261,68,photos/top_view_images/P3090603.JPG,photos/side_view_images/P3090959.JPG,2.12,2.12,2.427598714828491,0.3075987148284911,0.3075987148284911
densenet121,top only,elasticnet,262,68,photos/top_view_images/P3090604.JPG,photos/side_view_images/P3090960.JPG,3.18,3.18,3.4162395000457764,0.2362395000457762,0.2362395000457762
densenet121,top only,elasticnet,263,68,photos/top_view_images/P3090605.JPG,photos/side_view_images/P3090961.JPG,4.24,4.24,4.45943546295166,0.21943546295165994,0.21943546295165994
densenet121,top only,elasticnet,264,69,photos/top_view_images/P3090606.JPG,photos/side_view_images/P3090962.JPG,1.06,1.06,1.1574761867523193,0.09747618675231928,0.09747618675231928
densenet121,top only,elasticnet,265,69,photos/top_view_images/P3090607.JPG,photos/side_view_images/P3090963.JPG,2.12,2.12,2.516378164291382,0.39637816429138173,0.39637816429138173
densenet121,top only,elasticnet,266,69,photos/top_view_images/P3090608.JPG,photos/side_view_images/P3090964.JPG,3.18,3.18,2.9644370079040527,-0.21556299209594743,0.21556299209594743
densenet121,top only,elasticnet,267,69,photos/top_view_images/P3090609.JPG,photos/side_view_images/P3090965.JPG,4.24,4.24,4.182211875915527,-0.05778812408447287,0.05778812408447287
densenet121,top only,elasticnet,268,70,photos/top_view_images/P3090610.JPG,photos/side_view_images/P3090966.JPG,1.06,1.06,0.7559938430786133,-0.30400615692138677,0.30400615692138677
densenet121,top only,elasticnet,269,70,photos/top_view_images/P3090612.JPG,photos/side_view_images/P3090967.JPG,2.12,2.12,2.2380309104919434,0.11803091049194325,0.11803091049194325
densenet121,top only,elasticnet,270,70,photos/top_view_images/P3090613.JPG,photos/side_view_images/P3090968.JPG,3.18,3.18,2.56638240814209,-0.6136175918579103,0.6136175918579103
densenet121,top only,elasticnet,271,70,photos/top_view_images/P3090614.JPG,photos/side_view_images/P3090969.JPG,4.24,4.24,3.923496723175049,-0.3165032768249514,0.3165032768249514
densenet121,top only,elasticnet,272,71,photos/top_view_images/P3090615.JPG,photos/side_view_images/P3090970.JPG,1.06,1.06,1.110091209411621,0.05009120941162104,0.05009120941162104
densenet121,top only,elasticnet,273,71,photos/top_view_images/P3090616.JPG,photos/side_view_images/P3090971.JPG,2.12,2.12,1.9520258903503418,-0.1679741096496583,0.1679741096496583
densenet121,top only,elasticnet,274,71,photos/top_view_images/P3090617.JPG,photos/side_view_images/P3090972.JPG,3.18,3.18,3.00508451461792,-0.17491548538208024,0.17491548538208024
densenet121,top only,elasticnet,275,71,photos/top_view_images/P3090618.JPG,photos/side_view_images/P3090973.JPG,4.24,4.24,4.348756313323975,0.1087563133239744,0.1087563133239744
densenet121,top only,elasticnet,276,72,photos/top_view_images/P3090619.JPG,photos/side_view_images/P3090974.JPG,1.06,1.06,0.8814339637756348,-0.1785660362243653,0.1785660362243653
densenet121,top only,elasticnet,277,72,photos/top_view_images/P3090620.JPG,photos/side_view_images/P3090975.JPG,2.12,2.12,1.6601759195327759,-0.4598240804672242,0.4598240804672242
densenet121,top only,elasticnet,278,72,photos/top_view_images/P3090621.JPG,photos/side_view_images/P3090976.JPG,3.18,3.18,2.7348883152008057,-0.4451116847991945,0.4451116847991945
densenet121,top only,elasticnet,279,72,photos/top_view_images/P3090622.JPG,photos/side_view_images/P3090977.JPG,4.24,4.24,3.259073257446289,-0.9809267425537112,0.9809267425537112
densenet121,top only,elasticnet,280,73,photos/top_view_images/P3090623.JPG,photos/side_view_images/P3090978.JPG,1.06,1.06,1.095815658569336,0.035815658569335884,0.035815658569335884
densenet121,top only,elasticnet,281,73,photos/top_view_images/P3090624.JPG,photos/side_view_images/P3090979.JPG,2.12,2.12,2.3566842079162598,0.23668420791625966,0.23668420791625966
densenet121,top only,elasticnet,282,73,photos/top_view_images/P3090625.JPG,photos/side_view_images/P3090980.JPG,3.18,3.18,3.0871963500976562,-0.09280364990234391,0.09280364990234391
densenet121,top only,elasticnet,283,73,photos/top_view_images/P3090626.JPG,photos/side_view_images/P3090981.JPG,4.24,4.24,3.6415109634399414,-0.5984890365600588,0.5984890365600588
densenet121,top only,elasticnet,284,74,photos/top_view_images/P3090627.JPG,photos/side_view_images/P3090982.JPG,1.06,1.06,1.0306286811828613,-0.029371318817138725,0.029371318817138725
densenet121,top only,elasticnet,285,74,photos/top_view_images/P3090628.JPG,photos/side_view_images/P3090983.JPG,2.12,2.12,2.4522104263305664,0.3322104263305663,0.3322104263305663
densenet121,top only,elasticnet,286,74,photos/top_view_images/P3090629.JPG,photos/side_view_images/P3090984.JPG,3.18,3.18,3.276050329208374,0.09605032920837386,0.09605032920837386
densenet121,top only,elasticnet,287,74,photos/top_view_images/P3090630.JPG,photos/side_view_images/P3090985.JPG,4.24,4.24,4.530272006988525,0.2902720069885252,0.2902720069885252
densenet121,top only,elasticnet,288,75,photos/top_view_images/P3100631.JPG,photos/side_view_images/P3100986.JPG,1.06,1.06,1.114729642868042,0.05472964286804194,0.05472964286804194
densenet121,top only,elasticnet,289,75,photos/top_view_images/P3100632.JPG,photos/side_view_images/P3100987.JPG,2.12,2.12,2.1232070922851562,0.0032070922851561434,0.0032070922851561434
densenet121,top only,elasticnet,290,75,photos/top_view_images/P3100633.JPG,photos/side_view_images/P3100988.JPG,3.18,3.18,3.222707986831665,0.04270798683166488,0.04270798683166488
densenet121,top only,elasticnet,291,75,photos/top_view_images/P3100634.JPG,photos/side_view_images/P3100989.JPG,4.24,4.24,4.254549026489258,0.0145490264892576,0.0145490264892576
densenet121,top only,elasticnet,292,76,photos/top_view_images/P3100635.JPG,photos/side_view_images/P3100990.JPG,1.06,1.06,1.4144561290740967,0.3544561290740966,0.3544561290740966
densenet121,top only,elasticnet,293,76,photos/top_view_images/P3100636.JPG,photos/side_view_images/P3100991.JPG,2.12,2.12,2.3007946014404297,0.18079460144042958,0.18079460144042958
densenet121,top only,elasticnet,294,76,photos/top_view_images/P3100637.JPG,photos/side_view_images/P3100992.JPG,3.18,3.18,3.5569376945495605,0.3769376945495604,0.3769376945495604
densenet121,top only,elasticnet,295,76,photos/top_view_images/P3100638.JPG,photos/side_view_images/P3100993.JPG,4.24,4.24,4.7806291580200195,0.5406291580200193,0.5406291580200193
densenet121,top only,elasticnet,296,77,photos/top_view_images/P3100639.JPG,photos/side_view_images/P3100994.JPG,1.06,1.06,0.8234350681304932,-0.2365649318695069,0.2365649318695069
densenet121,top only,elasticnet,297,77,photos/top_view_images/P3100640.JPG,photos/side_view_images/P3100995.JPG,2.12,2.12,1.6519932746887207,-0.4680067253112794,0.4680067253112794
densenet121,top only,elasticnet,298,77,photos/top_view_images/P3100641.JPG,photos/side_view_images/P3100996.JPG,3.18,3.18,3.660456657409668,0.4804566574096678,0.4804566574096678
densenet121,top only,elasticnet,299,78,photos/top_view_images/P3100643.JPG,photos/side_view_images/P3100997.JPG,1.06,1.06,1.020686149597168,-0.039313850402832085,0.039313850402832085
densenet121,top only,elasticnet,300,78,photos/top_view_images/P3100644.JPG,photos/side_view_images/P3100998.JPG,2.12,2.12,2.0745182037353516,-0.045481796264648544,0.045481796264648544
densenet121,top only,elasticnet,301,78,photos/top_view_images/P3100645.JPG,photos/side_view_images/P3100999.JPG,3.18,3.18,3.107828140258789,-0.0721718597412111,0.0721718597412111
densenet121,top only,elasticnet,302,78,photos/top_view_images/P3100646.JPG,photos/side_view_images/P3101000.JPG,4.24,4.24,4.097286224365234,-0.14271377563476584,0.14271377563476584
densenet121,top only,elasticnet,303,79,photos/top_view_images/P3100647.JPG,photos/side_view_images/P3101001.JPG,1.06,1.06,1.1729005575180054,0.11290055751800532,0.11290055751800532
densenet121,top only,elasticnet,304,79,photos/top_view_images/P3100648.JPG,photos/side_view_images/P3101002.JPG,2.12,2.12,2.993812084197998,0.8738120841979979,0.8738120841979979
densenet121,top only,elasticnet,305,79,photos/top_view_images/P3100649.JPG,photos/side_view_images/P3101003.JPG,3.18,3.18,4.313389778137207,1.1333897781372069,1.1333897781372069
densenet121,top only,elasticnet,306,80,photos/top_view_images/P3100650.JPG,photos/side_view_images/P3101004.JPG,1.06,1.06,1.6705294847488403,0.6105294847488403,0.6105294847488403
densenet121,top only,elasticnet,307,80,photos/top_view_images/P3100651.JPG,photos/side_view_images/P3101005.JPG,2.12,2.12,3.11855411529541,0.99855411529541,0.99855411529541
densenet121,top only,elasticnet,308,80,photos/top_view_images/P3100652.JPG,photos/side_view_images/P3101006.JPG,3.18,3.18,4.410257816314697,1.230257816314697,1.230257816314697
densenet121,top only,elasticnet,309,80,photos/top_view_images/P3100653.JPG,photos/side_view_images/P3101007.JPG,4.24,4.24,5.131827354431152,0.8918273544311521,0.8918273544311521
densenet121,top only,elasticnet,310,81,photos/top_view_images/P3100654.JPG,photos/side_view_images/P3101008.JPG,1.06,1.06,1.0960452556610107,0.03604525566101069,0.03604525566101069
densenet121,top only,elasticnet,311,81,photos/top_view_images/P3100655.JPG,photos/side_view_images/P3101009.JPG,2.12,2.12,2.644325017929077,0.524325017929077,0.524325017929077
densenet121,top only,elasticnet,312,81,photos/top_view_images/P3100656.JPG,photos/side_view_images/P3101010.JPG,3.18,3.18,4.184145927429199,1.004145927429199,1.004145927429199
densenet121,top only,elasticnet,313,81,photos/top_view_images/P3100657.JPG,photos/side_view_images/P3101011.JPG,4.24,4.24,4.90381383895874,0.66381383895874,0.66381383895874
densenet121,top only,elasticnet,314,82,photos/top_view_images/P3120658.JPG,photos/side_view_images/P3121012.JPG,1.06,1.06,1.003678321838379,-0.05632167816162115,0.05632167816162115
densenet121,top only,elasticnet,315,82,photos/top_view_images/P3120659.JPG,photos/side_view_images/P3121013.JPG,2.12,2.12,2.450486898422241,0.3304868984222411,0.3304868984222411
densenet121,top only,elasticnet,316,82,photos/top_view_images/P3120660.JPG,photos/side_view_images/P3121014.JPG,3.18,3.18,3.513986587524414,0.3339865875244139,0.3339865875244139
densenet121,top only,elasticnet,317,82,photos/top_view_images/P3120661.JPG,photos/side_view_images/P3121015.JPG,4.24,4.24,4.491579532623291,0.2515795326232908,0.2515795326232908
densenet121,top only,elasticnet,318,83,photos/top_view_images/P3120662.JPG,photos/side_view_images/P3121016.JPG,1.06,1.06,1.6681346893310547,0.6081346893310546,0.6081346893310546
densenet121,top only,elasticnet,319,83,photos/top_view_images/P3120663.JPG,photos/side_view_images/P3121017.JPG,2.12,2.12,2.469526767730713,0.3495267677307128,0.3495267677307128
densenet121,top only,elasticnet,320,83,photos/top_view_images/P3120664.JPG,photos/side_view_images/P3121018.JPG,3.18,3.18,3.370969295501709,0.19096929550170882,0.19096929550170882
densenet121,top only,elasticnet,321,83,photos/top_view_images/P3120665.JPG,photos/side_view_images/P3121019.JPG,4.24,4.24,4.011037349700928,-0.22896265029907248,0.22896265029907248
densenet121,top only,elasticnet,322,84,photos/top_view_images/P3120666.JPG,photos/side_view_images/P3121020.JPG,1.06,1.06,1.4347076416015625,0.37470764160156245,0.37470764160156245
densenet121,top only,elasticnet,323,84,photos/top_view_images/P3120667.JPG,photos/side_view_images/P3121021.JPG,2.12,2.12,2.5668299198150635,0.44682991981506337,0.44682991981506337
densenet121,top only,elasticnet,324,84,photos/top_view_images/P3120668.JPG,photos/side_view_images/P3121022.JPG,3.18,3.18,3.2972750663757324,0.11727506637573226,0.11727506637573226
densenet121,top only,elasticnet,325,84,photos/top_view_images/P3120669.JPG,photos/side_view_images/P3121023.JPG,4.24,4.24,3.9530296325683594,-0.28697036743164084,0.28697036743164084
densenet121,top only,elasticnet,326,85,photos/top_view_images/P3120670.JPG,photos/side_view_images/P3121024.JPG,1.06,1.06,1.5734004974365234,0.5134004974365234,0.5134004974365234
densenet121,top only,elasticnet,327,85,photos/top_view_images/P3120671.JPG,photos/side_view_images/P3121025.JPG,2.12,2.12,2.4396378993988037,0.3196378993988036,0.3196378993988036
densenet121,top only,elasticnet,328,85,photos/top_view_images/P3120672.JPG,photos/side_view_images/P3121026.JPG,3.18,3.18,3.633786201477051,0.4537862014770506,0.4537862014770506
densenet121,top only,elasticnet,329,85,photos/top_view_images/P3120673.JPG,photos/side_view_images/P3121027.JPG,4.24,4.24,3.3721323013305664,-0.8678676986694338,0.8678676986694338
densenet121,top only,elasticnet,330,86,photos/top_view_images/P3120674.JPG,photos/side_view_images/P3121028.JPG,1.06,1.06,0.6991946697235107,-0.3608053302764893,0.3608053302764893
densenet121,top only,elasticnet,331,86,photos/top_view_images/P3120675.JPG,photos/side_view_images/P3121029.JPG,2.12,2.12,1.7982025146484375,-0.3217974853515626,0.3217974853515626
densenet121,top only,elasticnet,332,86,photos/top_view_images/P3120676.JPG,photos/side_view_images/P3121030.JPG,3.18,3.18,2.5806548595428467,-0.5993451404571535,0.5993451404571535
densenet121,top only,elasticnet,333,86,photos/top_view_images/P3120677.JPG,photos/side_view_images/P3121031.JPG,4.24,4.24,2.9877753257751465,-1.2522246742248537,1.2522246742248537
densenet121,top only,elasticnet,334,87,photos/top_view_images/P3120678.JPG,photos/side_view_images/P3121032.JPG,1.06,1.06,1.3923193216323853,0.3323193216323852,0.3323193216323852
densenet121,top only,elasticnet,335,87,photos/top_view_images/P3120679.JPG,photos/side_view_images/P3121033.JPG,2.12,2.12,2.6738221645355225,0.5538221645355224,0.5538221645355224
densenet121,top only,elasticnet,336,87,photos/top_view_images/P3120680.JPG,photos/side_view_images/P3121034.JPG,3.18,3.18,4.00404167175293,0.8240416717529295,0.8240416717529295
densenet121,top only,elasticnet,337,87,photos/top_view_images/P3120681.JPG,photos/side_view_images/P3121035.JPG,4.24,4.24,4.593414783477783,0.353414783477783,0.353414783477783
densenet121,top only,elasticnet,338,88,photos/top_view_images/P3120682.JPG,photos/side_view_images/P3121036.JPG,1.06,1.06,0.9218964576721191,-0.1381035423278809,0.1381035423278809
densenet121,top only,elasticnet,339,88,photos/top_view_images/P3120683.JPG,photos/side_view_images/P3121037.JPG,2.12,2.12,1.5953214168548584,-0.5246785831451417,0.5246785831451417
densenet121,top only,elasticnet,340,88,photos/top_view_images/P3120684.JPG,photos/side_view_images/P3121038.JPG,3.18,3.18,3.089867115020752,-0.0901328849792482,0.0901328849792482
densenet121,top only,elasticnet,341,88,photos/top_view_images/P3120685.JPG,photos/side_view_images/P3121039.JPG,4.24,4.24,3.865788221359253,-0.3742117786407473,0.3742117786407473
densenet121,top only,elasticnet,342,89,photos/top_view_images/P3120686.JPG,photos/side_view_images/P3121040.JPG,1.06,1.06,1.3793373107910156,0.31933731079101557,0.31933731079101557
densenet121,top only,elasticnet,343,89,photos/top_view_images/P3120687.JPG,photos/side_view_images/P3121041.JPG,2.12,2.12,1.9668225049972534,-0.1531774950027467,0.1531774950027467
densenet121,top only,elasticnet,344,89,photos/top_view_images/P3120688.JPG,photos/side_view_images/P3121042.JPG,3.18,3.18,3.447864055633545,0.26786405563354476,0.26786405563354476
densenet121,top only,elasticnet,345,89,photos/top_view_images/P3120689.JPG,photos/side_view_images/P3121043.JPG,4.24,4.24,3.959804058074951,-0.28019594192504904,0.28019594192504904
densenet121,top only,elasticnet,346,90,photos/top_view_images/P3120690.JPG,photos/side_view_images/P3121044.JPG,1.06,1.06,1.0674824714660645,0.0074824714660644,0.0074824714660644
densenet121,top only,elasticnet,347,90,photos/top_view_images/P3120691.JPG,photos/side_view_images/P3121045.JPG,2.12,2.12,2.040004014968872,-0.07999598503112804,0.07999598503112804
densenet121,top only,elasticnet,348,90,photos/top_view_images/P3120692.JPG,photos/side_view_images/P3121046.JPG,3.18,3.18,3.2900943756103516,0.1100943756103514,0.1100943756103514
densenet121,top only,elasticnet,349,90,photos/top_view_images/P3120693.JPG,photos/side_view_images/P3121047.JPG,4.24,4.24,4.209385871887207,-0.030614128112793182,0.030614128112793182
densenet121,top only,elasticnet,350,91,photos/top_view_images/P3120694.JPG,photos/side_view_images/P3121048.JPG,1.06,1.06,0.9949135780334473,-0.06508642196655279,0.06508642196655279
densenet121,top only,elasticnet,351,91,photos/top_view_images/P3120695.JPG,photos/side_view_images/P3121049.JPG,2.12,2.12,1.5802783966064453,-0.5397216033935548,0.5397216033935548
densenet121,top only,elasticnet,352,91,photos/top_view_images/P3120696.JPG,photos/side_view_images/P3121050.JPG,3.18,3.18,3.097599506378174,-0.08240049362182633,0.08240049362182633
densenet121,top only,elasticnet,353,91,photos/top_view_images/P3120697.JPG,photos/side_view_images/P3121051.JPG,4.24,4.24,3.874654769897461,-0.3653452301025393,0.3653452301025393
densenet121,top only,elasticnet,354,92,photos/top_view_images/P3120698.JPG,photos/side_view_images/P3121052.JPG,1.06,1.06,1.298779010772705,0.23877901077270502,0.23877901077270502
densenet121,top only,elasticnet,355,92,photos/top_view_images/P3120699.JPG,photos/side_view_images/P3121053.JPG,2.12,2.12,2.9140450954437256,0.7940450954437255,0.7940450954437255
densenet121,top only,elasticnet,356,92,photos/top_view_images/P3120700.JPG,photos/side_view_images/P3121054.JPG,3.18,3.18,3.246847152709961,0.06684715270996078,0.06684715270996078
densenet121,top only,elasticnet,357,92,photos/top_view_images/P3120701.JPG,photos/side_view_images/P3121055.JPG,4.24,4.24,4.15202522277832,-0.0879747772216799,0.0879747772216799
densenet121,top only,elasticnet,358,93,photos/top_view_images/P3120702.JPG,photos/side_view_images/P3121056.JPG,1.06,1.06,1.8176677227020264,0.7576677227020263,0.7576677227020263
densenet121,top only,elasticnet,359,93,photos/top_view_images/P3120703.JPG,photos/side_view_images/P3121057.JPG,2.12,2.12,2.3416295051574707,0.2216295051574706,0.2216295051574706
densenet121,top only,elasticnet,360,93,photos/top_view_images/P3120704.JPG,photos/side_view_images/P3121058.JPG,3.18,3.18,3.471925735473633,0.29192573547363265,0.29192573547363265
densenet121,top only,elasticnet,361,93,photos/top_view_images/P3120705.JPG,photos/side_view_images/P3121059.JPG,4.24,4.24,4.085902690887451,-0.15409730911254904,0.15409730911254904
densenet121,top only,elasticnet,362,94,photos/top_view_images/P3120706.JPG,photos/side_view_images/P3121060.JPG,1.06,1.06,1.6025513410568237,0.5425513410568237,0.5425513410568237
densenet121,top only,elasticnet,363,94,photos/top_view_images/P3120707.JPG,photos/side_view_images/P3121061.JPG,2.12,2.12,1.7203733921051025,-0.39962660789489757,0.39962660789489757
densenet121,top only,elasticnet,364,94,photos/top_view_images/P3120708.JPG,photos/side_view_images/P3121062.JPG,3.18,3.18,2.80517315864563,-0.3748268413543703,0.3748268413543703
densenet121,top only,elasticnet,365,94,photos/top_view_images/P3120709.JPG,photos/side_view_images/P3121063.JPG,4.24,4.24,3.6116318702697754,-0.6283681297302248,0.6283681297302248
densenet121,top only,elasticnet,366,95,photos/top_view_images/P3120710.JPG,photos/side_view_images/P3121064.JPG,1.06,1.06,1.312163233757019,0.252163233757019,0.252163233757019
densenet121,top only,elasticnet,367,95,photos/top_view_images/P3120711.JPG,photos/side_view_images/P3121065.JPG,2.12,2.12,2.313610076904297,0.19361007690429677,0.19361007690429677
densenet121,top only,elasticnet,368,95,photos/top_view_images/P3120712.JPG,photos/side_view_images/P3121066.JPG,3.18,3.18,3.468400001525879,0.28840000152587875,0.28840000152587875
densenet121,top only,elasticnet,369,95,photos/top_view_images/P3120713.JPG,photos/side_view_images/P3121067.JPG,4.24,4.24,4.203399181365967,-0.036600818634033416,0.036600818634033416
densenet121,top only,elasticnet,370,96,photos/top_view_images/P3130714.JPG,photos/side_view_images/P3131068.JPG,1.06,1.06,1.6229348182678223,0.5629348182678222,0.5629348182678222
densenet121,top only,elasticnet,371,96,photos/top_view_images/P3130715.JPG,photos/side_view_images/P3131069.JPG,2.12,2.12,2.2643096446990967,0.14430964469909657,0.14430964469909657
densenet121,top only,elasticnet,372,96,photos/top_view_images/P3130716.JPG,photos/side_view_images/P3131070.JPG,3.18,3.18,3.3810081481933594,0.20100814819335922,0.20100814819335922
densenet121,top only,elasticnet,373,96,photos/top_view_images/P3130717.JPG,photos/side_view_images/P3131071.JPG,4.24,4.24,4.800236225128174,0.5602362251281736,0.5602362251281736
densenet121,top only,elasticnet,374,97,photos/top_view_images/P3130718.JPG,photos/side_view_images/P3131072.JPG,1.06,1.06,1.578722596168518,0.518722596168518,0.518722596168518
densenet121,top only,elasticnet,375,97,photos/top_view_images/P3130719.JPG,photos/side_view_images/P3131073.JPG,2.12,2.12,2.7258355617523193,0.6058355617523192,0.6058355617523192
densenet121,top only,elasticnet,376,97,photos/top_view_images/P3130720.JPG,photos/side_view_images/P3131074.JPG,3.18,3.18,4.150766372680664,0.9707663726806639,0.9707663726806639
densenet121,top only,elasticnet,377,97,photos/top_view_images/P3130721.JPG,photos/side_view_images/P3131075.JPG,4.24,4.24,4.469738483428955,0.22973848342895486,0.22973848342895486
densenet121,top only,elasticnet,378,98,photos/top_view_images/P3130722.JPG,photos/side_view_images/P3131076.JPG,1.06,1.06,0.9319884777069092,-0.12801152229309087,0.12801152229309087
densenet121,top only,elasticnet,379,98,photos/top_view_images/P3130723.JPG,photos/side_view_images/P3131077.JPG,2.12,2.12,1.5739387273788452,-0.5460612726211549,0.5460612726211549
densenet121,top only,elasticnet,380,98,photos/top_view_images/P3130724.JPG,photos/side_view_images/P3131078.JPG,3.18,3.18,2.386476516723633,-0.7935234832763673,0.7935234832763673
densenet121,top only,elasticnet,381,98,photos/top_view_images/P3130725.JPG,photos/side_view_images/P3131079.JPG,4.24,4.24,3.2127649784088135,-1.0272350215911867,1.0272350215911867
densenet121,top only,elasticnet,382,99,photos/top_view_images/P3130726.JPG,photos/side_view_images/P3131080.JPG,1.06,1.06,1.244997262954712,0.18499726295471186,0.18499726295471186
densenet121,top only,elasticnet,383,99,photos/top_view_images/P3130727.JPG,photos/side_view_images/P3131081.JPG,2.12,2.12,2.0686233043670654,-0.05137669563293468,0.05137669563293468
densenet121,top only,elasticnet,384,99,photos/top_view_images/P3130728.JPG,photos/side_view_images/P3131082.JPG,3.18,3.18,2.812941074371338,-0.36705892562866227,0.36705892562866227
densenet121,top only,elasticnet,385,99,photos/top_view_images/P3130729.JPG,photos/side_view_images/P3131083.JPG,4.24,4.24,3.4718551635742188,-0.7681448364257815,0.7681448364257815
densenet121,top only,elasticnet,386,100,photos/top_view_images/P3130730.JPG,photos/side_view_images/P3131084.JPG,1.06,1.06,0.5989165306091309,-0.4610834693908692,0.4610834693908692
densenet121,top only,elasticnet,387,100,photos/top_view_images/P3130731.JPG,photos/side_view_images/P3131085.JPG,2.12,2.12,2.1366493701934814,0.01664937019348134,0.01664937019348134
densenet121,top only,elasticnet,388,100,photos/top_view_images/P3130732.JPG,photos/side_view_images/P3131086.JPG,3.18,3.18,3.1518115997314453,-0.028188400268554847,0.028188400268554847
densenet121,top only,elasticnet,389,100,photos/top_view_images/P3130733.JPG,photos/side_view_images/P3131087.JPG,4.24,4.24,4.025760650634766,-0.2142393493652346,0.2142393493652346
densenet121,top only,elasticnet,390,101,photos/top_view_images/P3130734.JPG,photos/side_view_images/P3131088.JPG,1.06,1.06,1.3788961172103882,0.31889611721038813,0.31889611721038813
densenet121,top only,elasticnet,391,101,photos/top_view_images/P3130735.JPG,photos/side_view_images/P3131089.JPG,2.12,2.12,2.0329740047454834,-0.08702599525451671,0.08702599525451671
densenet121,top only,elasticnet,392,101,photos/top_view_images/P3130736.JPG,photos/side_view_images/P3131090.JPG,3.18,3.18,2.863464117050171,-0.31653588294982926,0.31653588294982926
densenet121,top only,elasticnet,393,102,photos/top_view_images/P3130737.JPG,photos/side_view_images/P3131091.JPG,1.06,1.06,1.252995252609253,0.19299525260925288,0.19299525260925288
densenet121,top only,elasticnet,394,102,photos/top_view_images/P3130738.JPG,photos/side_view_images/P3131092.JPG,2.12,2.12,2.040813684463501,-0.07918631553649913,0.07918631553649913
densenet121,top only,elasticnet,395,102,photos/top_view_images/P3130739.JPG,photos/side_view_images/P3131093.JPG,3.18,3.18,3.328618049621582,0.14861804962158187,0.14861804962158187
densenet121,top only,elasticnet,396,102,photos/top_view_images/P3130740.JPG,photos/side_view_images/P3131094.JPG,4.24,4.24,3.925962448120117,-0.314037551879883,0.314037551879883
densenet121,top only,elasticnet,397,103,photos/top_view_images/P3130741.JPG,photos/side_view_images/P3131095.JPG,1.06,1.06,0.8352586030960083,-0.22474139690399175,0.22474139690399175
densenet121,top only,elasticnet,398,103,photos/top_view_images/P3130742.JPG,photos/side_view_images/P3131096.JPG,2.12,2.12,1.5500712394714355,-0.5699287605285646,0.5699287605285646
densenet121,top only,elasticnet,399,103,photos/top_view_images/P3130743.JPG,photos/side_view_images/P3131097.JPG,3.18,3.18,3.039238214492798,-0.1407617855072023,0.1407617855072023
densenet121,top only,elasticnet,400,103,photos/top_view_images/P3130744.JPG,photos/side_view_images/P3131098.JPG,4.24,4.24,4.2501325607299805,0.010132560729980256,0.010132560729980256
densenet121,top only,elasticnet,401,104,photos/top_view_images/P3130745.JPG,photos/side_view_images/P3131099.JPG,1.06,1.06,0.9432183504104614,-0.11678164958953863,0.11678164958953863
densenet121,top only,elasticnet,402,104,photos/top_view_images/P3130746.JPG,photos/side_view_images/P3131100.JPG,2.12,2.12,2.055298328399658,-0.0647016716003419,0.0647016716003419
densenet121,top only,elasticnet,403,104,photos/top_view_images/P3130747.JPG,photos/side_view_images/P3131101.JPG,3.18,3.18,3.261000394821167,0.08100039482116683,0.08100039482116683
densenet121,top only,elasticnet,404,104,photos/top_view_images/P3130748.JPG,photos/side_view_images/P3131102.JPG,4.24,4.24,4.203370094299316,-0.03662990570068381,0.03662990570068381
densenet121,top only,elasticnet,405,105,photos/top_view_images/P3130749.JPG,photos/side_view_images/P3131103.JPG,1.06,1.06,1.5900894403457642,0.5300894403457641,0.5300894403457641
densenet121,top only,elasticnet,406,105,photos/top_view_images/P3130750.JPG,photos/side_view_images/P3131104.JPG,2.12,2.12,2.6087214946746826,0.4887214946746825,0.4887214946746825
densenet121,top only,elasticnet,407,105,photos/top_view_images/P3130751.JPG,photos/side_view_images/P3131105.JPG,3.18,3.18,3.48398756980896,0.3039875698089598,0.3039875698089598
densenet121,top only,elasticnet,408,105,photos/top_view_images/P3130752.JPG,photos/side_view_images/P3131106.JPG,4.24,4.24,4.363000869750977,0.12300086975097635,0.12300086975097635
densenet121,top only,elasticnet,409,106,photos/top_view_images/P3130753.JPG,photos/side_view_images/P3131107.JPG,1.06,1.06,1.3478491306304932,0.2878491306304931,0.2878491306304931
densenet121,top only,elasticnet,410,106,photos/top_view_images/P3130754.JPG,photos/side_view_images/P3131108.JPG,2.12,2.12,2.4284415245056152,0.30844152450561513,0.30844152450561513
densenet121,top only,elasticnet,411,106,photos/top_view_images/P3130755.JPG,photos/side_view_images/P3131109.JPG,3.18,3.18,3.4805562496185303,0.3005562496185301,0.3005562496185301
densenet121,top only,elasticnet,412,106,photos/top_view_images/P3130756.JPG,photos/side_view_images/P3131110.JPG,4.24,4.24,4.562850475311279,0.3228504753112791,0.3228504753112791
densenet121,top only,elasticnet,413,107,photos/top_view_images/P3130757.JPG,photos/side_view_images/P3131111.JPG,1.06,1.06,1.5003515481948853,0.4403515481948852,0.4403515481948852
densenet121,top only,elasticnet,414,107,photos/top_view_images/P3130758.JPG,photos/side_view_images/P3131112.JPG,2.12,2.12,2.633251428604126,0.5132514286041259,0.5132514286041259
densenet121,top only,elasticnet,415,107,photos/top_view_images/P3130759.JPG,photos/side_view_images/P3131113.JPG,3.18,3.18,3.3801655769348145,0.2001655769348143,0.2001655769348143
densenet121,top only,elasticnet,416,107,photos/top_view_images/P3130760.JPG,photos/side_view_images/P3131114.JPG,4.24,4.24,4.091566562652588,-0.14843343734741232,0.14843343734741232
densenet121,top only,elasticnet,417,108,photos/top_view_images/P2090065.JPG,photos/side_view_images/P2090150.JPG,0.0,0.0,0.6680746078491211,0.6680746078491211,0.6680746078491211
densenet121,top only,elasticnet,418,109,photos/top_view_images/P2160216.JPG,photos/side_view_images/P2160516.JPG,0.0,0.0,-0.1371288299560547,-0.1371288299560547,0.1371288299560547
densenet121,top only,elasticnet,419,110,photos/top_view_images/P3100642.JPG,photos/side_view_images/P2020002.JPG,0.0,0.0,0.07657766342163086,0.07657766342163086,0.07657766342163086
