backbone,fusion,regressor,sample_idx,exp_id,top_path,side_path,volume,y_true,y_pred,residual,abs_error
densenet121,concat,linear,0,1,photos/top_view_images/P2260331.JPG,photos/side_view_images/P2260685.JPG,1.06,1.06,1.2786197662353516,0.2186197662353515,0.2186197662353515
densenet121,concat,linear,1,1,photos/top_view_images/P2260332.JPG,photos/side_view_images/P2260686.JPG,2.12,2.12,2.447587490081787,0.327587490081787,0.327587490081787
densenet121,concat,linear,2,1,photos/top_view_images/P2260333.JPG,photos/side_view_images/P2260687.JPG,3.18,3.18,3.2125067710876465,0.032506771087646325,0.032506771087646325
densenet121,concat,linear,3,1,photos/top_view_images/P2260334.JPG,photos/side_view_images/P2260688.JPG,4.24,4.24,3.8931140899658203,-0.3468859100341799,0.3468859100341799
densenet121,concat,linear,4,2,photos/top_view_images/P2260335.JPG,photos/side_view_images/P2260689.JPG,1.06,1.06,0.8809678554534912,-0.17903214454650884,0.17903214454650884
densenet121,concat,linear,5,2,photos/top_view_images/P2260336.JPG,photos/side_view_images/P2260690.JPG,2.12,2.12,1.9552738666534424,-0.16472613334655772,0.16472613334655772
densenet121,concat,linear,6,2,photos/top_view_images/P2260337.JPG,photos/side_view_images/P2260692.JPG,3.18,3.18,3.6298396587371826,0.44983965873718246,0.44983965873718246
densenet121,concat,linear,7,2,photos/top_view_images/P2260339.JPG,photos/side_view_images/P2260693.JPG,4.24,4.24,4.022138595581055,-0.21786140441894553,0.21786140441894553
densenet121,concat,linear,8,3,photos/top_view_images/P2260340.JPG,photos/side_view_images/P2260694.JPG,1.06,1.06,1.0333845615386963,-0.026615438461303764,0.026615438461303764
densenet121,concat,linear,9,3,photos/top_view_images/P2260341.JPG,photos/side_view_images/P2260695.JPG,2.12,2.12,2.281259298324585,0.16125929832458485,0.16125929832458485
densenet121,concat,linear,10,3,photos/top_view_images/P2260342.JPG,photos/side_view_images/P2260696.JPG,3.18,3.18,2.9989993572235107,-0.18100064277648942,0.18100064277648942
densenet121,concat,linear,11,3,photos/top_view_images/P2260343.JPG,photos/side_view_images/P2260697.JPG,4.24,4.24,3.972233772277832,-0.2677662277221682,0.2677662277221682
densenet121,concat,linear,12,4,photos/top_view_images/P2260345.JPG,photos/side_view_images/P2260699.JPG,1.06,1.06,1.2066904306411743,0.14669043064117426,0.14669043064117426
densenet121,concat,linear,13,4,photos/top_view_images/P2260346.JPG,photos/side_view_images/P2260700.JPG,2.12,2.12,1.8036425113677979,-0.31635748863220226,0.31635748863220226
densenet121,concat,linear,14,4,photos/top_view_images/P2260347.JPG,photos/side_view_images/P2260701.JPG,3.18,3.18,2.9090991020202637,-0.2709008979797365,0.2709008979797365
densenet121,concat,linear,15,4,photos/top_view_images/P2260348.JPG,photos/side_view_images/P2260702.JPG,4.24,4.24,4.246434211730957,0.006434211730956818,0.006434211730956818
densenet121,concat,linear,16,5,photos/top_view_images/P2260349.JPG,photos/side_view_images/P2260703.JPG,1.06,1.06,1.6473520994186401,0.5873520994186401,0.5873520994186401
densenet121,concat,linear,17,5,photos/top_view_images/P2260350.JPG,photos/side_view_images/P2260704.JPG,2.12,2.12,1.928208351135254,-0.1917916488647462,0.1917916488647462
densenet121,concat,linear,18,5,photos/top_view_images/P2260351.JPG,photos/side_view_images/P2260705.JPG,3.18,3.18,3.2455146312713623,0.06551463127136214,0.06551463127136214
densenet121,concat,linear,19,5,photos/top_view_images/P2260352.JPG,photos/side_view_images/P2260706.JPG,4.24,4.24,4.1586151123046875,-0.08138488769531271,0.08138488769531271
densenet121,concat,linear,20,6,photos/top_view_images/P2270353.JPG,photos/side_view_images/P2270707.JPG,1.06,1.06,1.374542236328125,0.31454223632812495,0.31454223632812495
densenet121,concat,linear,21,6,photos/top_view_images/P2270354.JPG,photos/side_view_images/P2270708.JPG,2.12,2.12,2.324507474899292,0.20450747489929189,0.20450747489929189
densenet121,concat,linear,22,6,photos/top_view_images/P2270355.JPG,photos/side_view_images/P2270709.JPG,3.18,3.18,3.234015464782715,0.054015464782714684,0.054015464782714684
densenet121,concat,linear,23,6,photos/top_view_images/P2270356.JPG,photos/side_view_images/P2270710.JPG,4.24,4.24,4.206151962280273,-0.033848037719726776,0.033848037719726776
densenet121,concat,linear,24,7,photos/top_view_images/P2270357.JPG,photos/side_view_images/P2270712.JPG,1.06,1.06,0.8411495685577393,-0.2188504314422608,0.2188504314422608
densenet121,concat,linear,25,7,photos/top_view_images/P2270358.JPG,photos/side_view_images/P2270713.JPG,2.12,2.12,2.680677652359009,0.5606776523590087,0.5606776523590087
densenet121,concat,linear,26,7,photos/top_view_images/P2270359.JPG,photos/side_view_images/P2270714.JPG,3.18,3.18,2.9676525592803955,-0.21234744071960465,0.21234744071960465
densenet121,concat,linear,27,7,photos/top_view_images/P2270360.JPG,photos/side_view_images/P2270715.JPG,4.24,4.24,4.264190673828125,0.024190673828124787,0.024190673828124787
densenet121,concat,linear,28,8,photos/top_view_images/P2270361.JPG,photos/side_view_images/P2270716.JPG,1.06,1.06,1.0869369506835938,0.026936950683593697,0.026936950683593697
densenet121,concat,linear,29,8,photos/top_view_images/P2270362.JPG,photos/side_view_images/P2270717.JPG,2.12,2.12,2.117055892944336,-0.002944107055664169,0.002944107055664169
densenet121,concat,linear,30,8,photos/top_view_images/P2270363.JPG,photos/side_view_images/P2270718.JPG,3.18,3.18,2.963592767715454,-0.21640723228454606,0.21640723228454606
densenet121,concat,linear,31,8,photos/top_view_images/P2270364.JPG,photos/side_view_images/P2270719.JPG,4.24,4.24,3.6988742351531982,-0.541125764846802,0.541125764846802
densenet121,concat,linear,32,9,photos/top_view_images/P2270365.JPG,photos/side_view_images/P2270720.JPG,1.06,1.06,1.2729074954986572,0.21290749549865717,0.21290749549865717
densenet121,concat,linear,33,9,photos/top_view_images/P2270366.JPG,photos/side_view_images/P2270721.JPG,2.12,2.12,2.0076615810394287,-0.1123384189605714,0.1123384189605714
densenet121,concat,linear,34,9,photos/top_view_images/P2270367.JPG,photos/side_view_images/P2270722.JPG,3.18,3.18,3.461306571960449,0.28130657196044906,0.28130657196044906
densenet121,concat,linear,35,9,photos/top_view_images/P2270368.JPG,photos/side_view_images/P2270723.JPG,4.24,4.24,3.6636271476745605,-0.5763728523254397,0.5763728523254397
densenet121,concat,linear,36,10,photos/top_view_images/P2270369.JPG,photos/side_view_images/P2270724.JPG,1.06,1.06,1.4163209199905396,0.3563209199905395,0.3563209199905395
densenet121,concat,linear,37,10,photos/top_view_images/P2270370.JPG,photos/side_view_images/P2270725.JPG,2.12,2.12,2.069627523422241,-0.050372476577758896,0.050372476577758896
densenet121,concat,linear,38,10,photos/top_view_images/P2270371.JPG,photos/side_view_images/P2270726.JPG,3.18,3.18,3.0718441009521484,-0.10815589904785172,0.10815589904785172
densenet121,concat,linear,39,10,photos/top_view_images/P2270372.JPG,photos/side_view_images/P2270727.JPG,4.24,4.24,4.059886932373047,-0.18011306762695334,0.18011306762695334
densenet121,concat,linear,40,11,photos/top_view_images/P2270373.JPG,photos/side_view_images/P2270728.JPG,1.06,1.06,1.2068805694580078,0.14688056945800776,0.14688056945800776
densenet121,concat,linear,41,11,photos/top_view_images/P2270374.JPG,photos/side_view_images/P2270729.JPG,2.12,2.12,2.231520652770996,0.11152065277099599,0.11152065277099599
densenet121,concat,linear,42,11,photos/top_view_images/P2270375.JPG,photos/side_view_images/P2270730.JPG,3.18,3.18,3.202946662902832,0.02294666290283187,0.02294666290283187
densenet121,concat,linear,43,11,photos/top_view_images/P2270376.JPG,photos/side_view_images/P2270731.JPG,4.24,4.24,3.569330930709839,-0.6706690692901613,0.6706690692901613
densenet121,concat,linear,44,12,photos/top_view_images/P2270377.JPG,photos/side_view_images/P2270732.JPG,1.06,1.06,1.1395835876464844,0.07958358764648432,0.07958358764648432
densenet121,concat,linear,45,12,photos/top_view_images/P2270378.JPG,photos/side_view_images/P2270733.JPG,2.12,2.12,2.2642314434051514,0.14423144340515126,0.14423144340515126
densenet121,concat,linear,46,12,photos/top_view_images/P2270379.JPG,photos/side_view_images/P2270734.JPG,3.18,3.18,3.4071779251098633,0.22717792510986312,0.22717792510986312
densenet121,concat,linear,47,12,photos/top_view_images/P2270381.JPG,photos/side_view_images/P2270736.JPG,4.24,4.24,4.072104454040527,-0.16789554595947287,0.16789554595947287
densenet121,concat,linear,48,13,photos/top_view_images/P2270383.JPG,photos/side_view_images/P2270737.JPG,1.06,1.06,1.354129433631897,0.2941294336318969,0.2941294336318969
densenet121,concat,linear,49,13,photos/top_view_images/P2270384.JPG,photos/side_view_images/P2270738.JPG,2.12,2.12,2.1179347038269043,-0.0020652961730958097,0.0020652961730958097
densenet121,concat,linear,50,13,photos/top_view_images/P2270385.JPG,photos/side_view_images/P2270739.JPG,3.18,3.18,2.716662645339966,-0.46333735466003434,0.46333735466003434
densenet121,concat,linear,51,14,photos/top_view_images/P3020386.JPG,photos/side_view_images/P3020741.JPG,1.06,1.06,1.0944743156433105,0.034474315643310494,0.034474315643310494
densenet121,concat,linear,52,14,photos/top_view_images/P3020387.JPG,photos/side_view_images/P3020742.JPG,2.12,2.12,1.990311622619629,-0.1296883773803712,0.1296883773803712
densenet121,concat,linear,53,14,photos/top_view_images/P3020388.JPG,photos/side_view_images/P3020743.JPG,3.18,3.18,3.330386161804199,0.15038616180419906,0.15038616180419906
densenet121,concat,linear,54,14,photos/top_view_images/P3020389.JPG,photos/side_view_images/P3020744.JPG,4.24,4.24,3.903207302093506,-0.33679269790649435,0.33679269790649435
densenet121,concat,linear,55,15,photos/top_view_images/P3020390.JPG,photos/side_view_images/P3020745.JPG,1.06,1.06,1.368451476097107,0.3084514760971069,0.3084514760971069
densenet121,concat,linear,56,15,photos/top_view_images/P3020391.JPG,photos/side_view_images/P3020746.JPG,2.12,2.12,2.2587058544158936,0.13870585441589345,0.13870585441589345
densenet121,concat,linear,57,15,photos/top_view_images/P3020392.JPG,photos/side_view_images/P3020747.JPG,3.18,3.18,3.312429189682007,0.13242918968200668,0.13242918968200668
densenet121,concat,linear,58,15,photos/top_view_images/P3020393.JPG,photos/side_view_images/P3020748.JPG,4.24,4.24,3.6985669136047363,-0.5414330863952639,0.5414330863952639
densenet121,concat,linear,59,16,photos/top_view_images/P3020394.JPG,photos/side_view_images/P3020749.JPG,1.06,1.06,0.9632463455200195,-0.09675365447998052,0.09675365447998052
densenet121,concat,linear,60,16,photos/top_view_images/P3020395.JPG,photos/side_view_images/P3020750.JPG,2.12,2.12,2.2464635372161865,0.12646353721618642,0.12646353721618642
densenet121,concat,linear,61,16,photos/top_view_images/P3020396.JPG,photos/side_view_images/P3020751.JPG,3.18,3.18,2.5326147079467773,-0.6473852920532228,0.6473852920532228
densenet121,concat,linear,62,16,photos/top_view_images/P3020397.JPG,photos/side_view_images/P3020752.JPG,4.24,4.24,4.190819263458252,-0.04918073654174826,0.04918073654174826
densenet121,concat,linear,63,17,photos/top_view_images/P3020398.JPG,photos/side_view_images/P3020753.JPG,1.06,1.06,0.8087482452392578,-0.25125175476074224,0.25125175476074224
densenet121,concat,linear,64,17,photos/top_view_images/P3020399.JPG,photos/side_view_images/P3020754.JPG,2.12,2.12,2.03171968460083,-0.08828031539917003,0.08828031539917003
densenet121,concat,linear,65,17,photos/top_view_images/P3020400.JPG,photos/side_view_images/P3020755.JPG,3.18,3.18,3.437225341796875,0.25722534179687484,0.25722534179687484
densenet121,concat,linear,66,17,photos/top_view_images/P3020401.JPG,photos/side_view_images/P3020756.JPG,4.24,4.24,4.290989875793457,0.05098987579345682,0.05098987579345682
densenet121,concat,linear,67,18,photos/top_view_images/P3020402.JPG,photos/side_view_images/P3020757.JPG,1.06,1.06,1.3289167881011963,0.26891678810119624,0.26891678810119624
densenet121,concat,linear,68,18,photos/top_view_images/P3020403.JPG,photos/side_view_images/P3020758.JPG,2.12,2.12,2.217841625213623,0.09784162521362294,0.09784162521362294
densenet121,concat,linear,69,18,photos/top_view_images/P3020404.JPG,photos/side_view_images/P3020759.JPG,3.18,3.18,3.098569631576538,-0.08143036842346207,0.08143036842346207
densenet121,concat,linear,70,18,photos/top_view_images/P3020405.JPG,photos/side_view_images/P3020760.JPG,4.24,4.24,4.065731048583984,-0.17426895141601584,0.17426895141601584
densenet121,concat,linear,71,19,photos/top_view_images/P3020406.JPG,photos/side_view_images/P3020761.JPG,1.06,1.06,1.0956895351409912,0.03568953514099116,0.03568953514099116
densenet121,concat,linear,72,19,photos/top_view_images/P3020407.JPG,photos/side_view_images/P3020762.JPG,2.12,2.12,2.2489981651306152,0.12899816513061513,0.12899816513061513
densenet121,concat,linear,73,19,photos/top_view_images/P3020408.JPG,photos/side_view_images/P3020763.JPG,3.18,3.18,3.309530735015869,0.12953073501586898,0.12953073501586898
densenet121,concat,linear,74,19,photos/top_view_images/P3020409.JPG,photos/side_view_images/P3020764.JPG,4.24,4.24,4.23854398727417,-0.0014560127258302913,0.0014560127258302913
densenet121,concat,linear,75,20,photos/top_view_images/P3020410.JPG,photos/side_view_images/P3020765.JPG,1.06,1.06,0.9577600955963135,-0.10223990440368658,0.10223990440368658
densenet121,concat,linear,76,20,photos/top_view_images/P3020411.JPG,photos/side_view_images/P3020766.JPG,2.12,2.12,2.162282705307007,0.04228270530700673,0.04228270530700673
densenet121,concat,linear,77,20,photos/top_view_images/P3020412.JPG,photos/side_view_images/P3020767.JPG,3.18,3.18,3.009718418121338,-0.17028158187866227,0.17028158187866227
densenet121,concat,linear,78,20,photos/top_view_images/P3020413.JPG,photos/side_view_images/P3020768.JPG,4.24,4.24,3.7495269775390625,-0.4904730224609377,0.4904730224609377
densenet121,concat,linear,79,21,photos/top_view_images/P3020414.JPG,photos/side_view_images/P3020769.JPG,1.06,1.06,1.3075768947601318,0.24757689476013178,0.24757689476013178
densenet121,concat,linear,80,21,photos/top_view_images/P3020415.JPG,photos/side_view_images/P3020770.JPG,2.12,2.12,2.5454134941101074,0.4254134941101073,0.4254134941101073
densenet121,concat,linear,81,21,photos/top_view_images/P3020416.JPG,photos/side_view_images/P3020771.JPG,3.18,3.18,3.252779960632324,0.07277996063232406,0.07277996063232406
densenet121,concat,linear,82,21,photos/top_view_images/P3020417.JPG,photos/side_view_images/P3020772.JPG,4.24,4.24,3.8397135734558105,-0.40028642654418967,0.40028642654418967
densenet121,concat,linear,83,22,photos/top_view_images/P3020418.JPG,photos/side_view_images/P3020773.JPG,1.06,1.06,0.9233486652374268,-0.1366513347625733,0.1366513347625733
densenet121,concat,linear,84,22,photos/top_view_images/P3020419.JPG,photos/side_view_images/P3020774.JPG,2.12,2.12,2.1225757598876953,0.002575759887695206,0.002575759887695206
densenet121,concat,linear,85,22,photos/top_view_images/P3020420.JPG,photos/side_view_images/P3020775.JPG,3.18,3.18,3.519981861114502,0.3399818611145018,0.3399818611145018
densenet121,concat,linear,86,22,photos/top_view_images/P3020421.JPG,photos/side_view_images/P3020776.JPG,4.24,4.24,3.6554245948791504,-0.5845754051208498,0.5845754051208498
densenet121,concat,linear,87,23,photos/top_view_images/P3020422.JPG,photos/side_view_images/P3020777.JPG,1.06,1.06,1.1795400381088257,0.11954003810882563,0.11954003810882563
densenet121,concat,linear,88,23,photos/top_view_images/P3020423.JPG,photos/side_view_images/P3020778.JPG,2.12,2.12,2.350586414337158,0.2305864143371581,0.2305864143371581
densenet121,concat,linear,89,23,photos/top_view_images/P3020424.JPG,photos/side_view_images/P3020779.JPG,3.18,3.18,3.3271279335021973,0.1471279335021971,0.1471279335021971
densenet121,concat,linear,90,23,photos/top_view_images/P3020425.JPG,photos/side_view_images/P3020780.JPG,4.24,4.24,3.882863998413086,-0.3571360015869143,0.3571360015869143
densenet121,concat,linear,91,24,photos/top_view_images/P3020426.JPG,photos/side_view_images/P3020781.JPG,1.06,1.06,0.7707607746124268,-0.2892392253875733,0.2892392253875733
densenet121,concat,linear,92,24,photos/top_view_images/P3020427.JPG,photos/side_view_images/P3020782.JPG,2.12,2.12,2.0645227432250977,-0.05547725677490245,0.05547725677490245
densenet121,concat,linear,93,24,photos/top_view_images/P3020428.JPG,photos/side_view_images/P3020783.JPG,3.18,3.18,3.502957344055176,0.3229573440551756,0.3229573440551756
densenet121,concat,linear,94,24,photos/top_view_images/P3020429.JPG,photos/side_view_images/P3020784.JPG,4.24,4.24,4.029209136962891,-0.2107908630371096,0.2107908630371096
densenet121,concat,linear,95,25,photos/top_view_images/P3020430.JPG,photos/side_view_images/P3020785.JPG,1.06,1.06,0.9139997959136963,-0.14600020408630376,0.14600020408630376
densenet121,concat,linear,96,25,photos/top_view_images/P3020431.JPG,photos/side_view_images/P3020786.JPG,2.12,2.12,2.3478171825408936,0.22781718254089345,0.22781718254089345
densenet121,concat,linear,97,25,photos/top_view_images/P3020432.JPG,photos/side_view_images/P3020787.JPG,3.18,3.18,2.8500478267669678,-0.3299521732330324,0.3299521732330324
densenet121,concat,linear,98,25,photos/top_view_images/P3020433.JPG,photos/side_view_images/P3020788.JPG,4.24,4.24,3.7163338661193848,-0.5236661338806154,0.5236661338806154
densenet121,concat,linear,99,26,photos/top_view_images/P3020434.JPG,photos/side_view_images/P3020789.JPG,1.06,1.06,1.4984794855117798,0.43847948551177973,0.43847948551177973
densenet121,concat,linear,100,26,photos/top_view_images/P3020435.JPG,photos/side_view_images/P3020790.JPG,2.12,2.12,2.3079419136047363,0.18794191360473622,0.18794191360473622
densenet121,concat,linear,101,26,photos/top_view_images/P3020436.JPG,photos/side_view_images/P3020791.JPG,3.18,3.18,3.8629891872406006,0.6829891872406004,0.6829891872406004
densenet121,concat,linear,102,26,photos/top_view_images/P3020437.JPG,photos/side_view_images/P3020792.JPG,4.24,4.24,4.515253067016602,0.27525306701660135,0.27525306701660135
densenet121,concat,linear,103,27,photos/top_view_images/P3020438.JPG,photos/side_view_images/P3020793.JPG,1.06,1.06,0.5831305980682373,-0.47686940193176275,0.47686940193176275
densenet121,concat,linear,104,27,photos/top_view_images/P3020439.JPG,photos/side_view_images/P3020794.JPG,2.12,2.12,2.0541181564331055,-0.06588184356689464,0.06588184356689464
densenet121,concat,linear,105,27,photos/top_view_images/P3020440.JPG,photos/side_view_images/P3020795.JPG,3.18,3.18,3.1270086765289307,-0.052991323471069496,0.052991323471069496
densenet121,concat,linear,106,27,photos/top_view_images/P3020441.JPG,photos/side_view_images/P3020796.JPG,4.24,4.24,3.949300765991211,-0.2906992340087893,0.2906992340087893
densenet121,concat,linear,107,28,photos/top_view_images/P3030442.JPG,photos/side_view_images/P3030797.JPG,1.06,1.06,0.7430434226989746,-0.31695657730102544,0.31695657730102544
densenet121,concat,linear,108,28,photos/top_view_images/P3030443.JPG,photos/side_view_images/P3030798.JPG,2.12,2.12,2.229296922683716,0.10929692268371571,0.10929692268371571
densenet121,concat,linear,109,28,photos/top_view_images/P3030444.JPG,photos/side_view_images/P3030799.JPG,3.18,3.18,3.146991014480591,-0.03300898551940934,0.03300898551940934
densenet121,concat,linear,110,28,photos/top_view_images/P3030445.JPG,photos/side_view_images/P3030800.JPG,4.24,4.24,3.7825191020965576,-0.4574808979034426,0.4574808979034426
densenet121,concat,linear,111,29,photos/top_view_images/P3030446.JPG,photos/side_view_images/P3030801.JPG,1.06,1.06,1.3828315734863281,0.32283157348632807,0.32283157348632807
densenet121,concat,linear,112,29,photos/top_view_images/P3030447.JPG,photos/side_view_images/P3030802.JPG,2.12,2.12,1.966670036315918,-0.15332996368408214,0.15332996368408214
densenet121,concat,linear,113,29,photos/top_view_images/P3030448.JPG,photos/side_view_images/P3030803.JPG,3.18,3.18,3.584932327270508,0.40493232727050765,0.40493232727050765
densenet121,concat,linear,114,29,photos/top_view_images/P3030449.JPG,photos/side_view_images/P3030804.JPG,4.24,4.24,4.043076992034912,-0.1969230079650881,0.1969230079650881
densenet121,concat,linear,115,30,photos/top_view_images/P3030450.JPG,photos/side_view_images/P3030805.JPG,1.06,1.06,1.6062073707580566,0.5462073707580566,0.5462073707580566
densenet121,concat,linear,116,30,photos/top_view_images/P3030451.JPG,photos/side_view_images/P3030806.JPG,2.12,2.12,2.780294179916382,0.6602941799163817,0.6602941799163817
densenet121,concat,linear,117,30,photos/top_view_images/P3030452.JPG,photos/side_view_images/P3030807.JPG,3.18,3.18,3.1775732040405273,-0.002426795959472816,0.002426795959472816
densenet121,concat,linear,118,30,photos/top_view_images/P3030453.JPG,photos/side_view_images/P3030808.JPG,4.24,4.24,3.563101291656494,-0.6768987083435061,0.6768987083435061
densenet121,concat,linear,119,31,photos/top_view_images/P3030454.JPG,photos/side_view_images/P3030809.JPG,1.06,1.06,0.8560211658477783,-0.20397883415222173,0.20397883415222173
densenet121,concat,linear,120,31,photos/top_view_images/P3030455.JPG,photos/side_view_images/P3030810.JPG,2.12,2.12,1.810212254524231,-0.30978774547576915,0.30978774547576915
densenet121,concat,linear,121,31,photos/top_view_images/P3030456.JPG,photos/side_view_images/P3030811.JPG,3.18,3.18,3.422274589538574,0.24227458953857406,0.24227458953857406
densenet121,concat,linear,122,31,photos/top_view_images/P3030457.JPG,photos/side_view_images/P3030812.JPG,4.24,4.24,4.34271764755249,0.10271764755249002,0.10271764755249002
densenet121,concat,linear,123,32,photos/top_view_images/P3050458.JPG,photos/side_view_images/P3050813.JPG,1.06,1.06,1.711526870727539,0.651526870727539,0.651526870727539
densenet121,concat,linear,124,32,photos/top_view_images/P3050459.JPG,photos/side_view_images/P3050814.JPG,2.12,2.12,2.517479181289673,0.39747918128967274,0.39747918128967274
densenet121,concat,linear,125,32,photos/top_view_images/P3050460.JPG,photos/side_view_images/P3050815.JPG,3.18,3.18,3.4865548610687256,0.3065548610687254,0.3065548610687254
densenet121,concat,linear,126,32,photos/top_view_images/P3050462.JPG,photos/side_view_images/P3050817.JPG,4.24,4.24,3.675846576690674,-0.5641534233093264,0.5641534233093264
densenet121,concat,linear,127,33,photos/top_view_images/P3050463.JPG,photos/side_view_images/P3050818.JPG,1.06,1.06,0.7396502494812012,-0.3203497505187989,0.3203497505187989
densenet121,concat,linear,128,33,photos/top_view_images/P3050464.JPG,photos/side_view_images/P3050819.JPG,2.12,2.12,1.578011155128479,-0.5419888448715211,0.5419888448715211
densenet121,concat,linear,129,34,photos/top_view_images/P3050467.JPG,photos/side_view_images/P3050823.JPG,1.06,1.06,1.0579273700714111,-0.0020726299285889205,0.0020726299285889205
densenet121,concat,linear,130,34,photos/top_view_images/P3050468.JPG,photos/side_view_images/P3050824.JPG,2.12,2.12,2.380126476287842,0.2601264762878417,0.2601264762878417
densenet121,concat,linear,131,34,photos/top_view_images/P3050469.JPG,photos/side_view_images/P3050825.JPG,3.18,3.18,3.250457286834717,0.07045728683471664,0.07045728683471664
densenet121,concat,linear,132,34,photos/top_view_images/P3050470.JPG,photos/side_view_images/P3050826.JPG,4.24,4.24,3.6931536197662354,-0.5468463802337649,0.5468463802337649
densenet121,concat,linear,133,35,photos/top_view_images/P3050471.JPG,photos/side_view_images/P3050827.JPG,1.06,1.06,0.9891836643218994,-0.07081633567810064,0.07081633567810064
densenet121,concat,linear,134,35,photos/top_view_images/P3050472.JPG,photos/side_view_images/P3050828.JPG,2.12,2.12,1.8114688396453857,-0.30853116035461436,0.30853116035461436
densenet121,concat,linear,135,35,photos/top_view_images/P3050473.JPG,photos/side_view_images/P3050829.JPG,3.18,3.18,2.890406847000122,-0.2895931529998781,0.2895931529998781
densenet121,concat,linear,136,35,photos/top_view_images/P3050474.JPG,photos/side_view_images/P3050830.JPG,4.24,4.24,4.327518463134766,0.08751846313476541,0.08751846313476541
densenet121,concat,linear,137,36,photos/top_view_images/P3050475.JPG,photos/side_view_images/P3050831.JPG,1.06,1.06,1.162259578704834,0.10225957870483393,0.10225957870483393
densenet121,concat,linear,138,36,photos/top_view_images/P3050476.JPG,photos/side_view_images/P3050832.JPG,2.12,2.12,2.4788174629211426,0.35881746292114247,0.35881746292114247
densenet121,concat,linear,139,36,photos/top_view_images/P3050477.JPG,photos/side_view_images/P3050833.JPG,3.18,3.18,2.9730520248413086,-0.20694797515869157,0.20694797515869157
densenet121,concat,linear,140,36,photos/top_view_images/P3050478.JPG,photos/side_view_images/P3050834.JPG,4.24,4.24,3.517076015472412,-0.7229239845275881,0.7229239845275881
densenet121,concat,linear,141,37,photos/top_view_images/P3050479.JPG,photos/side_view_images/P3050835.JPG,1.06,1.06,0.6248879432678223,-0.4351120567321778,0.4351120567321778
densenet121,concat,linear,142,37,photos/top_view_images/P3050480.JPG,photos/side_view_images/P3050836.JPG,2.12,2.12,2.4334137439727783,0.3134137439727782,0.3134137439727782
densenet121,concat,linear,143,37,photos/top_view_images/P3050481.JPG,photos/side_view_images/P3050837.JPG,3.18,3.18,2.7048659324645996,-0.47513406753540055,0.47513406753540055
densenet121,concat,linear,144,37,photos/top_view_images/P3050482.JPG,photos/side_view_images/P3050838.JPG,4.24,4.24,3.933476209640503,-0.3065237903594973,0.3065237903594973
densenet121,concat,linear,145,38,photos/top_view_images/P3050484.JPG,photos/side_view_images/P3050840.JPG,1.06,1.06,1.0454390048980713,-0.014560995101928764,0.014560995101928764
densenet121,concat,linear,146,38,photos/top_view_images/P3050485.JPG,photos/side_view_images/P3050841.JPG,2.12,2.12,2.2063703536987305,0.08637035369873036,0.08637035369873036
densenet121,concat,linear,147,38,photos/top_view_images/P3050486.JPG,photos/side_view_images/P3050842.JPG,3.18,3.18,3.236973285675049,0.05697328567504867,0.05697328567504867
densenet121,concat,linear,148,38,photos/top_view_images/P3050487.JPG,photos/side_view_images/P3050843.JPG,4.24,4.24,3.977235794067383,-0.2627642059326174,0.2627642059326174
densenet121,concat,linear,149,39,photos/top_view_images/P3050488.JPG,photos/side_view_images/P3050844.JPG,1.06,1.06,1.0267329216003418,-0.033267078399658256,0.033267078399658256
densenet121,concat,linear,150,39,photos/top_view_images/P3050489.JPG,photos/side_view_images/P3050845.JPG,2.12,2.12,2.4015705585479736,0.2815705585479735,0.2815705585479735
densenet121,concat,linear,151,39,photos/top_view_images/P3050490.JPG,photos/side_view_images/P3050846.JPG,3.18,3.18,3.352789878845215,0.17278987884521468,0.17278987884521468
densenet121,concat,linear,152,39,photos/top_view_images/P3050491.JPG,photos/side_view_images/P3050847.JPG,4.24,4.24,3.9503190517425537,-0.2896809482574465,0.2896809482574465
densenet121,concat,linear,153,40,photos/top_view_images/P3050492.JPG,photos/side_view_images/P3050848.JPG,1.06,1.06,1.2070176601409912,0.14701766014099116,0.14701766014099116
densenet121,concat,linear,154,40,photos/top_view_images/P3050493.JPG,photos/side_view_images/P3050849.JPG,2.12,2.12,2.0909981727600098,-0.02900182723999034,0.02900182723999034
densenet121,concat,linear,155,40,photos/top_view_images/P3050494.JPG,photos/side_view_images/P3050850.JPG,3.18,3.18,3.293612241744995,0.11361224174499496,0.11361224174499496
densenet121,concat,linear,156,40,photos/top_view_images/P3050495.JPG,photos/side_view_images/P3050851.JPG,4.24,4.24,3.7691650390625,-0.4708349609375002,0.4708349609375002
densenet121,concat,linear,157,41,photos/top_view_images/P3050496.JPG,photos/side_view_images/P3050852.JPG,1.06,1.06,1.198486089706421,0.13848608970642085,0.13848608970642085
densenet121,concat,linear,158,41,photos/top_view_images/P3050497.JPG,photos/side_view_images/P3050853.JPG,2.12,2.12,2.078422784805298,-0.041577215194702255,0.041577215194702255
densenet121,concat,linear,159,41,photos/top_view_images/P3050498.JPG,photos/side_view_images/P3050854.JPG,3.18,3.18,3.3516175746917725,0.1716175746917723,0.1716175746917723
densenet121,concat,linear,160,41,photos/top_view_images/P3050499.JPG,photos/side_view_images/P3050855.JPG,4.24,4.24,3.8861734867095947,-0.3538265132904055,0.3538265132904055
densenet121,concat,linear,161,42,photos/top_view_images/P3050500.JPG,photos/side_view_images/P3050857.JPG,2.12,2.12,1.819159746170044,-0.30084025382995616,0.30084025382995616
densenet121,concat,linear,162,42,photos/top_view_images/P3050501.JPG,photos/side_view_images/P3050858.JPG,3.18,3.18,3.176443099975586,-0.0035569000244142224,0.0035569000244142224
densenet121,concat,linear,163,43,photos/top_view_images/P3060503.JPG,photos/side_view_images/P3060859.JPG,1.06,1.06,0.9239728450775146,-0.1360271549224854,0.1360271549224854
densenet121,concat,linear,164,43,photos/top_view_images/P3060504.JPG,photos/side_view_images/P3060860.JPG,2.12,2.12,2.1909232139587402,0.07092321395874013,0.07092321395874013
densenet121,concat,linear,165,43,photos/top_view_images/P3060505.JPG,photos/side_view_images/P3060861.JPG,3.18,3.18,3.450969696044922,0.2709696960449217,0.2709696960449217
densenet121,concat,linear,166,43,photos/top_view_images/P3060506.JPG,photos/side_view_images/P3060862.JPG,4.24,4.24,3.9001524448394775,-0.3398475551605227,0.3398475551605227
densenet121,concat,linear,167,44,photos/top_view_images/P3060507.JPG,photos/side_view_images/P3060863.JPG,1.06,1.06,1.0220904350280762,-0.03790956497192388,0.03790956497192388
densenet121,concat,linear,168,44,photos/top_view_images/P3060508.JPG,photos/side_view_images/P3060864.JPG,2.12,2.12,1.9649765491485596,-0.15502345085144054,0.15502345085144054
densenet121,concat,linear,169,44,photos/top_view_images/P3060509.JPG,photos/side_view_images/P3060865.JPG,3.18,3.18,3.3891818523406982,0.20918185234069808,0.20918185234069808
densenet121,concat,linear,170,44,photos/top_view_images/P3060510.JPG,photos/side_view_images/P3060866.JPG,4.24,4.24,3.9557766914367676,-0.28422330856323264,0.28422330856323264
densenet121,concat,linear,171,45,photos/top_view_images/P3060511.JPG,photos/side_view_images/P3060867.JPG,1.06,1.06,1.099670648574829,0.03967064857482905,0.03967064857482905
densenet121,concat,linear,172,45,photos/top_view_images/P3060512.JPG,photos/side_view_images/P3060868.JPG,2.12,2.12,1.91752028465271,-0.20247971534729015,0.20247971534729015
densenet121,concat,linear,173,45,photos/top_view_images/P3060513.JPG,photos/side_view_images/P3060869.JPG,3.18,3.18,3.1824464797973633,0.0024464797973631214,0.0024464797973631214
densenet121,concat,linear,174,45,photos/top_view_images/P3060514.JPG,photos/side_view_images/P3060870.JPG,4.24,4.24,4.265889644622803,0.02588964462280252,0.02588964462280252
densenet121,concat,linear,175,46,photos/top_view_images/P3060515.JPG,photos/side_view_images/P3060871.JPG,1.06,1.06,1.4099901914596558,0.3499901914596557,0.3499901914596557
densenet121,concat,linear,176,46,photos/top_view_images/P3060516.JPG,photos/side_view_images/P3060872.JPG,2.12,2.12,2.0734071731567383,-0.046592826843261825,0.046592826843261825
densenet121,concat,linear,177,46,photos/top_view_images/P3060517.JPG,photos/side_view_images/P3060873.JPG,3.18,3.18,3.244626045227051,0.06462604522705062,0.06462604522705062
densenet121,concat,linear,178,46,photos/top_view_images/P3060518.JPG,photos/side_view_images/P3060874.JPG,4.24,4.24,3.5969314575195312,-0.643068542480469,0.643068542480469
densenet121,concat,linear,179,47,photos/top_view_images/P3060519.JPG,photos/side_view_images/P3060875.JPG,1.06,1.06,1.237802267074585,0.1778022670745849,0.1778022670745849
densenet121,concat,linear,180,47,photos/top_view_images/P3060520.JPG,photos/side_view_images/P3060876.JPG,2.12,2.12,2.593897581100464,0.47389758110046376,0.47389758110046376
densenet121,concat,linear,181,47,photos/top_view_images/P3060521.JPG,photos/side_view_images/P3060877.JPG,3.18,3.18,2.963742733001709,-0.21625726699829118,0.21625726699829118
densenet121,concat,linear,182,47,photos/top_view_images/P3060522.JPG,photos/side_view_images/P3060878.JPG,4.24,4.24,3.5943737030029297,-0.6456262969970705,0.6456262969970705
densenet121,concat,linear,183,48,photos/top_view_images/P3060523.JPG,photos/side_view_images/P3060879.JPG,1.06,1.06,1.59853994846344,0.5385399484634399,0.5385399484634399
densenet121,concat,linear,184,48,photos/top_view_images/P3060524.JPG,photos/side_view_images/P3060880.JPG,2.12,2.12,2.218613624572754,0.0986136245727538,0.0986136245727538
densenet121,concat,linear,185,48,photos/top_view_images/P3060525.JPG,photos/side_view_images/P3060881.JPG,3.18,3.18,2.943633556365967,-0.23636644363403336,0.23636644363403336
densenet121,concat,linear,186,48,photos/top_view_images/P3060526.JPG,photos/side_view_images/P3060882.JPG,4.24,4.24,3.3038582801818848,-0.9361417198181154,0.9361417198181154
densenet121,concat,linear,187,49,photos/top_view_images/P3060527.JPG,photos/side_view_images/P3060883.JPG,1.06,1.06,1.2100634574890137,0.15006345748901362,0.15006345748901362
densenet121,concat,linear,188,49,photos/top_view_images/P3060528.JPG,photos/side_view_images/P3060884.JPG,2.12,2.12,2.343991756439209,0.22399175643920888,0.22399175643920888
densenet121,concat,linear,189,49,photos/top_view_images/P3060529.JPG,photos/side_view_images/P3060885.JPG,3.18,3.18,3.7522730827331543,0.5722730827331541,0.5722730827331541
densenet121,concat,linear,190,49,photos/top_view_images/P3060530.JPG,photos/side_view_images/P3060886.JPG,4.24,4.24,3.2440032958984375,-0.9959967041015627,0.9959967041015627
densenet121,concat,linear,191,50,photos/top_view_images/P3060531.JPG,photos/side_view_images/P3060887.JPG,1.06,1.06,1.3278039693832397,0.2678039693832397,0.2678039693832397
densenet121,concat,linear,192,50,photos/top_view_images/P3060532.JPG,photos/side_view_images/P3060888.JPG,2.12,2.12,2.336500883102417,0.21650088310241689,0.21650088310241689
densenet121,concat,linear,193,50,photos/top_view_images/P3060533.JPG,photos/side_view_images/P3060889.JPG,3.18,3.18,3.2519733905792236,0.07197339057922347,0.07197339057922347
densenet121,concat,linear,194,50,photos/top_view_images/P3060534.JPG,photos/side_view_images/P3060890.JPG,4.24,4.24,3.9516043663024902,-0.28839563369751,0.28839563369751
densenet121,concat,linear,195,51,photos/top_view_images/P3060535.JPG,photos/side_view_images/P3060891.JPG,1.06,1.06,1.2370359897613525,0.17703598976135249,0.17703598976135249
densenet121,concat,linear,196,51,photos/top_view_images/P3060536.JPG,photos/side_view_images/P3060892.JPG,2.12,2.12,2.0927486419677734,-0.02725135803222667,0.02725135803222667
densenet121,concat,linear,197,51,photos/top_view_images/P3060537.JPG,photos/side_view_images/P3060893.JPG,3.18,3.18,3.190664768218994,0.01066476821899398,0.01066476821899398
densenet121,concat,linear,198,51,photos/top_view_images/P3060538.JPG,photos/side_view_images/P3060894.JPG,4.24,4.24,3.960561990737915,-0.2794380092620852,0.2794380092620852
densenet121,concat,linear,199,52,photos/top_view_images/P3060539.JPG,photos/side_view_images/P3060895.JPG,1.06,1.06,1.1936182975769043,0.13361829757690424,0.13361829757690424
densenet121,concat,linear,200,52,photos/top_view_images/P3060540.JPG,photos/side_view_images/P3060896.JPG,2.12,2.12,2.6306612491607666,0.5106612491607665,0.5106612491607665
densenet121,concat,linear,201,52,photos/top_view_images/P3060541.JPG,photos/side_view_images/P3060897.JPG,3.18,3.18,3.1670873165130615,-0.012912683486938636,0.012912683486938636
densenet121,concat,linear,202,52,photos/top_view_images/P3060542.JPG,photos/side_view_images/P3060898.JPG,4.24,4.24,3.8402462005615234,-0.3997537994384768,0.3997537994384768
densenet121,concat,linear,203,53,photos/top_view_images/P3060543.JPG,photos/side_view_images/P3060899.JPG,1.06,1.06,0.8535428047180176,-0.20645719528198248,0.20645719528198248
densenet121,concat,linear,204,53,photos/top_view_images/P3060544.JPG,photos/side_view_images/P3060900.JPG,2.12,2.12,2.1735405921936035,0.05354059219360341,0.05354059219360341
densenet121,concat,linear,205,53,photos/top_view_images/P3060545.JPG,photos/side_view_images/P3060901.JPG,3.18,3.18,3.3813414573669434,0.2013414573669432,0.2013414573669432
densenet121,concat,linear,206,53,photos/top_view_images/P3060546.JPG,photos/side_view_images/P3060902.JPG,4.24,4.24,3.4558191299438477,-0.7841808700561526,0.7841808700561526
densenet121,concat,linear,207,54,photos/top_view_images/P3060547.JPG,photos/side_view_images/P3060903.JPG,1.06,1.06,1.4276779890060425,0.3676779890060424,0.3676779890060424
densenet121,concat,linear,208,54,photos/top_view_images/P3060548.JPG,photos/side_view_images/P3060904.JPG,2.12,2.12,2.1742680072784424,0.054268007278442276,0.054268007278442276
densenet121,concat,linear,209,54,photos/top_view_images/P3060549.JPG,photos/side_view_images/P3060905.JPG,3.18,3.18,3.4025659561157227,0.2225659561157225,0.2225659561157225
densenet121,concat,linear,210,55,photos/top_view_images/P3060550.JPG,photos/side_view_images/P3060906.JPG,1.06,1.06,0.9255726337432861,-0.13442736625671392,0.13442736625671392
densenet121,concat,linear,211,55,photos/top_view_images/P3060551.JPG,photos/side_view_images/P3060907.JPG,2.12,2.12,2.353935956954956,0.23393595695495595,0.23393595695495595
densenet121,concat,linear,212,55,photos/top_view_images/P3060552.JPG,photos/side_view_images/P3060908.JPG,3.18,3.18,3.007835865020752,-0.1721641349792482,0.1721641349792482
densenet121,concat,linear,213,55,photos/top_view_images/P3060553.JPG,photos/side_view_images/P3060909.JPG,4.24,4.24,3.6516292095184326,-0.5883707904815676,0.5883707904815676
densenet121,concat,linear,214,56,photos/top_view_images/P3060554.JPG,photos/side_view_images/P3060910.JPG,1.06,1.06,0.909494161605835,-0.1505058383941651,0.1505058383941651
densenet121,concat,linear,215,56,photos/top_view_images/P3060555.JPG,photos/side_view_images/P3060911.JPG,2.12,2.12,2.407637357711792,0.2876373577117919,0.2876373577117919
densenet121,concat,linear,216,56,photos/top_view_images/P3060556.JPG,photos/side_view_images/P3060912.JPG,3.18,3.18,3.1620426177978516,-0.017957382202148597,0.017957382202148597
densenet121,concat,linear,217,57,photos/top_view_images/P3090558.JPG,photos/side_view_images/P3090914.JPG,1.06,1.06,1.3108627796173096,0.2508627796173095,0.2508627796173095
densenet121,concat,linear,218,57,photos/top_view_images/P3090559.JPG,photos/side_view_images/P3090915.JPG,2.12,2.12,1.9718869924545288,-0.1481130075454713,0.1481130075454713
densenet121,concat,linear,219,57,photos/top_view_images/P3090560.JPG,photos/side_view_images/P3090916.JPG,3.18,3.18,2.988420248031616,-0.19157975196838395,0.19157975196838395
densenet121,concat,linear,220,57,photos/top_view_images/P3090561.JPG,photos/side_view_images/P3090917.JPG,4.24,4.24,4.306766033172607,0.06676603317260721,0.06676603317260721
densenet121,concat,linear,221,58,photos/top_view_images/P3090562.JPG,photos/side_view_images/P3090918.JPG,1.06,1.06,1.1447277069091797,0.08472770690917963,0.08472770690917963
densenet121,concat,linear,222,58,photos/top_view_images/P3090563.JPG,photos/side_view_images/P3090919.JPG,2.12,2.12,2.528508424758911,0.408508424758911,0.408508424758911
densenet121,concat,linear,223,58,photos/top_view_images/P3090564.JPG,photos/side_view_images/P3090920.JPG,3.18,3.18,3.07369065284729,-0.10630934715271012,0.10630934715271012
densenet121,concat,linear,224,58,photos/top_view_images/P3090565.JPG,photos/side_view_images/P3090921.JPG,4.24,4.24,3.9095077514648438,-0.33049224853515646,0.33049224853515646
densenet121,concat,linear,225,59,photos/top_view_images/P3090566.JPG,photos/side_view_images/P3090922.JPG,1.06,1.06,1.466068148612976,0.406068148612976,0.406068148612976
densenet121,concat,linear,226,59,photos/top_view_images/P3090567.JPG,photos/side_view_images/P3090923.JPG,2.12,2.12,1.8061244487762451,-0.313875551223755,0.313875551223755
densenet121,concat,linear,227,59,photos/top_view_images/P3090568.JPG,photos/side_view_images/P3090924.JPG,3.18,3.18,3.492114543914795,0.31211454391479476,0.31211454391479476
densenet121,concat,linear,228,59,photos/top_view_images/P3090569.JPG,photos/side_view_images/P3090925.JPG,4.24,4.24,3.8459982872009277,-0.3940017127990725,0.3940017127990725
densenet121,concat,linear,229,60,photos/top_view_images/P3090570.JPG,photos/side_view_images/P3090926.JPG,1.06,1.06,1.2125186920166016,0.1525186920166015,0.1525186920166015
densenet121,concat,linear,230,60,photos/top_view_images/P3090571.JPG,photos/side_view_images/P3090927.JPG,2.12,2.12,1.7849615812301636,-0.33503841876983653,0.33503841876983653
densenet121,concat,linear,231,60,photos/top_view_images/P3090572.JPG,photos/side_view_images/P3090928.JPG,3.18,3.18,2.894205093383789,-0.2857949066162111,0.2857949066162111
densenet121,concat,linear,232,60,photos/top_view_images/P3090573.JPG,photos/side_view_images/P3090929.JPG,4.24,4.24,4.130170822143555,-0.10982917785644553,0.10982917785644553
densenet121,concat,linear,233,61,photos/top_view_images/P3090574.JPG,photos/side_view_images/P3090930.JPG,1.06,1.06,0.9453330039978027,-0.11466699600219732,0.11466699600219732
densenet121,concat,linear,234,61,photos/top_view_images/P3090575.JPG,photos/side_view_images/P3090931.JPG,2.12,2.12,1.9662530422210693,-0.15374695777893077,0.15374695777893077
densenet121,concat,linear,235,61,photos/top_view_images/P3090576.JPG,photos/side_view_images/P3090932.JPG,3.18,3.18,2.5962867736816406,-0.5837132263183595,0.5837132263183595
densenet121,concat,linear,236,61,photos/top_view_images/P3090577.JPG,photos/side_view_images/P3090933.JPG,4.24,4.24,4.17487907409668,-0.06512092590332053,0.06512092590332053
densenet121,concat,linear,237,62,photos/top_view_images/P3090578.JPG,photos/side_view_images/P3090934.JPG,1.06,1.06,1.4326870441436768,0.3726870441436767,0.3726870441436767
densenet121,concat,linear,238,62,photos/top_view_images/P3090579.JPG,photos/side_view_images/P3090935.JPG,2.12,2.12,2.4147791862487793,0.2947791862487792,0.2947791862487792
densenet121,concat,linear,239,62,photos/top_view_images/P3090580.JPG,photos/side_view_images/P3090936.JPG,3.18,3.18,3.1718263626098633,-0.008173637390136879,0.008173637390136879
densenet121,concat,linear,240,62,photos/top_view_images/P3090581.JPG,photos/side_view_images/P3090937.JPG,4.24,4.24,4.11844539642334,-0.12155460357666037,0.12155460357666037
densenet121,concat,linear,241,63,photos/top_view_images/P3090582.JPG,photos/side_view_images/P3090938.JPG,1.06,1.06,1.155507206916809,0.09550720691680903,0.09550720691680903
densenet121,concat,linear,242,63,photos/top_view_images/P3090583.JPG,photos/side_view_images/P3090939.JPG,3.18,3.18,3.242011070251465,0.062011070251464684,0.062011070251464684
densenet121,concat,linear,243,63,photos/top_view_images/P3090584.JPG,photos/side_view_images/P3090940.JPG,4.24,4.24,3.7429873943328857,-0.49701260566711447,0.49701260566711447
densenet121,concat,linear,244,64,photos/top_view_images/P3090585.JPG,photos/side_view_images/P3090941.JPG,1.06,1.06,1.6941899061203003,0.6341899061203002,0.6341899061203002
densenet121,concat,linear,245,64,photos/top_view_images/P3090586.JPG,photos/side_view_images/P3090942.JPG,2.12,2.12,2.0608649253845215,-0.05913507461547862,0.05913507461547862
densenet121,concat,linear,246,64,photos/top_view_images/P3090587.JPG,photos/side_view_images/P3090943.JPG,3.18,3.18,3.1737287044525146,-0.0062712955474855114,0.0062712955474855114
densenet121,concat,linear,247,64,photos/top_view_images/P3090588.JPG,photos/side_view_images/P3090944.JPG,4.24,4.24,3.6310482025146484,-0.6089517974853518,0.6089517974853518
densenet121,concat,linear,248,65,photos/top_view_images/P3090589.JPG,photos/side_view_images/P3090945.JPG,1.06,1.06,1.2214845418930054,0.16148454189300532,0.16148454189300532
densenet121,concat,linear,249,65,photos/top_view_images/P3090590.JPG,photos/side_view_images/P3090946.JPG,2.12,2.12,1.7547950744628906,-0.3652049255371095,0.3652049255371095
densenet121,concat,linear,250,65,photos/top_view_images/P3090591.JPG,photos/side_view_images/P3090947.JPG,3.18,3.18,3.2134296894073486,0.03342968940734847,0.03342968940734847
densenet121,concat,linear,251,65,photos/top_view_images/P3090592.JPG,photos/side_view_images/P3090948.JPG,4.24,4.24,4.569994926452637,0.3299949264526365,0.3299949264526365
densenet121,concat,linear,252,66,photos/top_view_images/P3090593.JPG,photos/side_view_images/P3090949.JPG,1.06,1.06,1.4550834894180298,0.39508348941802973,0.39508348941802973
densenet121,concat,linear,253,66,photos/top_view_images/P3090594.JPG,photos/side_view_images/P3090950.JPG,2.12,2.12,2.243150234222412,0.123150234222412,0.123150234222412
densenet121,concat,linear,254,66,photos/top_view_images/P3090596.JPG,photos/side_view_images/P3090952.JPG,3.18,3.18,3.4253344535827637,0.2453344535827635,0.2453344535827635
densenet121,concat,linear,255,66,photos/top_view_images/P3090597.JPG,photos/side_view_images/P3090953.JPG,4.24,4.24,3.843109130859375,-0.3968908691406252,0.3968908691406252
densenet121,concat,linear,256,67,photos/top_view_images/P3090598.JPG,photos/side_view_images/P3090954.JPG,1.06,1.06,0.9905750751495361,-0.06942492485046392,0.06942492485046392
densenet121,concat,linear,257,67,photos/top_view_images/P3090599.JPG,photos/side_view_images/P3090955.JPG,2.12,2.12,2.2740659713745117,0.1540659713745116,0.1540659713745116
densenet121,concat,linear,258,67,photos/top_view_images/P3090600.JPG,photos/side_view_images/P3090956.JPG,3.18,3.18,3.436879873275757,0.2568798732757567,0.2568798732757567
densenet121,concat,linear,259,67,photos/top_view_images/P3090601.JPG,photos/side_view_images/P3090957.JPG,4.24,4.24,3.9132509231567383,-0.32674907684326193,0.32674907684326193
densenet121,concat,linear,260,68,photos/top_view_images/P3090602.JPG,photos/side_view_images/P3090958.JPG,1.06,1.06,1.1529381275177002,0.09293812751770014,0.09293812751770014
densenet121,concat,linear,261,68,photos/top_view_images/P3090603.JPG,photos/side_view_images/P3090959.JPG,2.12,2.12,2.2135658264160156,0.09356582641601552,0.09356582641601552
densenet121,concat,linear,262,68,photos/top_view_images/P3090604.JPG,photos/side_view_images/P3090960.JPG,3.18,3.18,3.347654342651367,0.16765434265136703,0.16765434265136703
densenet121,concat,linear,263,68,photos/top_view_images/P3090605.JPG,photos/side_view_images/P3090961.JPG,4.24,4.24,3.682050943374634,-0.5579490566253664,0.5579490566253664
densenet121,concat,linear,264,69,photos/top_view_images/P3090606.JPG,photos/side_view_images/P3090962.JPG,1.06,1.06,1.4322503805160522,0.3722503805160522,0.3722503805160522
densenet121,concat,linear,265,69,photos/top_view_images/P3090607.JPG,photos/side_view_images/P3090963.JPG,2.12,2.12,1.9669826030731201,-0.15301739692688,0.15301739692688
densenet121,concat,linear,266,69,photos/top_view_images/P3090608.JPG,photos/side_view_images/P3090964.JPG,3.18,3.18,3.066124439239502,-0.1138755607604982,0.1138755607604982
densenet121,concat,linear,267,69,photos/top_view_images/P3090609.JPG,photos/side_view_images/P3090965.JPG,4.24,4.24,3.973686933517456,-0.26631306648254416,0.26631306648254416
densenet121,concat,linear,268,70,photos/top_view_images/P3090610.JPG,photos/side_view_images/P3090966.JPG,1.06,1.06,1.1360468864440918,0.07604688644409174,0.07604688644409174
densenet121,concat,linear,269,70,photos/top_view_images/P3090612.JPG,photos/side_view_images/P3090967.JPG,2.12,2.12,2.419440269470215,0.29944026947021474,0.29944026947021474
densenet121,concat,linear,270,70,photos/top_view_images/P3090613.JPG,photos/side_view_images/P3090968.JPG,3.18,3.18,2.787972927093506,-0.3920270729064943,0.3920270729064943
densenet121,concat,linear,271,70,photos/top_view_images/P3090614.JPG,photos/side_view_images/P3090969.JPG,4.24,4.24,4.267221927642822,0.027221927642822052,0.027221927642822052
densenet121,concat,linear,272,71,photos/top_view_images/P3090615.JPG,photos/side_view_images/P3090970.JPG,1.06,1.06,1.5163019895553589,0.45630198955535883,0.45630198955535883
densenet121,concat,linear,273,71,photos/top_view_images/P3090616.JPG,photos/side_view_images/P3090971.JPG,2.12,2.12,2.3545196056365967,0.23451960563659657,0.23451960563659657
densenet121,concat,linear,274,71,photos/top_view_images/P3090617.JPG,photos/side_view_images/P3090972.JPG,3.18,3.18,3.1282660961151123,-0.051733903884887855,0.051733903884887855
densenet121,concat,linear,275,71,photos/top_view_images/P3090618.JPG,photos/side_view_images/P3090973.JPG,4.24,4.24,4.467764854431152,0.22776485443115213,0.22776485443115213
densenet121,concat,linear,276,72,photos/top_view_images/P3090619.JPG,photos/side_view_images/P3090974.JPG,1.06,1.06,1.6903419494628906,0.6303419494628906,0.6303419494628906
densenet121,concat,linear,277,72,photos/top_view_images/P3090620.JPG,photos/side_view_images/P3090975.JPG,2.12,2.12,2.2021214962005615,0.08212149620056142,0.08212149620056142
densenet121,concat,linear,278,72,photos/top_view_images/P3090621.JPG,photos/side_view_images/P3090976.JPG,3.18,3.18,3.000643491744995,-0.17935650825500504,0.17935650825500504
densenet121,concat,linear,279,72,photos/top_view_images/P3090622.JPG,photos/side_view_images/P3090977.JPG,4.24,4.24,3.94551420211792,-0.2944857978820803,0.2944857978820803
densenet121,concat,linear,280,73,photos/top_view_images/P3090623.JPG,photos/side_view_images/P3090978.JPG,1.06,1.06,1.651778221130371,0.591778221130371,0.591778221130371
densenet121,concat,linear,281,73,photos/top_view_images/P3090624.JPG,photos/side_view_images/P3090979.JPG,2.12,2.12,2.3770532608032227,0.25705326080322255,0.25705326080322255
densenet121,concat,linear,282,73,photos/top_view_images/P3090625.JPG,photos/side_view_images/P3090980.JPG,3.18,3.18,3.286679267883301,0.10667926788330062,0.10667926788330062
densenet121,concat,linear,283,73,photos/top_view_images/P3090626.JPG,photos/side_view_images/P3090981.JPG,4.24,4.24,3.6451380252838135,-0.5948619747161867,0.5948619747161867
densenet121,concat,linear,284,74,photos/top_view_images/P3090627.JPG,photos/side_view_images/P3090982.JPG,1.06,1.06,1.3604308366775513,0.3004308366775512,0.3004308366775512
densenet121,concat,linear,285,74,photos/top_view_images/P3090628.JPG,photos/side_view_images/P3090983.JPG,2.12,2.12,2.3377950191497803,0.21779501914978017,0.21779501914978017
densenet121,concat,linear,286,74,photos/top_view_images/P3090629.JPG,photos/side_view_images/P3090984.JPG,3.18,3.18,3.00754714012146,-0.1724528598785402,0.1724528598785402
densenet121,concat,linear,287,74,photos/top_view_images/P3090630.JPG,photos/side_view_images/P3090985.JPG,4.24,4.24,3.992994785308838,-0.24700521469116232,0.24700521469116232
densenet121,concat,linear,288,75,photos/top_view_images/P3100631.JPG,photos/side_view_images/P3100986.JPG,1.06,1.06,0.7996675968170166,-0.26033240318298345,0.26033240318298345
densenet121,concat,linear,289,75,photos/top_view_images/P3100632.JPG,photos/side_view_images/P3100987.JPG,2.12,2.12,2.394005537033081,0.27400553703308095,0.27400553703308095
densenet121,concat,linear,290,75,photos/top_view_images/P3100633.JPG,photos/side_view_images/P3100988.JPG,3.18,3.18,3.565152645111084,0.3851526451110838,0.3851526451110838
densenet121,concat,linear,291,75,photos/top_view_images/P3100634.JPG,photos/side_view_images/P3100989.JPG,4.24,4.24,4.012463092803955,-0.22753690719604514,0.22753690719604514
densenet121,concat,linear,292,76,photos/top_view_images/P3100635.JPG,photos/side_view_images/P3100990.JPG,1.06,1.06,1.1628453731536865,0.10284537315368647,0.10284537315368647
densenet121,concat,linear,293,76,photos/top_view_images/P3100636.JPG,photos/side_view_images/P3100991.JPG,2.12,2.12,2.1059494018554688,-0.014050598144531357,0.014050598144531357
densenet121,concat,linear,294,76,photos/top_view_images/P3100637.JPG,photos/side_view_images/P3100992.JPG,3.18,3.18,3.3918027877807617,0.21180278778076156,0.21180278778076156
densenet121,concat,linear,295,76,photos/top_view_images/P3100638.JPG,photos/side_view_images/P3100993.JPG,4.24,4.24,3.902029037475586,-0.3379709625244143,0.3379709625244143
densenet121,concat,linear,296,77,photos/top_view_images/P3100639.JPG,photos/side_view_images/P3100994.JPG,1.06,1.06,1.139015555381775,0.07901555538177485,0.07901555538177485
densenet121,concat,linear,297,77,photos/top_view_images/P3100640.JPG,photos/side_view_images/P3100995.JPG,2.12,2.12,1.8889405727386475,-0.23105942726135265,0.23105942726135265
densenet121,concat,linear,298,77,photos/top_view_images/P3100641.JPG,photos/side_view_images/P3100996.JPG,3.18,3.18,3.3999202251434326,0.21992022514343246,0.21992022514343246
densenet121,concat,linear,299,78,photos/top_view_images/P3100643.JPG,photos/side_view_images/P3100997.JPG,1.06,1.06,1.43634831905365,0.37634831905364985,0.37634831905364985
densenet121,concat,linear,300,78,photos/top_view_images/P3100644.JPG,photos/side_view_images/P3100998.JPG,2.12,2.12,1.9535375833511353,-0.16646241664886485,0.16646241664886485
densenet121,concat,linear,301,78,photos/top_view_images/P3100645.JPG,photos/side_view_images/P3100999.JPG,3.18,3.18,3.350419521331787,0.17041952133178695,0.17041952133178695
densenet121,concat,linear,302,78,photos/top_view_images/P3100646.JPG,photos/side_view_images/P3101000.JPG,4.24,4.24,3.7829244136810303,-0.45707558631896994,0.45707558631896994
densenet121,concat,linear,303,79,photos/top_view_images/P3100647.JPG,photos/side_view_images/P3101001.JPG,1.06,1.06,0.8318455219268799,-0.22815447807312017,0.22815447807312017
densenet121,concat,linear,304,79,photos/top_view_images/P3100648.JPG,photos/side_view_images/P3101002.JPG,2.12,2.12,2.336007833480835,0.21600783348083485,0.21600783348083485
densenet121,concat,linear,305,79,photos/top_view_images/P3100649.JPG,photos/side_view_images/P3101003.JPG,3.18,3.18,3.567762613296509,0.38776261329650863,0.38776261329650863
densenet121,concat,linear,306,80,photos/top_view_images/P3100650.JPG,photos/side_view_images/P3101004.JPG,1.06,1.06,0.9115250110626221,-0.14847498893737798,0.14847498893737798
densenet121,concat,linear,307,80,photos/top_view_images/P3100651.JPG,photos/side_view_images/P3101005.JPG,2.12,2.12,2.380361795425415,0.26036179542541493,0.26036179542541493
densenet121,concat,linear,308,80,photos/top_view_images/P3100652.JPG,photos/side_view_images/P3101006.JPG,3.18,3.18,3.8190479278564453,0.6390479278564452,0.6390479278564452
densenet121,concat,linear,309,80,photos/top_view_images/P3100653.JPG,photos/side_view_images/P3101007.JPG,4.24,4.24,3.7026095390319824,-0.5373904609680178,0.5373904609680178
densenet121,concat,linear,310,81,photos/top_view_images/P3100654.JPG,photos/side_view_images/P3101008.JPG,1.06,1.06,0.4668412208557129,-0.5931587791442872,0.5931587791442872
densenet121,concat,linear,311,81,photos/top_view_images/P3100655.JPG,photos/side_view_images/P3101009.JPG,2.12,2.12,2.145616054534912,0.025616054534912003,0.025616054534912003
densenet121,concat,linear,312,81,photos/top_view_images/P3100656.JPG,photos/side_view_images/P3101010.JPG,3.18,3.18,3.569444417953491,0.38944441795349105,0.38944441795349105
densenet121,concat,linear,313,81,photos/top_view_images/P3100657.JPG,photos/side_view_images/P3101011.JPG,4.24,4.24,3.7575936317443848,-0.48240636825561545,0.48240636825561545
densenet121,concat,linear,314,82,photos/top_view_images/P3120658.JPG,photos/side_view_images/P3121012.JPG,1.06,1.06,1.3740099668502808,0.3140099668502807,0.3140099668502807
densenet121,concat,linear,315,82,photos/top_view_images/P3120659.JPG,photos/side_view_images/P3121013.JPG,2.12,2.12,2.581949472427368,0.46194947242736806,0.46194947242736806
densenet121,concat,linear,316,82,photos/top_view_images/P3120660.JPG,photos/side_view_images/P3121014.JPG,3.18,3.18,3.256298065185547,0.07629806518554672,0.07629806518554672
densenet121,concat,linear,317,82,photos/top_view_images/P3120661.JPG,photos/side_view_images/P3121015.JPG,4.24,4.24,4.032686710357666,-0.2073132896423342,0.2073132896423342
densenet121,concat,linear,318,83,photos/top_view_images/P3120662.JPG,photos/side_view_images/P3121016.JPG,1.06,1.06,1.322081208229065,0.2620812082290649,0.2620812082290649
densenet121,concat,linear,319,83,photos/top_view_images/P3120663.JPG,photos/side_view_images/P3121017.JPG,2.12,2.12,2.2623770236968994,0.1423770236968993,0.1423770236968993
densenet121,concat,linear,320,83,photos/top_view_images/P3120664.JPG,photos/side_view_images/P3121018.JPG,3.18,3.18,3.450028419494629,0.27002841949462875,0.27002841949462875
densenet121,concat,linear,321,83,photos/top_view_images/P3120665.JPG,photos/side_view_images/P3121019.JPG,4.24,4.24,4.174273490905762,-0.0657265090942385,0.0657265090942385
densenet121,concat,linear,322,84,photos/top_view_images/P3120666.JPG,photos/side_view_images/P3121020.JPG,1.06,1.06,1.1841975450515747,0.12419754505157465,0.12419754505157465
densenet121,concat,linear,323,84,photos/top_view_images/P3120667.JPG,photos/side_view_images/P3121021.JPG,2.12,2.12,2.3195340633392334,0.1995340633392333,0.1995340633392333
densenet121,concat,linear,324,84,photos/top_view_images/P3120668.JPG,photos/side_view_images/P3121022.JPG,3.18,3.18,3.2390503883361816,0.05905038833618148,0.05905038833618148
densenet121,concat,linear,325,84,photos/top_view_images/P3120669.JPG,photos/side_view_images/P3121023.JPG,4.24,4.24,3.9078152179718018,-0.33218478202819846,0.33218478202819846
densenet121,concat,linear,326,85,photos/top_view_images/P3120670.JPG,photos/side_view_images/P3121024.JPG,1.06,1.06,1.2404396533966064,0.1804396533966064,0.1804396533966064
densenet121,concat,linear,327,85,photos/top_view_images/P3120671.JPG,photos/side_view_images/P3121025.JPG,2.12,2.12,2.3015313148498535,0.1815313148498534,0.1815313148498534
densenet121,concat,linear,328,85,photos/top_view_images/P3120672.JPG,photos/side_view_images/P3121026.JPG,3.18,3.18,3.59478497505188,0.4147849750518797,0.4147849750518797
densenet121,concat,linear,329,85,photos/top_view_images/P3120673.JPG,photos/side_view_images/P3121027.JPG,4.24,4.24,3.2985074520111084,-0.9414925479888918,0.9414925479888918
densenet121,concat,linear,330,86,photos/top_view_images/P3120674.JPG,photos/side_view_images/P3121028.JPG,1.06,1.06,1.1797523498535156,0.11975234985351557,0.11975234985351557
densenet121,concat,linear,331,86,photos/top_view_images/P3120675.JPG,photos/side_view_images/P3121029.JPG,2.12,2.12,2.020944118499756,-0.09905588150024425,0.09905588150024425
densenet121,concat,linear,332,86,photos/top_view_images/P3120676.JPG,photos/side_view_images/P3121030.JPG,3.18,3.18,2.9106976985931396,-0.2693023014068605,0.2693023014068605
densenet121,concat,linear,333,86,photos/top_view_images/P3120677.JPG,photos/side_view_images/P3121031.JPG,4.24,4.24,3.3220157623291016,-0.9179842376708987,0.9179842376708987
densenet121,concat,linear,334,87,photos/top_view_images/P3120678.JPG,photos/side_view_images/P3121032.JPG,1.06,1.06,1.3458983898162842,0.2858983898162841,0.2858983898162841
densenet121,concat,linear,335,87,photos/top_view_images/P3120679.JPG,photos/side_view_images/P3121033.JPG,2.12,2.12,2.036724805831909,-0.08327519416809093,0.08327519416809093
densenet121,concat,linear,336,87,photos/top_view_images/P3120680.JPG,photos/side_view_images/P3121034.JPG,3.18,3.18,3.4939165115356445,0.31391651153564437,0.31391651153564437
densenet121,concat,linear,337,87,photos/top_view_images/P3120681.JPG,photos/side_view_images/P3121035.JPG,4.24,4.24,3.8672609329223633,-0.37273906707763693,0.37273906707763693
densenet121,concat,linear,338,88,photos/top_view_images/P3120682.JPG,photos/side_view_images/P3121036.JPG,1.06,1.06,1.5169717073440552,0.4569717073440551,0.4569717073440551
densenet121,concat,linear,339,88,photos/top_view_images/P3120683.JPG,photos/side_view_images/P3121037.JPG,2.12,2.12,1.9487438201904297,-0.17125617980957042,0.17125617980957042
densenet121,concat,linear,340,88,photos/top_view_images/P3120684.JPG,photos/side_view_images/P3121038.JPG,3.18,3.18,3.329261064529419,0.14926106452941879,0.14926106452941879
densenet121,concat,linear,341,88,photos/top_view_images/P3120685.JPG,photos/side_view_images/P3121039.JPG,4.24,4.24,3.767756700515747,-0.47224329948425314,0.47224329948425314
densenet121,concat,linear,342,89,photos/top_view_images/P3120686.JPG,photos/side_view_images/P3121040.JPG,1.06,1.06,1.451453447341919,0.3914534473419189,0.3914534473419189
densenet121,concat,linear,343,89,photos/top_view_images/P3120687.JPG,photos/side_view_images/P3121041.JPG,2.12,2.12,1.9309043884277344,-0.18909561157226573,0.18909561157226573
densenet121,concat,linear,344,89,photos/top_view_images/P3120688.JPG,photos/side_view_images/P3121042.JPG,3.18,3.18,3.4678730964660645,0.2878730964660643,0.2878730964660643
densenet121,concat,linear,345,89,photos/top_view_images/P3120689.JPG,photos/side_view_images/P3121043.JPG,4.24,4.24,3.8487353324890137,-0.39126466751098654,0.39126466751098654
densenet121,concat,linear,346,90,photos/top_view_images/P3120690.JPG,photos/side_view_images/P3121044.JPG,1.06,1.06,1.4488004446029663,0.38880044460296626,0.38880044460296626
densenet121,concat,linear,347,90,photos/top_view_images/P3120691.JPG,photos/side_view_images/P3121045.JPG,2.12,2.12,2.149054527282715,0.029054527282714737,0.029054527282714737
densenet121,concat,linear,348,90,photos/top_view_images/P3120692.JPG,photos/side_view_images/P3121046.JPG,3.18,3.18,3.306927442550659,0.12692744255065902,0.12692744255065902
densenet121,concat,linear,349,90,photos/top_view_images/P3120693.JPG,photos/side_view_images/P3121047.JPG,4.24,4.24,3.823796272277832,-0.4162037277221682,0.4162037277221682
densenet121,concat,linear,350,91,photos/top_view_images/P3120694.JPG,photos/side_view_images/P3121048.JPG,1.06,1.06,1.4524997472763062,0.3924997472763061,0.3924997472763061
densenet121,concat,linear,351,91,photos/top_view_images/P3120695.JPG,photos/side_view_images/P3121049.JPG,2.12,2.12,1.4361492395401,-0.6838507604599,0.6838507604599
densenet121,concat,linear,352,91,photos/top_view_images/P3120696.JPG,photos/side_view_images/P3121050.JPG,3.18,3.18,3.152036666870117,-0.027963333129882972,0.027963333129882972
densenet121,concat,linear,353,91,photos/top_view_images/P3120697.JPG,photos/side_view_images/P3121051.JPG,4.24,4.24,3.657367706298828,-0.5826322937011721,0.5826322937011721
densenet121,concat,linear,354,92,photos/top_view_images/P3120698.JPG,photos/side_view_images/P3121052.JPG,1.06,1.06,1.4800302982330322,0.4200302982330322,0.4200302982330322
densenet121,concat,linear,355,92,photos/top_view_images/P3120699.JPG,photos/side_view_images/P3121053.JPG,2.12,2.12,2.7005484104156494,0.5805484104156493,0.5805484104156493
densenet121,concat,linear,356,92,photos/top_view_images/P3120700.JPG,photos/side_view_images/P3121054.JPG,3.18,3.18,3.11594820022583,-0.06405179977417008,0.06405179977417008
densenet121,concat,linear,357,92,photos/top_view_images/P3120701.JPG,photos/side_view_images/P3121055.JPG,4.24,4.24,3.8039586544036865,-0.4360413455963137,0.4360413455963137
densenet121,concat,linear,358,93,photos/top_view_images/P3120702.JPG,photos/side_view_images/P3121056.JPG,1.06,1.06,1.6437410116195679,0.5837410116195678,0.5837410116195678
densenet121,concat,linear,359,93,photos/top_view_images/P3120703.JPG,photos/side_view_images/P3121057.JPG,2.12,2.12,2.167576789855957,0.047576789855956925,0.047576789855956925
densenet121,concat,linear,360,93,photos/top_view_images/P3120704.JPG,photos/side_view_images/P3121058.JPG,3.18,3.18,3.354536771774292,0.17453677177429183,0.17453677177429183
densenet121,concat,linear,361,93,photos/top_view_images/P3120705.JPG,photos/side_view_images/P3121059.JPG,4.24,4.24,3.827538013458252,-0.41246198654174826,0.41246198654174826
densenet121,concat,linear,362,94,photos/top_view_images/P3120706.JPG,photos/side_view_images/P3121060.JPG,1.06,1.06,1.6405677795410156,0.5805677795410156,0.5805677795410156
densenet121,concat,linear,363,94,photos/top_view_images/P3120707.JPG,photos/side_view_images/P3121061.JPG,2.12,2.12,1.704647421836853,-0.4153525781631471,0.4153525781631471
densenet121,concat,linear,364,94,photos/top_view_images/P3120708.JPG,photos/side_view_images/P3121062.JPG,3.18,3.18,3.1691789627075195,-0.010821037292480629,0.010821037292480629
densenet121,concat,linear,365,94,photos/top_view_images/P3120709.JPG,photos/side_view_images/P3121063.JPG,4.24,4.24,3.9006423950195312,-0.33935760498046896,0.33935760498046896
densenet121,concat,linear,366,95,photos/top_view_images/P3120710.JPG,photos/side_view_images/P3121064.JPG,1.06,1.06,1.3299717903137207,0.26997179031372065,0.26997179031372065
densenet121,concat,linear,367,95,photos/top_view_images/P3120711.JPG,photos/side_view_images/P3121065.JPG,2.12,2.12,2.0594899654388428,-0.06051003456115733,0.06051003456115733
densenet121,concat,linear,368,95,photos/top_view_images/P3120712.JPG,photos/side_view_images/P3121066.JPG,3.18,3.18,3.209266424179077,0.02926642417907699,0.02926642417907699
densenet121,concat,linear,369,95,photos/top_view_images/P3120713.JPG,photos/side_view_images/P3121067.JPG,4.24,4.24,4.317154407501221,0.07715440750122049,0.07715440750122049
densenet121,concat,linear,370,96,photos/top_view_images/P3130714.JPG,photos/side_view_images/P3131068.JPG,1.06,1.06,1.5178651809692383,0.45786518096923823,0.45786518096923823
densenet121,concat,linear,371,96,photos/top_view_images/P3130715.JPG,photos/side_view_images/P3131069.JPG,2.12,2.12,2.2037477493286133,0.08374774932861317,0.08374774932861317
densenet121,concat,linear,372,96,photos/top_view_images/P3130716.JPG,photos/side_view_images/P3131070.JPG,3.18,3.18,3.1610655784606934,-0.0189344215393068,0.0189344215393068
densenet121,concat,linear,373,96,photos/top_view_images/P3130717.JPG,photos/side_view_images/P3131071.JPG,4.24,4.24,4.360406875610352,0.12040687561035135,0.12040687561035135
densenet121,concat,linear,374,97,photos/top_view_images/P3130718.JPG,photos/side_view_images/P3131072.JPG,1.06,1.06,1.293450117111206,0.233450117111206,0.233450117111206
densenet121,concat,linear,375,97,photos/top_view_images/P3130719.JPG,photos/side_view_images/P3131073.JPG,2.12,2.12,2.020634412765503,-0.09936558723449718,0.09936558723449718
densenet121,concat,linear,376,97,photos/top_view_images/P3130720.JPG,photos/side_view_images/P3131074.JPG,3.18,3.18,3.7606050968170166,0.5806050968170164,0.5806050968170164
densenet121,concat,linear,377,97,photos/top_view_images/P3130721.JPG,photos/side_view_images/P3131075.JPG,4.24,4.24,3.762098789215088,-0.4779012107849123,0.4779012107849123
densenet121,concat,linear,378,98,photos/top_view_images/P3130722.JPG,photos/side_view_images/P3131076.JPG,1.06,1.06,1.3757493495941162,0.31574934959411616,0.31574934959411616
densenet121,concat,linear,379,98,photos/top_view_images/P3130723.JPG,photos/side_view_images/P3131077.JPG,2.12,2.12,1.9880344867706299,-0.13196551322937022,0.13196551322937022
densenet121,concat,linear,380,98,photos/top_view_images/P3130724.JPG,photos/side_view_images/P3131078.JPG,3.18,3.18,2.740532875061035,-0.439467124938965,0.439467124938965
densenet121,concat,linear,381,98,photos/top_view_images/P3130725.JPG,photos/side_view_images/P3131079.JPG,4.24,4.24,3.8345866203308105,-0.40541337966918967,0.40541337966918967
densenet121,concat,linear,382,99,photos/top_view_images/P3130726.JPG,photos/side_view_images/P3131080.JPG,1.06,1.06,1.353107213973999,0.29310721397399897,0.29310721397399897
densenet121,concat,linear,383,99,photos/top_view_images/P3130727.JPG,photos/side_view_images/P3131081.JPG,2.12,2.12,2.223748207092285,0.10374820709228505,0.10374820709228505
densenet121,concat,linear,384,99,photos/top_view_images/P3130728.JPG,photos/side_view_images/P3131082.JPG,3.18,3.18,3.3238940238952637,0.1438940238952635,0.1438940238952635
densenet121,concat,linear,385,99,photos/top_view_images/P3130729.JPG,photos/side_view_images/P3131083.JPG,4.24,4.24,3.8155226707458496,-0.4244773292541506,0.4244773292541506
densenet121,concat,linear,386,100,photos/top_view_images/P3130730.JPG,photos/side_view_images/P3131084.JPG,1.06,1.06,0.7643904685974121,-0.29560953140258794,0.29560953140258794
densenet121,concat,linear,387,100,photos/top_view_images/P3130731.JPG,photos/side_view_images/P3131085.JPG,2.12,2.12,2.303262948989868,0.18326294898986806,0.18326294898986806
densenet121,concat,linear,388,100,photos/top_view_images/P3130732.JPG,photos/side_view_images/P3131086.JPG,3.18,3.18,3.3913450241088867,0.21134502410888656,0.21134502410888656
densenet121,concat,linear,389,100,photos/top_view_images/P3130733.JPG,photos/side_view_images/P3131087.JPG,4.24,4.24,3.748629570007324,-0.491370429992676,0.491370429992676
densenet121,concat,linear,390,101,photos/top_view_images/P3130734.JPG,photos/side_view_images/P3131088.JPG,1.06,1.06,1.0953750610351562,0.0353750610351562,0.0353750610351562
densenet121,concat,linear,391,101,photos/top_view_images/P3130735.JPG,photos/side_view_images/P3131089.JPG,2.12,2.12,2.1308839321136475,0.010883932113647354,0.010883932113647354
densenet121,concat,linear,392,101,photos/top_view_images/P3130736.JPG,photos/side_view_images/P3131090.JPG,3.18,3.18,3.1420507431030273,-0.037949256896972816,0.037949256896972816
densenet121,concat,linear,393,102,photos/top_view_images/P3130737.JPG,photos/side_view_images/P3131091.JPG,1.06,1.06,1.223998785018921,0.16399878501892085,0.16399878501892085
densenet121,concat,linear,394,102,photos/top_view_images/P3130738.JPG,photos/side_view_images/P3131092.JPG,2.12,2.12,2.0644478797912598,-0.05555212020874034,0.05555212020874034
densenet121,concat,linear,395,102,photos/top_view_images/P3130739.JPG,photos/side_view_images/P3131093.JPG,3.18,3.18,3.003970146179199,-0.17602985382080094,0.17602985382080094
densenet121,concat,linear,396,102,photos/top_view_images/P3130740.JPG,photos/side_view_images/P3131094.JPG,4.24,4.24,3.885101795196533,-0.354898204803467,0.354898204803467
densenet121,concat,linear,397,103,photos/top_view_images/P3130741.JPG,photos/side_view_images/P3131095.JPG,1.06,1.06,1.5293269157409668,0.46932691574096674,0.46932691574096674
densenet121,concat,linear,398,103,photos/top_view_images/P3130742.JPG,photos/side_view_images/P3131096.JPG,2.12,2.12,1.7018349170684814,-0.41816508293151866,0.41816508293151866
densenet121,concat,linear,399,103,photos/top_view_images/P3130743.JPG,photos/side_view_images/P3131097.JPG,3.18,3.18,3.1263136863708496,-0.05368631362915055,0.05368631362915055
densenet121,concat,linear,400,103,photos/top_view_images/P3130744.JPG,photos/side_view_images/P3131098.JPG,4.24,4.24,4.119117736816406,-0.12088226318359396,0.12088226318359396
densenet121,concat,linear,401,104,photos/top_view_images/P3130745.JPG,photos/side_view_images/P3131099.JPG,1.06,1.06,0.6410989761352539,-0.41890102386474615,0.41890102386474615
densenet121,concat,linear,402,104,photos/top_view_images/P3130746.JPG,photos/side_view_images/P3131100.JPG,2.12,2.12,2.209743022918701,0.08974302291870107,0.08974302291870107
densenet121,concat,linear,403,104,photos/top_view_images/P3130747.JPG,photos/side_view_images/P3131101.JPG,3.18,3.18,3.1259713172912598,-0.054028682708740394,0.054028682708740394
densenet121,concat,linear,404,104,photos/top_view_images/P3130748.JPG,photos/side_view_images/P3131102.JPG,4.24,4.24,3.809431552886963,-0.4305684471130373,0.4305684471130373
densenet121,concat,linear,405,105,photos/top_view_images/P3130749.JPG,photos/side_view_images/P3131103.JPG,1.06,1.06,1.2374448776245117,0.17744487762451167,0.17744487762451167
densenet121,concat,linear,406,105,photos/top_view_images/P3130750.JPG,photos/side_view_images/P3131104.JPG,2.12,2.12,2.5219004154205322,0.4019004154205321,0.4019004154205321
densenet121,concat,linear,407,105,photos/top_view_images/P3130751.JPG,photos/side_view_images/P3131105.JPG,3.18,3.18,3.2736926078796387,0.09369260787963851,0.09369260787963851
densenet121,concat,linear,408,105,photos/top_view_images/P3130752.JPG,photos/side_view_images/P3131106.JPG,4.24,4.24,3.945053815841675,-0.2949461841583254,0.2949461841583254
densenet121,concat,linear,409,106,photos/top_view_images/P3130753.JPG,photos/side_view_images/P3131107.JPG,1.06,1.06,1.0254721641540527,-0.03452783584594732,0.03452783584594732
densenet121,concat,linear,410,106,photos/top_view_images/P3130754.JPG,photos/side_view_images/P3131108.JPG,2.12,2.12,2.386666774749756,0.26666677474975575,0.26666677474975575
densenet121,concat,linear,411,106,photos/top_view_images/P3130755.JPG,photos/side_view_images/P3131109.JPG,3.18,3.18,3.040107011795044,-0.13989298820495621,0.13989298820495621
densenet121,concat,linear,412,106,photos/top_view_images/P3130756.JPG,photos/side_view_images/P3131110.JPG,4.24,4.24,4.1254096031188965,-0.11459039688110373,0.11459039688110373
densenet121,concat,linear,413,107,photos/top_view_images/P3130757.JPG,photos/side_view_images/P3131111.JPG,1.06,1.06,1.2936453819274902,0.23364538192749018,0.23364538192749018
densenet121,concat,linear,414,107,photos/top_view_images/P3130758.JPG,photos/side_view_images/P3131112.JPG,2.12,2.12,2.164180040359497,0.044180040359496964,0.044180040359496964
densenet121,concat,linear,415,107,photos/top_view_images/P3130759.JPG,photos/side_view_images/P3131113.JPG,3.18,3.18,3.355421304702759,0.17542130470275863,0.17542130470275863
densenet121,concat,linear,416,107,photos/top_view_images/P3130760.JPG,photos/side_view_images/P3131114.JPG,4.24,4.24,3.9488697052001953,-0.2911302947998049,0.2911302947998049
densenet121,concat,linear,417,108,photos/top_view_images/P2090065.JPG,photos/side_view_images/P2090150.JPG,0.0,0.0,0.40000295639038086,0.40000295639038086,0.40000295639038086
densenet121,concat,linear,418,109,photos/top_view_images/P2160216.JPG,photos/side_view_images/P2160516.JPG,0.0,0.0,0.2369530200958252,0.2369530200958252,0.2369530200958252
densenet121,concat,linear,419,110,photos/top_view_images/P3100642.JPG,photos/side_view_images/P2020002.JPG,0.0,0.0,0.22039794921875,0.22039794921875,0.22039794921875
densenet121,concat,ridge,0,1,photos/top_view_images/P2260331.JPG,photos/side_view_images/P2260685.JPG,1.06,1.06,1.2642099857330322,0.20420998573303217,0.20420998573303217
densenet121,concat,ridge,1,1,photos/top_view_images/P2260332.JPG,photos/side_view_images/P2260686.JPG,2.12,2.12,2.3864731788635254,0.2664731788635253,0.2664731788635253
densenet121,concat,ridge,2,1,photos/top_view_images/P2260333.JPG,photos/side_view_images/P2260687.JPG,3.18,3.18,3.171192169189453,-0.008807830810547035,0.008807830810547035
densenet121,concat,ridge,3,1,photos/top_view_images/P2260334.JPG,photos/side_view_images/P2260688.JPG,4.24,4.24,3.7520532608032227,-0.48794673919677756,0.48794673919677756
densenet121,concat,ridge,4,2,photos/top_view_images/P2260335.JPG,photos/side_view_images/P2260689.JPG,1.06,1.06,0.9026765823364258,-0.15732341766357427,0.15732341766357427
densenet121,concat,ridge,5,2,photos/top_view_images/P2260336.JPG,photos/side_view_images/P2260690.JPG,2.12,2.12,1.9995133876800537,-0.1204866123199464,0.1204866123199464
densenet121,concat,ridge,6,2,photos/top_view_images/P2260337.JPG,photos/side_view_images/P2260692.JPG,3.18,3.18,3.603362560272217,0.42336256027221664,0.42336256027221664
densenet121,concat,ridge,7,2,photos/top_view_images/P2260339.JPG,photos/side_view_images/P2260693.JPG,4.24,4.24,3.730380058288574,-0.509619941711426,0.509619941711426
densenet121,concat,ridge,8,3,photos/top_view_images/P2260340.JPG,photos/side_view_images/P2260694.JPG,1.06,1.06,1.0686075687408447,0.008607568740844673,0.008607568740844673
densenet121,concat,ridge,9,3,photos/top_view_images/P2260341.JPG,photos/side_view_images/P2260695.JPG,2.12,2.12,2.3255038261413574,0.20550382614135732,0.20550382614135732
densenet121,concat,ridge,10,3,photos/top_view_images/P2260342.JPG,photos/side_view_images/P2260696.JPG,3.18,3.18,3.0324039459228516,-0.1475960540771486,0.1475960540771486
densenet121,concat,ridge,11,3,photos/top_view_images/P2260343.JPG,photos/side_view_images/P2260697.JPG,4.24,4.24,3.9112424850463867,-0.3287575149536135,0.3287575149536135
densenet121,concat,ridge,12,4,photos/top_view_images/P2260345.JPG,photos/side_view_images/P2260699.JPG,1.06,1.06,1.1585087776184082,0.09850877761840815,0.09850877761840815
densenet121,concat,ridge,13,4,photos/top_view_images/P2260346.JPG,photos/side_view_images/P2260700.JPG,2.12,2.12,1.814754605293274,-0.3052453947067262,0.3052453947067262
densenet121,concat,ridge,14,4,photos/top_view_images/P2260347.JPG,photos/side_view_images/P2260701.JPG,3.18,3.18,2.9303407669067383,-0.24965923309326188,0.24965923309326188
densenet121,concat,ridge,15,4,photos/top_view_images/P2260348.JPG,photos/side_view_images/P2260702.JPG,4.24,4.24,3.8633875846862793,-0.3766124153137209,0.3766124153137209
densenet121,concat,ridge,16,5,photos/top_view_images/P2260349.JPG,photos/side_view_images/P2260703.JPG,1.06,1.06,1.544350028038025,0.48435002803802485,0.48435002803802485
densenet121,concat,ridge,17,5,photos/top_view_images/P2260350.JPG,photos/side_view_images/P2260704.JPG,2.12,2.12,1.920676827430725,-0.199323172569275,0.199323172569275
densenet121,concat,ridge,18,5,photos/top_view_images/P2260351.JPG,photos/side_view_images/P2260705.JPG,3.18,3.18,3.2771496772766113,0.09714967727661117,0.09714967727661117
densenet121,concat,ridge,19,5,photos/top_view_images/P2260352.JPG,photos/side_view_images/P2260706.JPG,4.24,4.24,4.173921585083008,-0.0660784149169924,0.0660784149169924
densenet121,concat,ridge,20,6,photos/top_view_images/P2270353.JPG,photos/side_view_images/P2270707.JPG,1.06,1.06,1.358476996421814,0.2984769964218139,0.2984769964218139
densenet121,concat,ridge,21,6,photos/top_view_images/P2270354.JPG,photos/side_view_images/P2270708.JPG,2.12,2.12,2.3005759716033936,0.18057597160339345,0.18057597160339345
densenet121,concat,ridge,22,6,photos/top_view_images/P2270355.JPG,photos/side_view_images/P2270709.JPG,3.18,3.18,3.2462124824523926,0.06621248245239242,0.06621248245239242
densenet121,concat,ridge,23,6,photos/top_view_images/P2270356.JPG,photos/side_view_images/P2270710.JPG,4.24,4.24,4.146943092346191,-0.0930569076538088,0.0930569076538088
densenet121,concat,ridge,24,7,photos/top_view_images/P2270357.JPG,photos/side_view_images/P2270712.JPG,1.06,1.06,0.8650081157684326,-0.19499188423156744,0.19499188423156744
densenet121,concat,ridge,25,7,photos/top_view_images/P2270358.JPG,photos/side_view_images/P2270713.JPG,2.12,2.12,2.722838878631592,0.6028388786315917,0.6028388786315917
densenet121,concat,ridge,26,7,photos/top_view_images/P2270359.JPG,photos/side_view_images/P2270714.JPG,3.18,3.18,2.977588653564453,-0.20241134643554703,0.20241134643554703
densenet121,concat,ridge,27,7,photos/top_view_images/P2270360.JPG,photos/side_view_images/P2270715.JPG,4.24,4.24,4.066428184509277,-0.17357181549072287,0.17357181549072287
densenet121,concat,ridge,28,8,photos/top_view_images/P2270361.JPG,photos/side_view_images/P2270716.JPG,1.06,1.06,1.0511348247528076,-0.008865175247192436,0.008865175247192436
densenet121,concat,ridge,29,8,photos/top_view_images/P2270362.JPG,photos/side_view_images/P2270717.JPG,2.12,2.12,2.128709077835083,0.008709077835082901,0.008709077835082901
densenet121,concat,ridge,30,8,photos/top_view_images/P2270363.JPG,photos/side_view_images/P2270718.JPG,3.18,3.18,2.9568042755126953,-0.22319572448730485,0.22319572448730485
densenet121,concat,ridge,31,8,photos/top_view_images/P2270364.JPG,photos/side_view_images/P2270719.JPG,4.24,4.24,3.3493435382843018,-0.8906564617156985,0.8906564617156985
densenet121,concat,ridge,32,9,photos/top_view_images/P2270365.JPG,photos/side_view_images/P2270720.JPG,1.06,1.06,1.2118158340454102,0.1518158340454101,0.1518158340454101
densenet121,concat,ridge,33,9,photos/top_view_images/P2270366.JPG,photos/side_view_images/P2270721.JPG,2.12,2.12,2.0322933197021484,-0.08770668029785167,0.08770668029785167
densenet121,concat,ridge,34,9,photos/top_view_images/P2270367.JPG,photos/side_view_images/P2270722.JPG,3.18,3.18,3.370187759399414,0.1901877593994139,0.1901877593994139
densenet121,concat,ridge,35,9,photos/top_view_images/P2270368.JPG,photos/side_view_images/P2270723.JPG,4.24,4.24,3.562537670135498,-0.6774623298645022,0.6774623298645022
densenet121,concat,ridge,36,10,photos/top_view_images/P2270369.JPG,photos/side_view_images/P2270724.JPG,1.06,1.06,1.4035120010375977,0.3435120010375976,0.3435120010375976
densenet121,concat,ridge,37,10,photos/top_view_images/P2270370.JPG,photos/side_view_images/P2270725.JPG,2.12,2.12,2.089104652404785,-0.03089534759521495,0.03089534759521495
densenet121,concat,ridge,38,10,photos/top_view_images/P2270371.JPG,photos/side_view_images/P2270726.JPG,3.18,3.18,3.0571749210357666,-0.12282507896423356,0.12282507896423356
densenet121,concat,ridge,39,10,photos/top_view_images/P2270372.JPG,photos/side_view_images/P2270727.JPG,4.24,4.24,3.92563796043396,-0.31436203956604025,0.31436203956604025
densenet121,concat,ridge,40,11,photos/top_view_images/P2270373.JPG,photos/side_view_images/P2270728.JPG,1.06,1.06,1.2046856880187988,0.14468568801879877,0.14468568801879877
densenet121,concat,ridge,41,11,photos/top_view_images/P2270374.JPG,photos/side_view_images/P2270729.JPG,2.12,2.12,2.2058069705963135,0.08580697059631337,0.08580697059631337
densenet121,concat,ridge,42,11,photos/top_view_images/P2270375.JPG,photos/side_view_images/P2270730.JPG,3.18,3.18,3.180187225341797,0.00018722534179671513,0.00018722534179671513
densenet121,concat,ridge,43,11,photos/top_view_images/P2270376.JPG,photos/side_view_images/P2270731.JPG,4.24,4.24,3.4123971462249756,-0.8276028537750246,0.8276028537750246
densenet121,concat,ridge,44,12,photos/top_view_images/P2270377.JPG,photos/side_view_images/P2270732.JPG,1.06,1.06,1.1722345352172852,0.1122345352172851,0.1122345352172851
densenet121,concat,ridge,45,12,photos/top_view_images/P2270378.JPG,photos/side_view_images/P2270733.JPG,2.12,2.12,2.290070056915283,0.1700700569152831,0.1700700569152831
densenet121,concat,ridge,46,12,photos/top_view_images/P2270379.JPG,photos/side_view_images/P2270734.JPG,3.18,3.18,3.430016040802002,0.2500160408020018,0.2500160408020018
densenet121,concat,ridge,47,12,photos/top_view_images/P2270381.JPG,photos/side_view_images/P2270736.JPG,4.24,4.24,3.963242292404175,-0.2767577075958254,0.2767577075958254
densenet121,concat,ridge,48,13,photos/top_view_images/P2270383.JPG,photos/side_view_images/P2270737.JPG,1.06,1.06,1.3296592235565186,0.2696592235565185,0.2696592235565185
densenet121,concat,ridge,49,13,photos/top_view_images/P2270384.JPG,photos/side_view_images/P2270738.JPG,2.12,2.12,2.1001877784729004,-0.019812221527099716,0.019812221527099716
densenet121,concat,ridge,50,13,photos/top_view_images/P2270385.JPG,photos/side_view_images/P2270739.JPG,3.18,3.18,2.750831127166748,-0.4291688728332521,0.4291688728332521
densenet121,concat,ridge,51,14,photos/top_view_images/P3020386.JPG,photos/side_view_images/P3020741.JPG,1.06,1.06,1.093116044998169,0.03311604499816889,0.03311604499816889
densenet121,concat,ridge,52,14,photos/top_view_images/P3020387.JPG,photos/side_view_images/P3020742.JPG,2.12,2.12,1.9912073612213135,-0.12879263877868663,0.12879263877868663
densenet121,concat,ridge,53,14,photos/top_view_images/P3020388.JPG,photos/side_view_images/P3020743.JPG,3.18,3.18,3.331611156463623,0.1516111564636229,0.1516111564636229
densenet121,concat,ridge,54,14,photos/top_view_images/P3020389.JPG,photos/side_view_images/P3020744.JPG,4.24,4.24,3.832754611968994,-0.4072453880310061,0.4072453880310061
densenet121,concat,ridge,55,15,photos/top_view_images/P3020390.JPG,photos/side_view_images/P3020745.JPG,1.06,1.06,1.419039011001587,0.35903901100158686,0.35903901100158686
densenet121,concat,ridge,56,15,photos/top_view_images/P3020391.JPG,photos/side_view_images/P3020746.JPG,2.12,2.12,2.374023914337158,0.2540239143371581,0.2540239143371581
densenet121,concat,ridge,57,15,photos/top_view_images/P3020392.JPG,photos/side_view_images/P3020747.JPG,3.18,3.18,3.3499464988708496,0.16994649887084945,0.16994649887084945
densenet121,concat,ridge,58,15,photos/top_view_images/P3020393.JPG,photos/side_view_images/P3020748.JPG,4.24,4.24,3.547236442565918,-0.6927635574340822,0.6927635574340822
densenet121,concat,ridge,59,16,photos/top_view_images/P3020394.JPG,photos/side_view_images/P3020749.JPG,1.06,1.06,0.9707450866699219,-0.08925491333007818,0.08925491333007818
densenet121,concat,ridge,60,16,photos/top_view_images/P3020395.JPG,photos/side_view_images/P3020750.JPG,2.12,2.12,2.234299659729004,0.1142996597290038,0.1142996597290038
densenet121,concat,ridge,61,16,photos/top_view_images/P3020396.JPG,photos/side_view_images/P3020751.JPG,3.18,3.18,2.5309274196624756,-0.6490725803375246,0.6490725803375246
densenet121,concat,ridge,62,16,photos/top_view_images/P3020397.JPG,photos/side_view_images/P3020752.JPG,4.24,4.24,3.792848825454712,-0.4471511745452883,0.4471511745452883
densenet121,concat,ridge,63,17,photos/top_view_images/P3020398.JPG,photos/side_view_images/P3020753.JPG,1.06,1.06,0.7956273555755615,-0.26437264442443853,0.26437264442443853
densenet121,concat,ridge,64,17,photos/top_view_images/P3020399.JPG,photos/side_view_images/P3020754.JPG,2.12,2.12,2.0541300773620605,-0.06586992263793956,0.06586992263793956
densenet121,concat,ridge,65,17,photos/top_view_images/P3020400.JPG,photos/side_view_images/P3020755.JPG,3.18,3.18,3.438246488571167,0.25824648857116683,0.25824648857116683
densenet121,concat,ridge,66,17,photos/top_view_images/P3020401.JPG,photos/side_view_images/P3020756.JPG,4.24,4.24,4.239831447601318,-0.0001685523986818538,0.0001685523986818538
densenet121,concat,ridge,67,18,photos/top_view_images/P3020402.JPG,photos/side_view_images/P3020757.JPG,1.06,1.06,1.3571770191192627,0.29717701911926264,0.29717701911926264
densenet121,concat,ridge,68,18,photos/top_view_images/P3020403.JPG,photos/side_view_images/P3020758.JPG,2.12,2.12,2.2490530014038086,0.1290530014038085,0.1290530014038085
densenet121,concat,ridge,69,18,photos/top_view_images/P3020404.JPG,photos/side_view_images/P3020759.JPG,3.18,3.18,3.0909805297851562,-0.08901947021484391,0.08901947021484391
densenet121,concat,ridge,70,18,photos/top_view_images/P3020405.JPG,photos/side_view_images/P3020760.JPG,4.24,4.24,3.705890655517578,-0.5341093444824221,0.5341093444824221
densenet121,concat,ridge,71,19,photos/top_view_images/P3020406.JPG,photos/side_view_images/P3020761.JPG,1.06,1.06,1.1535719633102417,0.09357196331024165,0.09357196331024165
densenet121,concat,ridge,72,19,photos/top_view_images/P3020407.JPG,photos/side_view_images/P3020762.JPG,2.12,2.12,2.2471179962158203,0.1271179962158202,0.1271179962158202
densenet121,concat,ridge,73,19,photos/top_view_images/P3020408.JPG,photos/side_view_images/P3020763.JPG,3.18,3.18,3.392540454864502,0.2125404548645018,0.2125404548645018
densenet121,concat,ridge,74,19,photos/top_view_images/P3020409.JPG,photos/side_view_images/P3020764.JPG,4.24,4.24,4.049026966094971,-0.1909730339050295,0.1909730339050295
densenet121,concat,ridge,75,20,photos/top_view_images/P3020410.JPG,photos/side_view_images/P3020765.JPG,1.06,1.06,0.9646592140197754,-0.09534078598022466,0.09534078598022466
densenet121,concat,ridge,76,20,photos/top_view_images/P3020411.JPG,photos/side_view_images/P3020766.JPG,2.12,2.12,2.2161922454833984,0.09619224548339833,0.09619224548339833
densenet121,concat,ridge,77,20,photos/top_view_images/P3020412.JPG,photos/side_view_images/P3020767.JPG,3.18,3.18,3.012129783630371,-0.16787021636962907,0.16787021636962907
densenet121,concat,ridge,78,20,photos/top_view_images/P3020413.JPG,photos/side_view_images/P3020768.JPG,4.24,4.24,3.6085848808288574,-0.6314151191711428,0.6314151191711428
densenet121,concat,ridge,79,21,photos/top_view_images/P3020414.JPG,photos/side_view_images/P3020769.JPG,1.06,1.06,1.3126685619354248,0.25266856193542475,0.25266856193542475
densenet121,concat,ridge,80,21,photos/top_view_images/P3020415.JPG,photos/side_view_images/P3020770.JPG,2.12,2.12,2.6097519397735596,0.48975193977355946,0.48975193977355946
densenet121,concat,ridge,81,21,photos/top_view_images/P3020416.JPG,photos/side_view_images/P3020771.JPG,3.18,3.18,3.2979869842529297,0.11798698425292953,0.11798698425292953
densenet121,concat,ridge,82,21,photos/top_view_images/P3020417.JPG,photos/side_view_images/P3020772.JPG,4.24,4.24,3.521730899810791,-0.7182691001892092,0.7182691001892092
densenet121,concat,ridge,83,22,photos/top_view_images/P3020418.JPG,photos/side_view_images/P3020773.JPG,1.06,1.06,0.9289097785949707,-0.13109022140502935,0.13109022140502935
densenet121,concat,ridge,84,22,photos/top_view_images/P3020419.JPG,photos/side_view_images/P3020774.JPG,2.12,2.12,2.173018455505371,0.05301845550537099,0.05301845550537099
densenet121,concat,ridge,85,22,photos/top_view_images/P3020420.JPG,photos/side_view_images/P3020775.JPG,3.18,3.18,3.4912662506103516,0.3112662506103514,0.3112662506103514
densenet121,concat,ridge,86,22,photos/top_view_images/P3020421.JPG,photos/side_view_images/P3020776.JPG,4.24,4.24,3.4119491577148438,-0.8280508422851565,0.8280508422851565
densenet121,concat,ridge,87,23,photos/top_view_images/P3020422.JPG,photos/side_view_images/P3020777.JPG,1.06,1.06,1.1357320547103882,0.07573205471038813,0.07573205471038813
densenet121,concat,ridge,88,23,photos/top_view_images/P3020423.JPG,photos/side_view_images/P3020778.JPG,2.12,2.12,2.3532886505126953,0.2332886505126952,0.2332886505126952
densenet121,concat,ridge,89,23,photos/top_view_images/P3020424.JPG,photos/side_view_images/P3020779.JPG,3.18,3.18,3.3445045948028564,0.16450459480285629,0.16450459480285629
densenet121,concat,ridge,90,23,photos/top_view_images/P3020425.JPG,photos/side_view_images/P3020780.JPG,4.24,4.24,3.718578338623047,-0.5214216613769533,0.5214216613769533
densenet121,concat,ridge,91,24,photos/top_view_images/P3020426.JPG,photos/side_view_images/P3020781.JPG,1.06,1.06,0.8360702991485596,-0.22392970085144048,0.22392970085144048
densenet121,concat,ridge,92,24,photos/top_view_images/P3020427.JPG,photos/side_view_images/P3020782.JPG,2.12,2.12,2.169072151184082,0.049072151184081925,0.049072151184081925
densenet121,concat,ridge,93,24,photos/top_view_images/P3020428.JPG,photos/side_view_images/P3020783.JPG,3.18,3.18,3.4627532958984375,0.28275329589843734,0.28275329589843734
densenet121,concat,ridge,94,24,photos/top_view_images/P3020429.JPG,photos/side_view_images/P3020784.JPG,4.24,4.24,3.865175724029541,-0.3748242759704592,0.3748242759704592
densenet121,concat,ridge,95,25,photos/top_view_images/P3020430.JPG,photos/side_view_images/P3020785.JPG,1.06,1.06,0.9050459861755371,-0.15495401382446294,0.15495401382446294
densenet121,concat,ridge,96,25,photos/top_view_images/P3020431.JPG,photos/side_view_images/P3020786.JPG,2.12,2.12,2.3159563541412354,0.19595635414123524,0.19595635414123524
densenet121,concat,ridge,97,25,photos/top_view_images/P3020432.JPG,photos/side_view_images/P3020787.JPG,3.18,3.18,2.8851709365844727,-0.2948290634155275,0.2948290634155275
densenet121,concat,ridge,98,25,photos/top_view_images/P3020433.JPG,photos/side_view_images/P3020788.JPG,4.24,4.24,3.481020927429199,-0.758979072570801,0.758979072570801
densenet121,concat,ridge,99,26,photos/top_view_images/P3020434.JPG,photos/side_view_images/P3020789.JPG,1.06,1.06,1.5043669939041138,0.4443669939041137,0.4443669939041137
densenet121,concat,ridge,100,26,photos/top_view_images/P3020435.JPG,photos/side_view_images/P3020790.JPG,2.12,2.12,2.383023262023926,0.2630232620239257,0.2630232620239257
densenet121,concat,ridge,101,26,photos/top_view_images/P3020436.JPG,photos/side_view_images/P3020791.JPG,3.18,3.18,3.780216932296753,0.6002169322967528,0.6002169322967528
densenet121,concat,ridge,102,26,photos/top_view_images/P3020437.JPG,photos/side_view_images/P3020792.JPG,4.24,4.24,4.263181686401367,0.023181686401366974,0.023181686401366974
densenet121,concat,ridge,103,27,photos/top_view_images/P3020438.JPG,photos/side_view_images/P3020793.JPG,1.06,1.06,0.6060130596160889,-0.4539869403839112,0.4539869403839112
densenet121,concat,ridge,104,27,photos/top_view_images/P3020439.JPG,photos/side_view_images/P3020794.JPG,2.12,2.12,2.0708494186401367,-0.04915058135986339,0.04915058135986339
densenet121,concat,ridge,105,27,photos/top_view_images/P3020440.JPG,photos/side_view_images/P3020795.JPG,3.18,3.18,3.119020700454712,-0.060979299545288246,0.060979299545288246
densenet121,concat,ridge,106,27,photos/top_view_images/P3020441.JPG,photos/side_view_images/P3020796.JPG,4.24,4.24,3.7953195571899414,-0.4446804428100588,0.4446804428100588
densenet121,concat,ridge,107,28,photos/top_view_images/P3030442.JPG,photos/side_view_images/P3030797.JPG,1.06,1.06,0.8064939975738525,-0.2535060024261475,0.2535060024261475
densenet121,concat,ridge,108,28,photos/top_view_images/P3030443.JPG,photos/side_view_images/P3030798.JPG,2.12,2.12,2.2287721633911133,0.10877216339111317,0.10877216339111317
densenet121,concat,ridge,109,28,photos/top_view_images/P3030444.JPG,photos/side_view_images/P3030799.JPG,3.18,3.18,3.0915400981903076,-0.08845990180969254,0.08845990180969254
densenet121,concat,ridge,110,28,photos/top_view_images/P3030445.JPG,photos/side_view_images/P3030800.JPG,4.24,4.24,3.427259922027588,-0.8127400779724123,0.8127400779724123
densenet121,concat,ridge,111,29,photos/top_view_images/P3030446.JPG,photos/side_view_images/P3030801.JPG,1.06,1.06,1.3477861881256104,0.2877861881256103,0.2877861881256103
densenet121,concat,ridge,112,29,photos/top_view_images/P3030447.JPG,photos/side_view_images/P3030802.JPG,2.12,2.12,2.0314669609069824,-0.08853303909301768,0.08853303909301768
densenet121,concat,ridge,113,29,photos/top_view_images/P3030448.JPG,photos/side_view_images/P3030803.JPG,3.18,3.18,3.564640998840332,0.38464099884033187,0.38464099884033187
densenet121,concat,ridge,114,29,photos/top_view_images/P3030449.JPG,photos/side_view_images/P3030804.JPG,4.24,4.24,3.945063591003418,-0.29493640899658224,0.29493640899658224
densenet121,concat,ridge,115,30,photos/top_view_images/P3030450.JPG,photos/side_view_images/P3030805.JPG,1.06,1.06,1.6309821605682373,0.5709821605682373,0.5709821605682373
densenet121,concat,ridge,116,30,photos/top_view_images/P3030451.JPG,photos/side_view_images/P3030806.JPG,2.12,2.12,2.8565995693206787,0.7365995693206786,0.7365995693206786
densenet121,concat,ridge,117,30,photos/top_view_images/P3030452.JPG,photos/side_view_images/P3030807.JPG,3.18,3.18,3.1528992652893066,-0.02710073471069352,0.02710073471069352
densenet121,concat,ridge,118,30,photos/top_view_images/P3030453.JPG,photos/side_view_images/P3030808.JPG,4.24,4.24,3.3253748416900635,-0.9146251583099367,0.9146251583099367
densenet121,concat,ridge,119,31,photos/top_view_images/P3030454.JPG,photos/side_view_images/P3030809.JPG,1.06,1.06,0.9053223133087158,-0.15467768669128423,0.15467768669128423
densenet121,concat,ridge,120,31,photos/top_view_images/P3030455.JPG,photos/side_view_images/P3030810.JPG,2.12,2.12,1.8241093158721924,-0.2958906841278077,0.2958906841278077
densenet121,concat,ridge,121,31,photos/top_view_images/P3030456.JPG,photos/side_view_images/P3030811.JPG,3.18,3.18,3.3765971660614014,0.1965971660614012,0.1965971660614012
densenet121,concat,ridge,122,31,photos/top_view_images/P3030457.JPG,photos/side_view_images/P3030812.JPG,4.24,4.24,4.042920112609863,-0.19707988739013693,0.19707988739013693
densenet121,concat,ridge,123,32,photos/top_view_images/P3050458.JPG,photos/side_view_images/P3050813.JPG,1.06,1.06,1.6989340782165527,0.6389340782165527,0.6389340782165527
densenet121,concat,ridge,124,32,photos/top_view_images/P3050459.JPG,photos/side_view_images/P3050814.JPG,2.12,2.12,2.5894012451171875,0.4694012451171874,0.4694012451171874
densenet121,concat,ridge,125,32,photos/top_view_images/P3050460.JPG,photos/side_view_images/P3050815.JPG,3.18,3.18,3.5175769329071045,0.33757693290710433,0.33757693290710433
densenet121,concat,ridge,126,32,photos/top_view_images/P3050462.JPG,photos/side_view_images/P3050817.JPG,4.24,4.24,3.639101028442383,-0.6008989715576174,0.6008989715576174
densenet121,concat,ridge,127,33,photos/top_view_images/P3050463.JPG,photos/side_view_images/P3050818.JPG,1.06,1.06,0.7966773509979248,-0.26332264900207525,0.26332264900207525
densenet121,concat,ridge,128,33,photos/top_view_images/P3050464.JPG,photos/side_view_images/P3050819.JPG,2.12,2.12,1.7020306587219238,-0.4179693412780763,0.4179693412780763
densenet121,concat,ridge,129,34,photos/top_view_images/P3050467.JPG,photos/side_view_images/P3050823.JPG,1.06,1.06,1.1422843933105469,0.08228439331054682,0.08228439331054682
densenet121,concat,ridge,130,34,photos/top_view_images/P3050468.JPG,photos/side_view_images/P3050824.JPG,2.12,2.12,2.481480836868286,0.361480836868286,0.361480836868286
densenet121,concat,ridge,131,34,photos/top_view_images/P3050469.JPG,photos/side_view_images/P3050825.JPG,3.18,3.18,3.2732229232788086,0.09322292327880843,0.09322292327880843
densenet121,concat,ridge,132,34,photos/top_view_images/P3050470.JPG,photos/side_view_images/P3050826.JPG,4.24,4.24,3.5842151641845703,-0.6557848358154299,0.6557848358154299
densenet121,concat,ridge,133,35,photos/top_view_images/P3050471.JPG,photos/side_view_images/P3050827.JPG,1.06,1.06,0.9461910724639893,-0.1138089275360108,0.1138089275360108
densenet121,concat,ridge,134,35,photos/top_view_images/P3050472.JPG,photos/side_view_images/P3050828.JPG,2.12,2.12,1.897261381149292,-0.22273861885070811,0.22273861885070811
densenet121,concat,ridge,135,35,photos/top_view_images/P3050473.JPG,photos/side_view_images/P3050829.JPG,3.18,3.18,2.97139835357666,-0.20860164642334,0.20860164642334
densenet121,concat,ridge,136,35,photos/top_view_images/P3050474.JPG,photos/side_view_images/P3050830.JPG,4.24,4.24,3.971989870071411,-0.2680101299285891,0.2680101299285891
densenet121,concat,ridge,137,36,photos/top_view_images/P3050475.JPG,photos/side_view_images/P3050831.JPG,1.06,1.06,1.1682798862457275,0.10827988624572749,0.10827988624572749
densenet121,concat,ridge,138,36,photos/top_view_images/P3050476.JPG,photos/side_view_images/P3050832.JPG,2.12,2.12,2.448734998703003,0.3287349987030028,0.3287349987030028
densenet121,concat,ridge,139,36,photos/top_view_images/P3050477.JPG,photos/side_view_images/P3050833.JPG,3.18,3.18,2.93707275390625,-0.24292724609375016,0.24292724609375016
densenet121,concat,ridge,140,36,photos/top_view_images/P3050478.JPG,photos/side_view_images/P3050834.JPG,4.24,4.24,3.3064770698547363,-0.9335229301452639,0.9335229301452639
densenet121,concat,ridge,141,37,photos/top_view_images/P3050479.JPG,photos/side_view_images/P3050835.JPG,1.06,1.06,0.771432638168335,-0.2885673618316651,0.2885673618316651
densenet121,concat,ridge,142,37,photos/top_view_images/P3050480.JPG,photos/side_view_images/P3050836.JPG,2.12,2.12,2.434797525405884,0.3147975254058837,0.3147975254058837
densenet121,concat,ridge,143,37,photos/top_view_images/P3050481.JPG,photos/side_view_images/P3050837.JPG,3.18,3.18,2.7428841590881348,-0.4371158409118654,0.4371158409118654
densenet121,concat,ridge,144,37,photos/top_view_images/P3050482.JPG,photos/side_view_images/P3050838.JPG,4.24,4.24,3.597532272338867,-0.642467727661133,0.642467727661133
densenet121,concat,ridge,145,38,photos/top_view_images/P3050484.JPG,photos/side_view_images/P3050840.JPG,1.06,1.06,1.02970552444458,-0.030294475555419975,0.030294475555419975
densenet121,concat,ridge,146,38,photos/top_view_images/P3050485.JPG,photos/side_view_images/P3050841.JPG,2.12,2.12,2.267998456954956,0.14799845695495595,0.14799845695495595
densenet121,concat,ridge,147,38,photos/top_view_images/P3050486.JPG,photos/side_view_images/P3050842.JPG,3.18,3.18,3.2214746475219727,0.041474647521972496,0.041474647521972496
densenet121,concat,ridge,148,38,photos/top_view_images/P3050487.JPG,photos/side_view_images/P3050843.JPG,4.24,4.24,3.6511435508728027,-0.5888564491271975,0.5888564491271975
densenet121,concat,ridge,149,39,photos/top_view_images/P3050488.JPG,photos/side_view_images/P3050844.JPG,1.06,1.06,1.0349023342132568,-0.025097665786743217,0.025097665786743217
densenet121,concat,ridge,150,39,photos/top_view_images/P3050489.JPG,photos/side_view_images/P3050845.JPG,2.12,2.12,2.4785351753234863,0.3585351753234862,0.3585351753234862
densenet121,concat,ridge,151,39,photos/top_view_images/P3050490.JPG,photos/side_view_images/P3050846.JPG,3.18,3.18,3.4381422996520996,0.25814229965209945,0.25814229965209945
densenet121,concat,ridge,152,39,photos/top_view_images/P3050491.JPG,photos/side_view_images/P3050847.JPG,4.24,4.24,3.7999470233917236,-0.4400529766082766,0.4400529766082766
densenet121,concat,ridge,153,40,photos/top_view_images/P3050492.JPG,photos/side_view_images/P3050848.JPG,1.06,1.06,1.2356045246124268,0.1756045246124267,0.1756045246124267
densenet121,concat,ridge,154,40,photos/top_view_images/P3050493.JPG,photos/side_view_images/P3050849.JPG,2.12,2.12,2.1289846897125244,0.008984689712524307,0.008984689712524307
densenet121,concat,ridge,155,40,photos/top_view_images/P3050494.JPG,photos/side_view_images/P3050850.JPG,3.18,3.18,3.3183999061584473,0.1383999061584471,0.1383999061584471
densenet121,concat,ridge,156,40,photos/top_view_images/P3050495.JPG,photos/side_view_images/P3050851.JPG,4.24,4.24,3.5615265369415283,-0.6784734630584719,0.6784734630584719
densenet121,concat,ridge,157,41,photos/top_view_images/P3050496.JPG,photos/side_view_images/P3050852.JPG,1.06,1.06,1.1974871158599854,0.1374871158599853,0.1374871158599853
densenet121,concat,ridge,158,41,photos/top_view_images/P3050497.JPG,photos/side_view_images/P3050853.JPG,2.12,2.12,2.1061246395111084,-0.013875360488891708,0.013875360488891708
densenet121,concat,ridge,159,41,photos/top_view_images/P3050498.JPG,photos/side_view_images/P3050854.JPG,3.18,3.18,3.3287723064422607,0.14877230644226058,0.14877230644226058
densenet121,concat,ridge,160,41,photos/top_view_images/P3050499.JPG,photos/side_view_images/P3050855.JPG,4.24,4.24,3.661428451538086,-0.5785715484619143,0.5785715484619143
densenet121,concat,ridge,161,42,photos/top_view_images/P3050500.JPG,photos/side_view_images/P3050857.JPG,2.12,2.12,1.7863110303878784,-0.3336889696121217,0.3336889696121217
densenet121,concat,ridge,162,42,photos/top_view_images/P3050501.JPG,photos/side_view_images/P3050858.JPG,3.18,3.18,3.1145644187927246,-0.06543558120727555,0.06543558120727555
densenet121,concat,ridge,163,43,photos/top_view_images/P3060503.JPG,photos/side_view_images/P3060859.JPG,1.06,1.06,0.9298441410064697,-0.13015585899353033,0.13015585899353033
densenet121,concat,ridge,164,43,photos/top_view_images/P3060504.JPG,photos/side_view_images/P3060860.JPG,2.12,2.12,2.248734712600708,0.1287347126007079,0.1287347126007079
densenet121,concat,ridge,165,43,photos/top_view_images/P3060505.JPG,photos/side_view_images/P3060861.JPG,3.18,3.18,3.4033405780792236,0.22334057807922347,0.22334057807922347
densenet121,concat,ridge,166,43,photos/top_view_images/P3060506.JPG,photos/side_view_images/P3060862.JPG,4.24,4.24,3.626178503036499,-0.6138214969635012,0.6138214969635012
densenet121,concat,ridge,167,44,photos/top_view_images/P3060507.JPG,photos/side_view_images/P3060863.JPG,1.06,1.06,1.0316131114959717,-0.028386888504028374,0.028386888504028374
densenet121,concat,ridge,168,44,photos/top_view_images/P3060508.JPG,photos/side_view_images/P3060864.JPG,2.12,2.12,2.019660711288452,-0.10033928871154796,0.10033928871154796
densenet121,concat,ridge,169,44,photos/top_view_images/P3060509.JPG,photos/side_view_images/P3060865.JPG,3.18,3.18,3.3588171005249023,0.17881710052490218,0.17881710052490218
densenet121,concat,ridge,170,44,photos/top_view_images/P3060510.JPG,photos/side_view_images/P3060866.JPG,4.24,4.24,3.5288472175598145,-0.7111527824401858,0.7111527824401858
densenet121,concat,ridge,171,45,photos/top_view_images/P3060511.JPG,photos/side_view_images/P3060867.JPG,1.06,1.06,1.0933351516723633,0.03333515167236323,0.03333515167236323
densenet121,concat,ridge,172,45,photos/top_view_images/P3060512.JPG,photos/side_view_images/P3060868.JPG,2.12,2.12,2.0090279579162598,-0.11097204208374034,0.11097204208374034
densenet121,concat,ridge,173,45,photos/top_view_images/P3060513.JPG,photos/side_view_images/P3060869.JPG,3.18,3.18,3.1937079429626465,0.013707942962646325,0.013707942962646325
densenet121,concat,ridge,174,45,photos/top_view_images/P3060514.JPG,photos/side_view_images/P3060870.JPG,4.24,4.24,3.7325453758239746,-0.5074546241760256,0.5074546241760256
densenet121,concat,ridge,175,46,photos/top_view_images/P3060515.JPG,photos/side_view_images/P3060871.JPG,1.06,1.06,1.395897388458252,0.3358973884582519,0.3358973884582519
densenet121,concat,ridge,176,46,photos/top_view_images/P3060516.JPG,photos/side_view_images/P3060872.JPG,2.12,2.12,2.1027255058288574,-0.017274494171142685,0.017274494171142685
densenet121,concat,ridge,177,46,photos/top_view_images/P3060517.JPG,photos/side_view_images/P3060873.JPG,3.18,3.18,3.2327072620391846,0.05270726203918441,0.05270726203918441
densenet121,concat,ridge,178,46,photos/top_view_images/P3060518.JPG,photos/side_view_images/P3060874.JPG,4.24,4.24,3.3028674125671387,-0.9371325874328615,0.9371325874328615
densenet121,concat,ridge,179,47,photos/top_view_images/P3060519.JPG,photos/side_view_images/P3060875.JPG,1.06,1.06,1.2866973876953125,0.22669738769531245,0.22669738769531245
densenet121,concat,ridge,180,47,photos/top_view_images/P3060520.JPG,photos/side_view_images/P3060876.JPG,2.12,2.12,2.628587007522583,0.5085870075225829,0.5085870075225829
densenet121,concat,ridge,181,47,photos/top_view_images/P3060521.JPG,photos/side_view_images/P3060877.JPG,3.18,3.18,2.951509714126587,-0.22849028587341325,0.22849028587341325
densenet121,concat,ridge,182,47,photos/top_view_images/P3060522.JPG,photos/side_view_images/P3060878.JPG,4.24,4.24,3.2349514961242676,-1.0050485038757326,1.0050485038757326
densenet121,concat,ridge,183,48,photos/top_view_images/P3060523.JPG,photos/side_view_images/P3060879.JPG,1.06,1.06,1.5789122581481934,0.5189122581481933,0.5189122581481933
densenet121,concat,ridge,184,48,photos/top_view_images/P3060524.JPG,photos/side_view_images/P3060880.JPG,2.12,2.12,2.300438404083252,0.18043840408325185,0.18043840408325185
densenet121,concat,ridge,185,48,photos/top_view_images/P3060525.JPG,photos/side_view_images/P3060881.JPG,3.18,3.18,2.950234889984131,-0.2297651100158693,0.2297651100158693
densenet121,concat,ridge,186,48,photos/top_view_images/P3060526.JPG,photos/side_view_images/P3060882.JPG,4.24,4.24,3.091843843460083,-1.1481561565399172,1.1481561565399172
densenet121,concat,ridge,187,49,photos/top_view_images/P3060527.JPG,photos/side_view_images/P3060883.JPG,1.06,1.06,1.2171916961669922,0.15719169616699213,0.15719169616699213
densenet121,concat,ridge,188,49,photos/top_view_images/P3060528.JPG,photos/side_view_images/P3060884.JPG,2.12,2.12,2.511702060699463,0.3917020606994628,0.3917020606994628
densenet121,concat,ridge,189,49,photos/top_view_images/P3060529.JPG,photos/side_view_images/P3060885.JPG,3.18,3.18,3.669966459274292,0.48996645927429183,0.48996645927429183
densenet121,concat,ridge,190,49,photos/top_view_images/P3060530.JPG,photos/side_view_images/P3060886.JPG,4.24,4.24,3.2549362182617188,-0.9850637817382815,0.9850637817382815
densenet121,concat,ridge,191,50,photos/top_view_images/P3060531.JPG,photos/side_view_images/P3060887.JPG,1.06,1.06,1.401582956314087,0.34158295631408686,0.34158295631408686
densenet121,concat,ridge,192,50,photos/top_view_images/P3060532.JPG,photos/side_view_images/P3060888.JPG,2.12,2.12,2.417795419692993,0.29779541969299306,0.29779541969299306
densenet121,concat,ridge,193,50,photos/top_view_images/P3060533.JPG,photos/side_view_images/P3060889.JPG,3.18,3.18,3.308389186859131,0.1283891868591307,0.1283891868591307
densenet121,concat,ridge,194,50,photos/top_view_images/P3060534.JPG,photos/side_view_images/P3060890.JPG,4.24,4.24,3.626269578933716,-0.6137304210662844,0.6137304210662844
densenet121,concat,ridge,195,51,photos/top_view_images/P3060535.JPG,photos/side_view_images/P3060891.JPG,1.06,1.06,1.1866555213928223,0.1266555213928222,0.1266555213928222
densenet121,concat,ridge,196,51,photos/top_view_images/P3060536.JPG,photos/side_view_images/P3060892.JPG,2.12,2.12,2.159242630004883,0.039242630004882706,0.039242630004882706
densenet121,concat,ridge,197,51,photos/top_view_images/P3060537.JPG,photos/side_view_images/P3060893.JPG,3.18,3.18,3.175497055053711,-0.004502944946289222,0.004502944946289222
densenet121,concat,ridge,198,51,photos/top_view_images/P3060538.JPG,photos/side_view_images/P3060894.JPG,4.24,4.24,3.5395474433898926,-0.7004525566101076,0.7004525566101076
densenet121,concat,ridge,199,52,photos/top_view_images/P3060539.JPG,photos/side_view_images/P3060895.JPG,1.06,1.06,1.1986563205718994,0.13865632057189936,0.13865632057189936
densenet121,concat,ridge,200,52,photos/top_view_images/P3060540.JPG,photos/side_view_images/P3060896.JPG,2.12,2.12,2.625540256500244,0.505540256500244,0.505540256500244
densenet121,concat,ridge,201,52,photos/top_view_images/P3060541.JPG,photos/side_view_images/P3060897.JPG,3.18,3.18,3.2045860290527344,0.024586029052734215,0.024586029052734215
densenet121,concat,ridge,202,52,photos/top_view_images/P3060542.JPG,photos/side_view_images/P3060898.JPG,4.24,4.24,3.6291189193725586,-0.6108810806274416,0.6108810806274416
densenet121,concat,ridge,203,53,photos/top_view_images/P3060543.JPG,photos/side_view_images/P3060899.JPG,1.06,1.06,0.7993004322052002,-0.26069956779479986,0.26069956779479986
densenet121,concat,ridge,204,53,photos/top_view_images/P3060544.JPG,photos/side_view_images/P3060900.JPG,2.12,2.12,2.226486921310425,0.1064869213104247,0.1064869213104247
densenet121,concat,ridge,205,53,photos/top_view_images/P3060545.JPG,photos/side_view_images/P3060901.JPG,3.18,3.18,3.325204372406006,0.1452043724060057,0.1452043724060057
densenet121,concat,ridge,206,53,photos/top_view_images/P3060546.JPG,photos/side_view_images/P3060902.JPG,4.24,4.24,3.305673360824585,-0.9343266391754153,0.9343266391754153
densenet121,concat,ridge,207,54,photos/top_view_images/P3060547.JPG,photos/side_view_images/P3060903.JPG,1.06,1.06,1.4827988147735596,0.4227988147735595,0.4227988147735595
densenet121,concat,ridge,208,54,photos/top_view_images/P3060548.JPG,photos/side_view_images/P3060904.JPG,2.12,2.12,2.2741549015045166,0.1541549015045165,0.1541549015045165
densenet121,concat,ridge,209,54,photos/top_view_images/P3060549.JPG,photos/side_view_images/P3060905.JPG,3.18,3.18,3.408863067626953,0.22886306762695297,0.22886306762695297
densenet121,concat,ridge,210,55,photos/top_view_images/P3060550.JPG,photos/side_view_images/P3060906.JPG,1.06,1.06,1.0358636379241943,-0.024136362075805717,0.024136362075805717
densenet121,concat,ridge,211,55,photos/top_view_images/P3060551.JPG,photos/side_view_images/P3060907.JPG,2.12,2.12,2.39115047454834,0.27115047454833974,0.27115047454833974
densenet121,concat,ridge,212,55,photos/top_view_images/P3060552.JPG,photos/side_view_images/P3060908.JPG,3.18,3.18,2.995135545730591,-0.18486445426940934,0.18486445426940934
densenet121,concat,ridge,213,55,photos/top_view_images/P3060553.JPG,photos/side_view_images/P3060909.JPG,4.24,4.24,3.2913734912872314,-0.9486265087127688,0.9486265087127688
densenet121,concat,ridge,214,56,photos/top_view_images/P3060554.JPG,photos/side_view_images/P3060910.JPG,1.06,1.06,0.9412565231323242,-0.11874347686767583,0.11874347686767583
densenet121,concat,ridge,215,56,photos/top_view_images/P3060555.JPG,photos/side_view_images/P3060911.JPG,2.12,2.12,2.4411776065826416,0.3211776065826415,0.3211776065826415
densenet121,concat,ridge,216,56,photos/top_view_images/P3060556.JPG,photos/side_view_images/P3060912.JPG,3.18,3.18,3.1263794898986816,-0.05362051010131852,0.05362051010131852
densenet121,concat,ridge,217,57,photos/top_view_images/P3090558.JPG,photos/side_view_images/P3090914.JPG,1.06,1.06,1.3072160482406616,0.24721604824066157,0.24721604824066157
densenet121,concat,ridge,218,57,photos/top_view_images/P3090559.JPG,photos/side_view_images/P3090915.JPG,2.12,2.12,2.0028810501098633,-0.11711894989013683,0.11711894989013683
densenet121,concat,ridge,219,57,photos/top_view_images/P3090560.JPG,photos/side_view_images/P3090916.JPG,3.18,3.18,2.989955425262451,-0.190044574737549,0.190044574737549
densenet121,concat,ridge,220,57,photos/top_view_images/P3090561.JPG,photos/side_view_images/P3090917.JPG,4.24,4.24,4.000903129577637,-0.2390968704223635,0.2390968704223635
densenet121,concat,ridge,221,58,photos/top_view_images/P3090562.JPG,photos/side_view_images/P3090918.JPG,1.06,1.06,1.1580413579940796,0.09804135799407954,0.09804135799407954
densenet121,concat,ridge,222,58,photos/top_view_images/P3090563.JPG,photos/side_view_images/P3090919.JPG,2.12,2.12,2.444132089614868,0.32413208961486806,0.32413208961486806
densenet121,concat,ridge,223,58,photos/top_view_images/P3090564.JPG,photos/side_view_images/P3090920.JPG,3.18,3.18,3.1311707496643066,-0.04882925033569352,0.04882925033569352
densenet121,concat,ridge,224,58,photos/top_view_images/P3090565.JPG,photos/side_view_images/P3090921.JPG,4.24,4.24,3.7595105171203613,-0.4804894828796389,0.4804894828796389
densenet121,concat,ridge,225,59,photos/top_view_images/P3090566.JPG,photos/side_view_images/P3090922.JPG,1.06,1.06,1.410404086112976,0.350404086112976,0.350404086112976
densenet121,concat,ridge,226,59,photos/top_view_images/P3090567.JPG,photos/side_view_images/P3090923.JPG,2.12,2.12,1.8967642784118652,-0.22323572158813487,0.22323572158813487
densenet121,concat,ridge,227,59,photos/top_view_images/P3090568.JPG,photos/side_view_images/P3090924.JPG,3.18,3.18,3.496002674102783,0.31600267410278304,0.31600267410278304
densenet121,concat,ridge,228,59,photos/top_view_images/P3090569.JPG,photos/side_view_images/P3090925.JPG,4.24,4.24,3.859935998916626,-0.38006400108337424,0.38006400108337424
densenet121,concat,ridge,229,60,photos/top_view_images/P3090570.JPG,photos/side_view_images/P3090926.JPG,1.06,1.06,1.1934993267059326,0.13349932670593256,0.13349932670593256
densenet121,concat,ridge,230,60,photos/top_view_images/P3090571.JPG,photos/side_view_images/P3090927.JPG,2.12,2.12,1.8159213066101074,-0.3040786933898927,0.3040786933898927
densenet121,concat,ridge,231,60,photos/top_view_images/P3090572.JPG,photos/side_view_images/P3090928.JPG,3.18,3.18,2.8392767906188965,-0.3407232093811037,0.3407232093811037
densenet121,concat,ridge,232,60,photos/top_view_images/P3090573.JPG,photos/side_view_images/P3090929.JPG,4.24,4.24,3.9483041763305664,-0.2916958236694338,0.2916958236694338
densenet121,concat,ridge,233,61,photos/top_view_images/P3090574.JPG,photos/side_view_images/P3090930.JPG,1.06,1.06,0.9698245525360107,-0.09017544746398931,0.09017544746398931
densenet121,concat,ridge,234,61,photos/top_view_images/P3090575.JPG,photos/side_view_images/P3090931.JPG,2.12,2.12,1.9373942613601685,-0.18260573863983165,0.18260573863983165
densenet121,concat,ridge,235,61,photos/top_view_images/P3090576.JPG,photos/side_view_images/P3090932.JPG,3.18,3.18,2.630042314529419,-0.5499576854705812,0.5499576854705812
densenet121,concat,ridge,236,61,photos/top_view_images/P3090577.JPG,photos/side_view_images/P3090933.JPG,4.24,4.24,3.6025562286376953,-0.6374437713623049,0.6374437713623049
densenet121,concat,ridge,237,62,photos/top_view_images/P3090578.JPG,photos/side_view_images/P3090934.JPG,1.06,1.06,1.4574449062347412,0.39744490623474116,0.39744490623474116
densenet121,concat,ridge,238,62,photos/top_view_images/P3090579.JPG,photos/side_view_images/P3090935.JPG,2.12,2.12,2.383455753326416,0.2634557533264159,0.2634557533264159
densenet121,concat,ridge,239,62,photos/top_view_images/P3090580.JPG,photos/side_view_images/P3090936.JPG,3.18,3.18,3.258939504623413,0.07893950462341293,0.07893950462341293
densenet121,concat,ridge,240,62,photos/top_view_images/P3090581.JPG,photos/side_view_images/P3090937.JPG,4.24,4.24,3.9232637882232666,-0.3167362117767336,0.3167362117767336
densenet121,concat,ridge,241,63,photos/top_view_images/P3090582.JPG,photos/side_view_images/P3090938.JPG,1.06,1.06,1.1776376962661743,0.11763769626617426,0.11763769626617426
densenet121,concat,ridge,242,63,photos/top_view_images/P3090583.JPG,photos/side_view_images/P3090939.JPG,3.18,3.18,3.262833833694458,0.08283383369445785,0.08283383369445785
densenet121,concat,ridge,243,63,photos/top_view_images/P3090584.JPG,photos/side_view_images/P3090940.JPG,4.24,4.24,3.5374274253845215,-0.7025725746154787,0.7025725746154787
densenet121,concat,ridge,244,64,photos/top_view_images/P3090585.JPG,photos/side_view_images/P3090941.JPG,1.06,1.06,1.7196295261383057,0.6596295261383056,0.6596295261383056
densenet121,concat,ridge,245,64,photos/top_view_images/P3090586.JPG,photos/side_view_images/P3090942.JPG,2.12,2.12,2.125164747238159,0.005164747238159073,0.005164747238159073
densenet121,concat,ridge,246,64,photos/top_view_images/P3090587.JPG,photos/side_view_images/P3090943.JPG,3.18,3.18,3.2325682640075684,0.0525682640075682,0.0525682640075682
densenet121,concat,ridge,247,64,photos/top_view_images/P3090588.JPG,photos/side_view_images/P3090944.JPG,4.24,4.24,3.567575454711914,-0.6724245452880862,0.6724245452880862
densenet121,concat,ridge,248,65,photos/top_view_images/P3090589.JPG,photos/side_view_images/P3090945.JPG,1.06,1.06,1.1536933183670044,0.09369331836700434,0.09369331836700434
densenet121,concat,ridge,249,65,photos/top_view_images/P3090590.JPG,photos/side_view_images/P3090946.JPG,2.12,2.12,1.7813692092895508,-0.3386307907104493,0.3386307907104493
densenet121,concat,ridge,250,65,photos/top_view_images/P3090591.JPG,photos/side_view_images/P3090947.JPG,3.18,3.18,3.2038474082946777,0.023847408294677575,0.023847408294677575
densenet121,concat,ridge,251,65,photos/top_view_images/P3090592.JPG,photos/side_view_images/P3090948.JPG,4.24,4.24,4.328166961669922,0.08816696166992166,0.08816696166992166
densenet121,concat,ridge,252,66,photos/top_view_images/P3090593.JPG,photos/side_view_images/P3090949.JPG,1.06,1.06,1.4870415925979614,0.4270415925979614,0.4270415925979614
densenet121,concat,ridge,253,66,photos/top_view_images/P3090594.JPG,photos/side_view_images/P3090950.JPG,2.12,2.12,2.2332141399383545,0.11321413993835439,0.11321413993835439
densenet121,concat,ridge,254,66,photos/top_view_images/P3090596.JPG,photos/side_view_images/P3090952.JPG,3.18,3.18,3.3154726028442383,0.13547260284423812,0.13547260284423812
densenet121,concat,ridge,255,66,photos/top_view_images/P3090597.JPG,photos/side_view_images/P3090953.JPG,4.24,4.24,3.7617225646972656,-0.4782774353027346,0.4782774353027346
densenet121,concat,ridge,256,67,photos/top_view_images/P3090598.JPG,photos/side_view_images/P3090954.JPG,1.06,1.06,1.0301198959350586,-0.02988010406494146,0.02988010406494146
densenet121,concat,ridge,257,67,photos/top_view_images/P3090599.JPG,photos/side_view_images/P3090955.JPG,2.12,2.12,2.2542219161987305,0.13422191619873036,0.13422191619873036
densenet121,concat,ridge,258,67,photos/top_view_images/P3090600.JPG,photos/side_view_images/P3090956.JPG,3.18,3.18,3.4153666496276855,0.2353666496276854,0.2353666496276854
densenet121,concat,ridge,259,67,photos/top_view_images/P3090601.JPG,photos/side_view_images/P3090957.JPG,4.24,4.24,3.6942179203033447,-0.5457820796966555,0.5457820796966555
densenet121,concat,ridge,260,68,photos/top_view_images/P3090602.JPG,photos/side_view_images/P3090958.JPG,1.06,1.06,1.1945488452911377,0.13454884529113764,0.13454884529113764
densenet121,concat,ridge,261,68,photos/top_view_images/P3090603.JPG,photos/side_view_images/P3090959.JPG,2.12,2.12,2.2008590698242188,0.08085906982421864,0.08085906982421864
densenet121,concat,ridge,262,68,photos/top_view_images/P3090604.JPG,photos/side_view_images/P3090960.JPG,3.18,3.18,3.338832378387451,0.158832378387451,0.158832378387451
densenet121,concat,ridge,263,68,photos/top_view_images/P3090605.JPG,photos/side_view_images/P3090961.JPG,4.24,4.24,3.630990743637085,-0.6090092563629153,0.6090092563629153
densenet121,concat,ridge,264,69,photos/top_view_images/P3090606.JPG,photos/side_view_images/P3090962.JPG,1.06,1.06,1.4101786613464355,0.3501786613464355,0.3501786613464355
densenet121,concat,ridge,265,69,photos/top_view_images/P3090607.JPG,photos/side_view_images/P3090963.JPG,2.12,2.12,1.9229344129562378,-0.1970655870437623,0.1970655870437623
densenet121,concat,ridge,266,69,photos/top_view_images/P3090608.JPG,photos/side_view_images/P3090964.JPG,3.18,3.18,3.0989744663238525,-0.08102553367614762,0.08102553367614762
densenet121,concat,ridge,267,69,photos/top_view_images/P3090609.JPG,photos/side_view_images/P3090965.JPG,4.24,4.24,3.7346949577331543,-0.5053050422668459,0.5053050422668459
densenet121,concat,ridge,268,70,photos/top_view_images/P3090610.JPG,photos/side_view_images/P3090966.JPG,1.06,1.06,1.130170226097107,0.07017022609710688,0.07017022609710688
densenet121,concat,ridge,269,70,photos/top_view_images/P3090612.JPG,photos/side_view_images/P3090967.JPG,2.12,2.12,2.429070472717285,0.30907047271728505,0.30907047271728505
densenet121,concat,ridge,270,70,photos/top_view_images/P3090613.JPG,photos/side_view_images/P3090968.JPG,3.18,3.18,2.7897350788116455,-0.39026492118835465,0.39026492118835465
densenet121,concat,ridge,271,70,photos/top_view_images/P3090614.JPG,photos/side_view_images/P3090969.JPG,4.24,4.24,3.881845235824585,-0.35815476417541525,0.35815476417541525
densenet121,concat,ridge,272,71,photos/top_view_images/P3090615.JPG,photos/side_view_images/P3090970.JPG,1.06,1.06,1.509616732597351,0.449616732597351,0.449616732597351
densenet121,concat,ridge,273,71,photos/top_view_images/P3090616.JPG,photos/side_view_images/P3090971.JPG,2.12,2.12,2.3474817276000977,0.22748172760009755,0.22748172760009755
densenet121,concat,ridge,274,71,photos/top_view_images/P3090617.JPG,photos/side_view_images/P3090972.JPG,3.18,3.18,3.1228325366973877,-0.057167463302612465,0.057167463302612465
densenet121,concat,ridge,275,71,photos/top_view_images/P3090618.JPG,photos/side_view_images/P3090973.JPG,4.24,4.24,4.259330749511719,0.019330749511718537,0.019330749511718537
densenet121,concat,ridge,276,72,photos/top_view_images/P3090619.JPG,photos/side_view_images/P3090974.JPG,1.06,1.06,1.6377155780792236,0.5777155780792236,0.5777155780792236
densenet121,concat,ridge,277,72,photos/top_view_images/P3090620.JPG,photos/side_view_images/P3090975.JPG,2.12,2.12,2.1378986835479736,0.017898683547973526,0.017898683547973526
densenet121,concat,ridge,278,72,photos/top_view_images/P3090621.JPG,photos/side_view_images/P3090976.JPG,3.18,3.18,2.977475881576538,-0.20252411842346207,0.20252411842346207
densenet121,concat,ridge,279,72,photos/top_view_images/P3090622.JPG,photos/side_view_images/P3090977.JPG,4.24,4.24,3.6258389949798584,-0.6141610050201418,0.6141610050201418
densenet121,concat,ridge,280,73,photos/top_view_images/P3090623.JPG,photos/side_view_images/P3090978.JPG,1.06,1.06,1.6554949283599854,0.5954949283599853,0.5954949283599853
densenet121,concat,ridge,281,73,photos/top_view_images/P3090624.JPG,photos/side_view_images/P3090979.JPG,2.12,2.12,2.326042652130127,0.20604265213012685,0.20604265213012685
densenet121,concat,ridge,282,73,photos/top_view_images/P3090625.JPG,photos/side_view_images/P3090980.JPG,3.18,3.18,3.257272481918335,0.0772724819183348,0.0772724819183348
densenet121,concat,ridge,283,73,photos/top_view_images/P3090626.JPG,photos/side_view_images/P3090981.JPG,4.24,4.24,3.5407662391662598,-0.6992337608337404,0.6992337608337404
densenet121,concat,ridge,284,74,photos/top_view_images/P3090627.JPG,photos/side_view_images/P3090982.JPG,1.06,1.06,1.3392215967178345,0.2792215967178344,0.2792215967178344
densenet121,concat,ridge,285,74,photos/top_view_images/P3090628.JPG,photos/side_view_images/P3090983.JPG,2.12,2.12,2.318229913711548,0.19822991371154774,0.19822991371154774
densenet121,concat,ridge,286,74,photos/top_view_images/P3090629.JPG,photos/side_view_images/P3090984.JPG,3.18,3.18,3.053940534591675,-0.12605946540832536,0.12605946540832536
densenet121,concat,ridge,287,74,photos/top_view_images/P3090630.JPG,photos/side_view_images/P3090985.JPG,4.24,4.24,4.000792503356934,-0.23920749664306662,0.23920749664306662
densenet121,concat,ridge,288,75,photos/top_view_images/P3100631.JPG,photos/side_view_images/P3100986.JPG,1.06,1.06,0.8773894309997559,-0.1826105690002442,0.1826105690002442
densenet121,concat,ridge,289,75,photos/top_view_images/P3100632.JPG,photos/side_view_images/P3100987.JPG,2.12,2.12,2.380030393600464,0.26003039360046376,0.26003039360046376
densenet121,concat,ridge,290,75,photos/top_view_images/P3100633.JPG,photos/side_view_images/P3100988.JPG,3.18,3.18,3.592310905456543,0.4123109054565428,0.4123109054565428
densenet121,concat,ridge,291,75,photos/top_view_images/P3100634.JPG,photos/side_view_images/P3100989.JPG,4.24,4.24,3.948122024536133,-0.2918779754638674,0.2918779754638674
densenet121,concat,ridge,292,76,photos/top_view_images/P3100635.JPG,photos/side_view_images/P3100990.JPG,1.06,1.06,1.1962677240371704,0.13626772403717036,0.13626772403717036
densenet121,concat,ridge,293,76,photos/top_view_images/P3100636.JPG,photos/side_view_images/P3100991.JPG,2.12,2.12,2.0882344245910645,-0.03176557540893565,0.03176557540893565
densenet121,concat,ridge,294,76,photos/top_view_images/P3100637.JPG,photos/side_view_images/P3100992.JPG,3.18,3.18,3.3700690269470215,0.19006902694702132,0.19006902694702132
densenet121,concat,ridge,295,76,photos/top_view_images/P3100638.JPG,photos/side_view_images/P3100993.JPG,4.24,4.24,3.9457292556762695,-0.2942707443237307,0.2942707443237307
densenet121,concat,ridge,296,77,photos/top_view_images/P3100639.JPG,photos/side_view_images/P3100994.JPG,1.06,1.06,1.1668026447296143,0.1068026447296142,0.1068026447296142
densenet121,concat,ridge,297,77,photos/top_view_images/P3100640.JPG,photos/side_view_images/P3100995.JPG,2.12,2.12,1.8243486881256104,-0.29565131187438976,0.29565131187438976
densenet121,concat,ridge,298,77,photos/top_view_images/P3100641.JPG,photos/side_view_images/P3100996.JPG,3.18,3.18,3.4448554515838623,0.26485545158386214,0.26485545158386214
densenet121,concat,ridge,299,78,photos/top_view_images/P3100643.JPG,photos/side_view_images/P3100997.JPG,1.06,1.06,1.3991352319717407,0.33913523197174067,0.33913523197174067
densenet121,concat,ridge,300,78,photos/top_view_images/P3100644.JPG,photos/side_view_images/P3100998.JPG,2.12,2.12,2.006239891052246,-0.11376010894775401,0.11376010894775401
densenet121,concat,ridge,301,78,photos/top_view_images/P3100645.JPG,photos/side_view_images/P3100999.JPG,3.18,3.18,3.307940721511841,0.12794072151184066,0.12794072151184066
densenet121,concat,ridge,302,78,photos/top_view_images/P3100646.JPG,photos/side_view_images/P3101000.JPG,4.24,4.24,3.8420615196228027,-0.3979384803771975,0.3979384803771975
densenet121,concat,ridge,303,79,photos/top_view_images/P3100647.JPG,photos/side_view_images/P3101001.JPG,1.06,1.06,0.8406498432159424,-0.21935015678405767,0.21935015678405767
densenet121,concat,ridge,304,79,photos/top_view_images/P3100648.JPG,photos/side_view_images/P3101002.JPG,2.12,2.12,2.3037800788879395,0.18378007888793935,0.18378007888793935
densenet121,concat,ridge,305,79,photos/top_view_images/P3100649.JPG,photos/side_view_images/P3101003.JPG,3.18,3.18,3.631324291229248,0.4513242912292479,0.4513242912292479
densenet121,concat,ridge,306,80,photos/top_view_images/P3100650.JPG,photos/side_view_images/P3101004.JPG,1.06,1.06,0.9841701984405518,-0.0758298015594483,0.0758298015594483
densenet121,concat,ridge,307,80,photos/top_view_images/P3100651.JPG,photos/side_view_images/P3101005.JPG,2.12,2.12,2.4423513412475586,0.3223513412475585,0.3223513412475585
densenet121,concat,ridge,308,80,photos/top_view_images/P3100652.JPG,photos/side_view_images/P3101006.JPG,3.18,3.18,3.816272258758545,0.6362722587585448,0.6362722587585448
densenet121,concat,ridge,309,80,photos/top_view_images/P3100653.JPG,photos/side_view_images/P3101007.JPG,4.24,4.24,3.9604885578155518,-0.27951144218444846,0.27951144218444846
densenet121,concat,ridge,310,81,photos/top_view_images/P3100654.JPG,photos/side_view_images/P3101008.JPG,1.06,1.06,0.49301743507385254,-0.5669825649261475,0.5669825649261475
densenet121,concat,ridge,311,81,photos/top_view_images/P3100655.JPG,photos/side_view_images/P3101009.JPG,2.12,2.12,2.1294565200805664,0.0094565200805663,0.0094565200805663
densenet121,concat,ridge,312,81,photos/top_view_images/P3100656.JPG,photos/side_view_images/P3101010.JPG,3.18,3.18,3.583875894546509,0.40387589454650863,0.40387589454650863
densenet121,concat,ridge,313,81,photos/top_view_images/P3100657.JPG,photos/side_view_images/P3101011.JPG,4.24,4.24,3.946953773498535,-0.29304622650146506,0.29304622650146506
densenet121,concat,ridge,314,82,photos/top_view_images/P3120658.JPG,photos/side_view_images/P3121012.JPG,1.06,1.06,1.3734530210494995,0.31345302104949946,0.31345302104949946
densenet121,concat,ridge,315,82,photos/top_view_images/P3120659.JPG,photos/side_view_images/P3121013.JPG,2.12,2.12,2.58591890335083,0.46591890335082997,0.46591890335082997
densenet121,concat,ridge,316,82,photos/top_view_images/P3120660.JPG,photos/side_view_images/P3121014.JPG,3.18,3.18,3.2364139556884766,0.0564139556884764,0.0564139556884764
densenet121,concat,ridge,317,82,photos/top_view_images/P3120661.JPG,photos/side_view_images/P3121015.JPG,4.24,4.24,3.8128957748413086,-0.4271042251586916,0.4271042251586916
densenet121,concat,ridge,318,83,photos/top_view_images/P3120662.JPG,photos/side_view_images/P3121016.JPG,1.06,1.06,1.3455784320831299,0.28557843208312983,0.28557843208312983
densenet121,concat,ridge,319,83,photos/top_view_images/P3120663.JPG,photos/side_view_images/P3121017.JPG,2.12,2.12,2.3003413677215576,0.1803413677215575,0.1803413677215575
densenet121,concat,ridge,320,83,photos/top_view_images/P3120664.JPG,photos/side_view_images/P3121018.JPG,3.18,3.18,3.455887794494629,0.27588779449462875,0.27588779449462875
densenet121,concat,ridge,321,83,photos/top_view_images/P3120665.JPG,photos/side_view_images/P3121019.JPG,4.24,4.24,4.087007999420166,-0.1529920005798342,0.1529920005798342
densenet121,concat,ridge,322,84,photos/top_view_images/P3120666.JPG,photos/side_view_images/P3121020.JPG,1.06,1.06,1.2807800769805908,0.22078007698059077,0.22078007698059077
densenet121,concat,ridge,323,84,photos/top_view_images/P3120667.JPG,photos/side_view_images/P3121021.JPG,2.12,2.12,2.4336814880371094,0.31368148803710927,0.31368148803710927
densenet121,concat,ridge,324,84,photos/top_view_images/P3120668.JPG,photos/side_view_images/P3121022.JPG,3.18,3.18,3.2303853034973145,0.05038530349731429,0.05038530349731429
densenet121,concat,ridge,325,84,photos/top_view_images/P3120669.JPG,photos/side_view_images/P3121023.JPG,4.24,4.24,3.836808443069458,-0.4031915569305422,0.4031915569305422
densenet121,concat,ridge,326,85,photos/top_view_images/P3120670.JPG,photos/side_view_images/P3121024.JPG,1.06,1.06,1.2874209880828857,0.2274209880828857,0.2274209880828857
densenet121,concat,ridge,327,85,photos/top_view_images/P3120671.JPG,photos/side_view_images/P3121025.JPG,2.12,2.12,2.402956485748291,0.2829564857482909,0.2829564857482909
densenet121,concat,ridge,328,85,photos/top_view_images/P3120672.JPG,photos/side_view_images/P3121026.JPG,3.18,3.18,3.599989891052246,0.41998989105224593,0.41998989105224593
densenet121,concat,ridge,329,85,photos/top_view_images/P3120673.JPG,photos/side_view_images/P3121027.JPG,4.24,4.24,3.2200002670288086,-1.0199997329711916,1.0199997329711916
densenet121,concat,ridge,330,86,photos/top_view_images/P3120674.JPG,photos/side_view_images/P3121028.JPG,1.06,1.06,1.190006971359253,0.13000697135925288,0.13000697135925288
densenet121,concat,ridge,331,86,photos/top_view_images/P3120675.JPG,photos/side_view_images/P3121029.JPG,2.12,2.12,1.9808855056762695,-0.13911449432373058,0.13911449432373058
densenet121,concat,ridge,332,86,photos/top_view_images/P3120676.JPG,photos/side_view_images/P3121030.JPG,3.18,3.18,2.895697832107544,-0.2843021678924562,0.2843021678924562
densenet121,concat,ridge,333,86,photos/top_view_images/P3120677.JPG,photos/side_view_images/P3121031.JPG,4.24,4.24,2.946523666381836,-1.2934763336181643,1.2934763336181643
densenet121,concat,ridge,334,87,photos/top_view_images/P3120678.JPG,photos/side_view_images/P3121032.JPG,1.06,1.06,1.3314707279205322,0.2714707279205322,0.2714707279205322
densenet121,concat,ridge,335,87,photos/top_view_images/P3120679.JPG,photos/side_view_images/P3121033.JPG,2.12,2.12,2.0964365005493164,-0.0235634994506837,0.0235634994506837
densenet121,concat,ridge,336,87,photos/top_view_images/P3120680.JPG,photos/side_view_images/P3121034.JPG,3.18,3.18,3.5067687034606934,0.3267687034606932,0.3267687034606932
densenet121,concat,ridge,337,87,photos/top_view_images/P3120681.JPG,photos/side_view_images/P3121035.JPG,4.24,4.24,3.5858166217803955,-0.6541833782196047,0.6541833782196047
densenet121,concat,ridge,338,88,photos/top_view_images/P3120682.JPG,photos/side_view_images/P3121036.JPG,1.06,1.06,1.4796478748321533,0.41964787483215327,0.41964787483215327
densenet121,concat,ridge,339,88,photos/top_view_images/P3120683.JPG,photos/side_view_images/P3121037.JPG,2.12,2.12,1.8901255130767822,-0.22987448692321788,0.22987448692321788
densenet121,concat,ridge,340,88,photos/top_view_images/P3120684.JPG,photos/side_view_images/P3121038.JPG,3.18,3.18,3.248445987701416,0.06844598770141586,0.06844598770141586
densenet121,concat,ridge,341,88,photos/top_view_images/P3120685.JPG,photos/side_view_images/P3121039.JPG,4.24,4.24,3.6286122798919678,-0.6113877201080324,0.6113877201080324
densenet121,concat,ridge,342,89,photos/top_view_images/P3120686.JPG,photos/side_view_images/P3121040.JPG,1.06,1.06,1.4762930870056152,0.4162930870056152,0.4162930870056152
densenet121,concat,ridge,343,89,photos/top_view_images/P3120687.JPG,photos/side_view_images/P3121041.JPG,2.12,2.12,1.9420173168182373,-0.1779826831817628,0.1779826831817628
densenet121,concat,ridge,344,89,photos/top_view_images/P3120688.JPG,photos/side_view_images/P3121042.JPG,3.18,3.18,3.4639716148376465,0.2839716148376463,0.2839716148376463
densenet121,concat,ridge,345,89,photos/top_view_images/P3120689.JPG,photos/side_view_images/P3121043.JPG,4.24,4.24,3.7791924476623535,-0.4608075523376467,0.4608075523376467
densenet121,concat,ridge,346,90,photos/top_view_images/P3120690.JPG,photos/side_view_images/P3121044.JPG,1.06,1.06,1.4042786359786987,0.3442786359786987,0.3442786359786987
densenet121,concat,ridge,347,90,photos/top_view_images/P3120691.JPG,photos/side_view_images/P3121045.JPG,2.12,2.12,2.1326045989990234,0.012604598999023331,0.012604598999023331
densenet121,concat,ridge,348,90,photos/top_view_images/P3120692.JPG,photos/side_view_images/P3121046.JPG,3.18,3.18,3.345693588256836,0.16569358825683578,0.16569358825683578
densenet121,concat,ridge,349,90,photos/top_view_images/P3120693.JPG,photos/side_view_images/P3121047.JPG,4.24,4.24,3.895374059677124,-0.3446259403228762,0.3446259403228762
densenet121,concat,ridge,350,91,photos/top_view_images/P3120694.JPG,photos/side_view_images/P3121048.JPG,1.06,1.06,1.462096929550171,0.40209692955017085,0.40209692955017085
densenet121,concat,ridge,351,91,photos/top_view_images/P3120695.JPG,photos/side_view_images/P3121049.JPG,2.12,2.12,1.5427292585372925,-0.5772707414627076,0.5772707414627076
densenet121,concat,ridge,352,91,photos/top_view_images/P3120696.JPG,photos/side_view_images/P3121050.JPG,3.18,3.18,3.1268014907836914,-0.053198509216308754,0.053198509216308754
densenet121,concat,ridge,353,91,photos/top_view_images/P3120697.JPG,photos/side_view_images/P3121051.JPG,4.24,4.24,3.4541492462158203,-0.7858507537841799,0.7858507537841799
densenet121,concat,ridge,354,92,photos/top_view_images/P3120698.JPG,photos/side_view_images/P3121052.JPG,1.06,1.06,1.5439510345458984,0.4839510345458984,0.4839510345458984
densenet121,concat,ridge,355,92,photos/top_view_images/P3120699.JPG,photos/side_view_images/P3121053.JPG,2.12,2.12,2.711491346359253,0.5914913463592528,0.5914913463592528
densenet121,concat,ridge,356,92,photos/top_view_images/P3120700.JPG,photos/side_view_images/P3121054.JPG,3.18,3.18,3.185655117034912,0.0056551170349119495,0.0056551170349119495
densenet121,concat,ridge,357,92,photos/top_view_images/P3120701.JPG,photos/side_view_images/P3121055.JPG,4.24,4.24,3.7391979694366455,-0.5008020305633547,0.5008020305633547
densenet121,concat,ridge,358,93,photos/top_view_images/P3120702.JPG,photos/side_view_images/P3121056.JPG,1.06,1.06,1.6691615581512451,0.6091615581512451,0.6091615581512451
densenet121,concat,ridge,359,93,photos/top_view_images/P3120703.JPG,photos/side_view_images/P3121057.JPG,2.12,2.12,2.178638458251953,0.05863845825195302,0.05863845825195302
densenet121,concat,ridge,360,93,photos/top_view_images/P3120704.JPG,photos/side_view_images/P3121058.JPG,3.18,3.18,3.319363832473755,0.13936383247375472,0.13936383247375472
densenet121,concat,ridge,361,93,photos/top_view_images/P3120705.JPG,photos/side_view_images/P3121059.JPG,4.24,4.24,3.7223384380340576,-0.5176615619659426,0.5176615619659426
densenet121,concat,ridge,362,94,photos/top_view_images/P3120706.JPG,photos/side_view_images/P3121060.JPG,1.06,1.06,1.6372379064559937,0.5772379064559936,0.5772379064559936
densenet121,concat,ridge,363,94,photos/top_view_images/P3120707.JPG,photos/side_view_images/P3121061.JPG,2.12,2.12,1.747849464416504,-0.3721505355834962,0.3721505355834962
densenet121,concat,ridge,364,94,photos/top_view_images/P3120708.JPG,photos/side_view_images/P3121062.JPG,3.18,3.18,3.106243848800659,-0.07375615119934098,0.07375615119934098
densenet121,concat,ridge,365,94,photos/top_view_images/P3120709.JPG,photos/side_view_images/P3121063.JPG,4.24,4.24,3.631291389465332,-0.6087086105346682,0.6087086105346682
densenet121,concat,ridge,366,95,photos/top_view_images/P3120710.JPG,photos/side_view_images/P3121064.JPG,1.06,1.06,1.3894847631454468,0.3294847631454467,0.3294847631454467
densenet121,concat,ridge,367,95,photos/top_view_images/P3120711.JPG,photos/side_view_images/P3121065.JPG,2.12,2.12,2.081183433532715,-0.03881656646728526,0.03881656646728526
densenet121,concat,ridge,368,95,photos/top_view_images/P3120712.JPG,photos/side_view_images/P3121066.JPG,3.18,3.18,3.2685298919677734,0.08852989196777328,0.08852989196777328
densenet121,concat,ridge,369,95,photos/top_view_images/P3120713.JPG,photos/side_view_images/P3121067.JPG,4.24,4.24,4.012530326843262,-0.2274696731567385,0.2274696731567385
densenet121,concat,ridge,370,96,photos/top_view_images/P3130714.JPG,photos/side_view_images/P3131068.JPG,1.06,1.06,1.5171977281570435,0.4571977281570434,0.4571977281570434
densenet121,concat,ridge,371,96,photos/top_view_images/P3130715.JPG,photos/side_view_images/P3131069.JPG,2.12,2.12,2.119420051574707,-0.0005799484252930753,0.0005799484252930753
densenet121,concat,ridge,372,96,photos/top_view_images/P3130716.JPG,photos/side_view_images/P3131070.JPG,3.18,3.18,3.233973503112793,0.05397350311279281,0.05397350311279281
densenet121,concat,ridge,373,96,photos/top_view_images/P3130717.JPG,photos/side_view_images/P3131071.JPG,4.24,4.24,4.187577247619629,-0.05242275238037131,0.05242275238037131
densenet121,concat,ridge,374,97,photos/top_view_images/P3130718.JPG,photos/side_view_images/P3131072.JPG,1.06,1.06,1.3223164081573486,0.2623164081573486,0.2623164081573486
densenet121,concat,ridge,375,97,photos/top_view_images/P3130719.JPG,photos/side_view_images/P3131073.JPG,2.12,2.12,2.0667035579681396,-0.05329644203186046,0.05329644203186046
densenet121,concat,ridge,376,97,photos/top_view_images/P3130720.JPG,photos/side_view_images/P3131074.JPG,3.18,3.18,3.7167367935180664,0.5367367935180662,0.5367367935180662
densenet121,concat,ridge,377,97,photos/top_view_images/P3130721.JPG,photos/side_view_images/P3131075.JPG,4.24,4.24,3.7020628452301025,-0.5379371547698977,0.5379371547698977
densenet121,concat,ridge,378,98,photos/top_view_images/P3130722.JPG,photos/side_view_images/P3131076.JPG,1.06,1.06,1.3472390174865723,0.2872390174865722,0.2872390174865722
densenet121,concat,ridge,379,98,photos/top_view_images/P3130723.JPG,photos/side_view_images/P3131077.JPG,2.12,2.12,1.962424874305725,-0.157575125694275,0.157575125694275
densenet121,concat,ridge,380,98,photos/top_view_images/P3130724.JPG,photos/side_view_images/P3131078.JPG,3.18,3.18,2.7400429248809814,-0.4399570751190187,0.4399570751190187
densenet121,concat,ridge,381,98,photos/top_view_images/P3130725.JPG,photos/side_view_images/P3131079.JPG,4.24,4.24,3.303767681121826,-0.936232318878174,0.936232318878174
densenet121,concat,ridge,382,99,photos/top_view_images/P3130726.JPG,photos/side_view_images/P3131080.JPG,1.06,1.06,1.3226368427276611,0.2626368427276611,0.2626368427276611
densenet121,concat,ridge,383,99,photos/top_view_images/P3130727.JPG,photos/side_view_images/P3131081.JPG,2.12,2.12,2.2795846462249756,0.15958464622497548,0.15958464622497548
densenet121,concat,ridge,384,99,photos/top_view_images/P3130728.JPG,photos/side_view_images/P3131082.JPG,3.18,3.18,3.265648603439331,0.0856486034393309,0.0856486034393309
densenet121,concat,ridge,385,99,photos/top_view_images/P3130729.JPG,photos/side_view_images/P3131083.JPG,4.24,4.24,3.5195059776306152,-0.720494022369385,0.720494022369385
densenet121,concat,ridge,386,100,photos/top_view_images/P3130730.JPG,photos/side_view_images/P3131084.JPG,1.06,1.06,0.7744405269622803,-0.2855594730377198,0.2855594730377198
densenet121,concat,ridge,387,100,photos/top_view_images/P3130731.JPG,photos/side_view_images/P3131085.JPG,2.12,2.12,2.235424041748047,0.11542404174804677,0.11542404174804677
densenet121,concat,ridge,388,100,photos/top_view_images/P3130732.JPG,photos/side_view_images/P3131086.JPG,3.18,3.18,3.395220994949341,0.21522099494934066,0.21522099494934066
densenet121,concat,ridge,389,100,photos/top_view_images/P3130733.JPG,photos/side_view_images/P3131087.JPG,4.24,4.24,3.680136203765869,-0.5598637962341311,0.5598637962341311
densenet121,concat,ridge,390,101,photos/top_view_images/P3130734.JPG,photos/side_view_images/P3131088.JPG,1.06,1.06,1.130918264389038,0.07091826438903803,0.07091826438903803
densenet121,concat,ridge,391,101,photos/top_view_images/P3130735.JPG,photos/side_view_images/P3131089.JPG,2.12,2.12,2.224173069000244,0.10417306900024403,0.10417306900024403
densenet121,concat,ridge,392,101,photos/top_view_images/P3130736.JPG,photos/side_view_images/P3131090.JPG,3.18,3.18,3.1787209510803223,-0.0012790489196778942,0.0012790489196778942
densenet121,concat,ridge,393,102,photos/top_view_images/P3130737.JPG,photos/side_view_images/P3131091.JPG,1.06,1.06,1.254822015762329,0.19482201576232905,0.19482201576232905
densenet121,concat,ridge,394,102,photos/top_view_images/P3130738.JPG,photos/side_view_images/P3131092.JPG,2.12,2.12,2.0992956161499023,-0.020704383850097763,0.020704383850097763
densenet121,concat,ridge,395,102,photos/top_view_images/P3130739.JPG,photos/side_view_images/P3131093.JPG,3.18,3.18,2.9761369228363037,-0.20386307716369645,0.20386307716369645
densenet121,concat,ridge,396,102,photos/top_view_images/P3130740.JPG,photos/side_view_images/P3131094.JPG,4.24,4.24,3.6811141967773438,-0.5588858032226565,0.5588858032226565
densenet121,concat,ridge,397,103,photos/top_view_images/P3130741.JPG,photos/side_view_images/P3131095.JPG,1.06,1.06,1.4712579250335693,0.4112579250335693,0.4112579250335693
densenet121,concat,ridge,398,103,photos/top_view_images/P3130742.JPG,photos/side_view_images/P3131096.JPG,2.12,2.12,1.7385443449020386,-0.38145565509796153,0.38145565509796153
densenet121,concat,ridge,399,103,photos/top_view_images/P3130743.JPG,photos/side_view_images/P3131097.JPG,3.18,3.18,3.136526346206665,-0.04347365379333512,0.04347365379333512
densenet121,concat,ridge,400,103,photos/top_view_images/P3130744.JPG,photos/side_view_images/P3131098.JPG,4.24,4.24,3.832465410232544,-0.40753458976745627,0.40753458976745627
densenet121,concat,ridge,401,104,photos/top_view_images/P3130745.JPG,photos/side_view_images/P3131099.JPG,1.06,1.06,0.6942150592803955,-0.36578494071960455,0.36578494071960455
densenet121,concat,ridge,402,104,photos/top_view_images/P3130746.JPG,photos/side_view_images/P3131100.JPG,2.12,2.12,2.1746485233306885,0.05464852333068837,0.05464852333068837
densenet121,concat,ridge,403,104,photos/top_view_images/P3130747.JPG,photos/side_view_images/P3131101.JPG,3.18,3.18,3.143956184387207,-0.03604381561279313,0.03604381561279313
densenet121,concat,ridge,404,104,photos/top_view_images/P3130748.JPG,photos/side_view_images/P3131102.JPG,4.24,4.24,3.515674114227295,-0.7243258857727053,0.7243258857727053
densenet121,concat,ridge,405,105,photos/top_view_images/P3130749.JPG,photos/side_view_images/P3131103.JPG,1.06,1.06,1.2990683317184448,0.23906833171844477,0.23906833171844477
densenet121,concat,ridge,406,105,photos/top_view_images/P3130750.JPG,photos/side_view_images/P3131104.JPG,2.12,2.12,2.5185546875,0.3985546874999999,0.3985546874999999
densenet121,concat,ridge,407,105,photos/top_view_images/P3130751.JPG,photos/side_view_images/P3131105.JPG,3.18,3.18,3.2764337062835693,0.09643370628356918,0.09643370628356918
densenet121,concat,ridge,408,105,photos/top_view_images/P3130752.JPG,photos/side_view_images/P3131106.JPG,4.24,4.24,3.715085029602051,-0.5249149703979494,0.5249149703979494
densenet121,concat,ridge,409,106,photos/top_view_images/P3130753.JPG,photos/side_view_images/P3131107.JPG,1.06,1.06,1.0722568035125732,0.012256803512573189,0.012256803512573189
densenet121,concat,ridge,410,106,photos/top_view_images/P3130754.JPG,photos/side_view_images/P3131108.JPG,2.12,2.12,2.3811135292053223,0.26111352920532216,0.26111352920532216
densenet121,concat,ridge,411,106,photos/top_view_images/P3130755.JPG,photos/side_view_images/P3131109.JPG,3.18,3.18,3.0758700370788574,-0.10412996292114274,0.10412996292114274
densenet121,concat,ridge,412,106,photos/top_view_images/P3130756.JPG,photos/side_view_images/P3131110.JPG,4.24,4.24,3.798585891723633,-0.4414141082763674,0.4414141082763674
densenet121,concat,ridge,413,107,photos/top_view_images/P3130757.JPG,photos/side_view_images/P3131111.JPG,1.06,1.06,1.3034415245056152,0.24344152450561518,0.24344152450561518
densenet121,concat,ridge,414,107,photos/top_view_images/P3130758.JPG,photos/side_view_images/P3131112.JPG,2.12,2.12,2.217921733856201,0.09792173385620107,0.09792173385620107
densenet121,concat,ridge,415,107,photos/top_view_images/P3130759.JPG,photos/side_view_images/P3131113.JPG,3.18,3.18,3.3843400478363037,0.20434004783630355,0.20434004783630355
densenet121,concat,ridge,416,107,photos/top_view_images/P3130760.JPG,photos/side_view_images/P3131114.JPG,4.24,4.24,3.7097434997558594,-0.5302565002441408,0.5302565002441408
densenet121,concat,ridge,417,108,photos/top_view_images/P2090065.JPG,photos/side_view_images/P2090150.JPG,0.0,0.0,0.47856903076171875,0.47856903076171875,0.47856903076171875
densenet121,concat,ridge,418,109,photos/top_view_images/P2160216.JPG,photos/side_view_images/P2160516.JPG,0.0,0.0,0.1823575496673584,0.1823575496673584,0.1823575496673584
densenet121,concat,ridge,419,110,photos/top_view_images/P3100642.JPG,photos/side_view_images/P2020002.JPG,0.0,0.0,0.21190834045410156,0.21190834045410156,0.21190834045410156
densenet121,concat,elasticnet,0,1,photos/top_view_images/P2260331.JPG,photos/side_view_images/P2260685.JPG,1.06,1.06,1.422663688659668,0.3626636886596679,0.3626636886596679
densenet121,concat,elasticnet,1,1,photos/top_view_images/P2260332.JPG,photos/side_view_images/P2260686.JPG,2.12,2.12,2.2503342628479004,0.13033426284790028,0.13033426284790028
densenet121,concat,elasticnet,2,1,photos/top_view_images/P2260333.JPG,photos/side_view_images/P2260687.JPG,3.18,3.18,3.182382583618164,0.0023825836181639026,0.0023825836181639026
densenet121,concat,elasticnet,3,1,photos/top_view_images/P2260334.JPG,photos/side_view_images/P2260688.JPG,4.24,4.24,3.71930193901062,-0.5206980609893801,0.5206980609893801
densenet121,concat,elasticnet,4,2,photos/top_view_images/P2260335.JPG,photos/side_view_images/P2260689.JPG,1.06,1.06,0.9384865760803223,-0.12151342391967779,0.12151342391967779
densenet121,concat,elasticnet,5,2,photos/top_view_images/P2260336.JPG,photos/side_view_images/P2260690.JPG,2.12,2.12,1.9093091487884521,-0.21069085121154796,0.21069085121154796
densenet121,concat,elasticnet,6,2,photos/top_view_images/P2260337.JPG,photos/side_view_images/P2260692.JPG,3.18,3.18,3.4986515045166016,0.3186515045166014,0.3186515045166014
densenet121,concat,elasticnet,7,2,photos/top_view_images/P2260339.JPG,photos/side_view_images/P2260693.JPG,4.24,4.24,3.9669508934020996,-0.2730491065979006,0.2730491065979006
densenet121,concat,elasticnet,8,3,photos/top_view_images/P2260340.JPG,photos/side_view_images/P2260694.JPG,1.06,1.06,1.269675850868225,0.20967585086822504,0.20967585086822504
densenet121,concat,elasticnet,9,3,photos/top_view_images/P2260341.JPG,photos/side_view_images/P2260695.JPG,2.12,2.12,2.4058055877685547,0.2858055877685546,0.2858055877685546
densenet121,concat,elasticnet,10,3,photos/top_view_images/P2260342.JPG,photos/side_view_images/P2260696.JPG,3.18,3.18,3.098515033721924,-0.08148496627807633,0.08148496627807633
densenet121,concat,elasticnet,11,3,photos/top_view_images/P2260343.JPG,photos/side_view_images/P2260697.JPG,4.24,4.24,3.667114734649658,-0.572885265350342,0.572885265350342
densenet121,concat,elasticnet,12,4,photos/top_view_images/P2260345.JPG,photos/side_view_images/P2260699.JPG,1.06,1.06,0.9788198471069336,-0.08118015289306646,0.08118015289306646
densenet121,concat,elasticnet,13,4,photos/top_view_images/P2260346.JPG,photos/side_view_images/P2260700.JPG,2.12,2.12,1.8389146327972412,-0.2810853672027589,0.2810853672027589
densenet121,concat,elasticnet,14,4,photos/top_view_images/P2260347.JPG,photos/side_view_images/P2260701.JPG,3.18,3.18,3.16121244430542,-0.018787555694580238,0.018787555694580238
densenet121,concat,elasticnet,15,4,photos/top_view_images/P2260348.JPG,photos/side_view_images/P2260702.JPG,4.24,4.24,3.998473882675171,-0.24152611732482931,0.24152611732482931
densenet121,concat,elasticnet,16,5,photos/top_view_images/P2260349.JPG,photos/side_view_images/P2260703.JPG,1.06,1.06,1.3045549392700195,0.24455493927001948,0.24455493927001948
densenet121,concat,elasticnet,17,5,photos/top_view_images/P2260350.JPG,photos/side_view_images/P2260704.JPG,2.12,2.12,1.9396010637283325,-0.1803989362716676,0.1803989362716676
densenet121,concat,elasticnet,18,5,photos/top_view_images/P2260351.JPG,photos/side_view_images/P2260705.JPG,3.18,3.18,3.3010520935058594,0.12105209350585922,0.12105209350585922
densenet121,concat,elasticnet,19,5,photos/top_view_images/P2260352.JPG,photos/side_view_images/P2260706.JPG,4.24,4.24,4.300787925720215,0.06078792572021463,0.06078792572021463
densenet121,concat,elasticnet,20,6,photos/top_view_images/P2270353.JPG,photos/side_view_images/P2270707.JPG,1.06,1.06,1.296818733215332,0.23681873321533198,0.23681873321533198
densenet121,concat,elasticnet,21,6,photos/top_view_images/P2270354.JPG,photos/side_view_images/P2270708.JPG,2.12,2.12,2.3635613918304443,0.24356139183044423,0.24356139183044423
densenet121,concat,elasticnet,22,6,photos/top_view_images/P2270355.JPG,photos/side_view_images/P2270709.JPG,3.18,3.18,3.2989349365234375,0.11893493652343734,0.11893493652343734
densenet121,concat,elasticnet,23,6,photos/top_view_images/P2270356.JPG,photos/side_view_images/P2270710.JPG,4.24,4.24,4.207037925720215,-0.03296207427978537,0.03296207427978537
densenet121,concat,elasticnet,24,7,photos/top_view_images/P2270357.JPG,photos/side_view_images/P2270712.JPG,1.06,1.06,0.8560054302215576,-0.20399456977844244,0.20399456977844244
densenet121,concat,elasticnet,25,7,photos/top_view_images/P2270358.JPG,photos/side_view_images/P2270713.JPG,2.12,2.12,2.6179163455963135,0.49791634559631337,0.49791634559631337
densenet121,concat,elasticnet,26,7,photos/top_view_images/P2270359.JPG,photos/side_view_images/P2270714.JPG,3.18,3.18,2.9032273292541504,-0.27677267074584977,0.27677267074584977
densenet121,concat,elasticnet,27,7,photos/top_view_images/P2270360.JPG,photos/side_view_images/P2270715.JPG,4.24,4.24,4.236570835113525,-0.0034291648864748225,0.0034291648864748225
densenet121,concat,elasticnet,28,8,photos/top_view_images/P2270361.JPG,photos/side_view_images/P2270716.JPG,1.06,1.06,1.2705296277999878,0.21052962779998774,0.21052962779998774
densenet121,concat,elasticnet,29,8,photos/top_view_images/P2270362.JPG,photos/side_view_images/P2270717.JPG,2.12,2.12,2.0108978748321533,-0.10910212516784679,0.10910212516784679
densenet121,concat,elasticnet,30,8,photos/top_view_images/P2270363.JPG,photos/side_view_images/P2270718.JPG,3.18,3.18,3.1378226280212402,-0.042177371978759925,0.042177371978759925
densenet121,concat,elasticnet,31,8,photos/top_view_images/P2270364.JPG,photos/side_view_images/P2270719.JPG,4.24,4.24,3.4248509407043457,-0.8151490592956545,0.8151490592956545
densenet121,concat,elasticnet,32,9,photos/top_view_images/P2270365.JPG,photos/side_view_images/P2270720.JPG,1.06,1.06,1.131576657295227,0.071576657295227,0.071576657295227
densenet121,concat,elasticnet,33,9,photos/top_view_images/P2270366.JPG,photos/side_view_images/P2270721.JPG,2.12,2.12,2.0088887214660645,-0.11111127853393565,0.11111127853393565
densenet121,concat,elasticnet,34,9,photos/top_view_images/P2270367.JPG,photos/side_view_images/P2270722.JPG,3.18,3.18,3.1597092151641846,-0.02029078483581559,0.02029078483581559
densenet121,concat,elasticnet,35,9,photos/top_view_images/P2270368.JPG,photos/side_view_images/P2270723.JPG,4.24,4.24,3.702122211456299,-0.5378777885437014,0.5378777885437014
densenet121,concat,elasticnet,36,10,photos/top_view_images/P2270369.JPG,photos/side_view_images/P2270724.JPG,1.06,1.06,1.2245910167694092,0.16459101676940913,0.16459101676940913
densenet121,concat,elasticnet,37,10,photos/top_view_images/P2270370.JPG,photos/side_view_images/P2270725.JPG,2.12,2.12,2.082310438156128,-0.03768956184387218,0.03768956184387218
densenet121,concat,elasticnet,38,10,photos/top_view_images/P2270371.JPG,photos/side_view_images/P2270726.JPG,3.18,3.18,2.9522738456726074,-0.22772615432739274,0.22772615432739274
densenet121,concat,elasticnet,39,10,photos/top_view_images/P2270372.JPG,photos/side_view_images/P2270727.JPG,4.24,4.24,4.115027904510498,-0.12497209548950217,0.12497209548950217
densenet121,concat,elasticnet,40,11,photos/top_view_images/P2270373.JPG,photos/side_view_images/P2270728.JPG,1.06,1.06,1.2033743858337402,0.14337438583374018,0.14337438583374018
densenet121,concat,elasticnet,41,11,photos/top_view_images/P2270374.JPG,photos/side_view_images/P2270729.JPG,2.12,2.12,2.269165515899658,0.1491655158996581,0.1491655158996581
densenet121,concat,elasticnet,42,11,photos/top_view_images/P2270375.JPG,photos/side_view_images/P2270730.JPG,3.18,3.18,3.097557306289673,-0.08244269371032731,0.08244269371032731
densenet121,concat,elasticnet,43,11,photos/top_view_images/P2270376.JPG,photos/side_view_images/P2270731.JPG,4.24,4.24,3.5345847606658936,-0.7054152393341067,0.7054152393341067
densenet121,concat,elasticnet,44,12,photos/top_view_images/P2270377.JPG,photos/side_view_images/P2270732.JPG,1.06,1.06,1.3066115379333496,0.24661153793334956,0.24661153793334956
densenet121,concat,elasticnet,45,12,photos/top_view_images/P2270378.JPG,photos/side_view_images/P2270733.JPG,2.12,2.12,2.3351850509643555,0.21518505096435536,0.21518505096435536
densenet121,concat,elasticnet,46,12,photos/top_view_images/P2270379.JPG,photos/side_view_images/P2270734.JPG,3.18,3.18,3.527498722076416,0.34749872207641586,0.34749872207641586
densenet121,concat,elasticnet,47,12,photos/top_view_images/P2270381.JPG,photos/side_view_images/P2270736.JPG,4.24,4.24,3.9194815158843994,-0.3205184841156008,0.3205184841156008
densenet121,concat,elasticnet,48,13,photos/top_view_images/P2270383.JPG,photos/side_view_images/P2270737.JPG,1.06,1.06,1.2329318523406982,0.1729318523406982,0.1729318523406982
densenet121,concat,elasticnet,49,13,photos/top_view_images/P2270384.JPG,photos/side_view_images/P2270738.JPG,2.12,2.12,2.0921378135681152,-0.027862186431884872,0.027862186431884872
densenet121,concat,elasticnet,50,13,photos/top_view_images/P2270385.JPG,photos/side_view_images/P2270739.JPG,3.18,3.18,2.951254367828369,-0.22874563217163102,0.22874563217163102
densenet121,concat,elasticnet,51,14,photos/top_view_images/P3020386.JPG,photos/side_view_images/P3020741.JPG,1.06,1.06,1.1014716625213623,0.04147166252136225,0.04147166252136225
densenet121,concat,elasticnet,52,14,photos/top_view_images/P3020387.JPG,photos/side_view_images/P3020742.JPG,2.12,2.12,1.964557409286499,-0.15544259071350108,0.15544259071350108
densenet121,concat,elasticnet,53,14,photos/top_view_images/P3020388.JPG,photos/side_view_images/P3020743.JPG,3.18,3.18,3.2865238189697266,0.1065238189697264,0.1065238189697264
densenet121,concat,elasticnet,54,14,photos/top_view_images/P3020389.JPG,photos/side_view_images/P3020744.JPG,4.24,4.24,3.966614246368408,-0.273385753631592,0.273385753631592
densenet121,concat,elasticnet,55,15,photos/top_view_images/P3020390.JPG,photos/side_view_images/P3020745.JPG,1.06,1.06,1.5458319187164307,0.4858319187164306,0.4858319187164306
densenet121,concat,elasticnet,56,15,photos/top_view_images/P3020391.JPG,photos/side_view_images/P3020746.JPG,2.12,2.12,2.4849390983581543,0.3649390983581542,0.3649390983581542
densenet121,concat,elasticnet,57,15,photos/top_view_images/P3020392.JPG,photos/side_view_images/P3020747.JPG,3.18,3.18,3.3407540321350098,0.1607540321350096,0.1607540321350096
densenet121,concat,elasticnet,58,15,photos/top_view_images/P3020393.JPG,photos/side_view_images/P3020748.JPG,4.24,4.24,3.5727577209472656,-0.6672422790527346,0.6672422790527346
densenet121,concat,elasticnet,59,16,photos/top_view_images/P3020394.JPG,photos/side_view_images/P3020749.JPG,1.06,1.06,0.9747223854064941,-0.08527761459350591,0.08527761459350591
densenet121,concat,elasticnet,60,16,photos/top_view_images/P3020395.JPG,photos/side_view_images/P3020750.JPG,2.12,2.12,2.1672885417938232,0.047288541793823136,0.047288541793823136
densenet121,concat,elasticnet,61,16,photos/top_view_images/P3020396.JPG,photos/side_view_images/P3020751.JPG,3.18,3.18,2.6548938751220703,-0.5251061248779298,0.5251061248779298
densenet121,concat,elasticnet,62,16,photos/top_view_images/P3020397.JPG,photos/side_view_images/P3020752.JPG,4.24,4.24,3.9817638397216797,-0.2582361602783205,0.2582361602783205
densenet121,concat,elasticnet,63,17,photos/top_view_images/P3020398.JPG,photos/side_view_images/P3020753.JPG,1.06,1.06,0.788285493850708,-0.27171450614929205,0.27171450614929205
densenet121,concat,elasticnet,64,17,photos/top_view_images/P3020399.JPG,photos/side_view_images/P3020754.JPG,2.12,2.12,2.1606342792510986,0.040634279251098526,0.040634279251098526
densenet121,concat,elasticnet,65,17,photos/top_view_images/P3020400.JPG,photos/side_view_images/P3020755.JPG,3.18,3.18,3.6014504432678223,0.4214504432678221,0.4214504432678221
densenet121,concat,elasticnet,66,17,photos/top_view_images/P3020401.JPG,photos/side_view_images/P3020756.JPG,4.24,4.24,4.1396379470825195,-0.10036205291748068,0.10036205291748068
densenet121,concat,elasticnet,67,18,photos/top_view_images/P3020402.JPG,photos/side_view_images/P3020757.JPG,1.06,1.06,1.4166463613510132,0.35664636135101313,0.35664636135101313
densenet121,concat,elasticnet,68,18,photos/top_view_images/P3020403.JPG,photos/side_view_images/P3020758.JPG,2.12,2.12,2.246962070465088,0.12696207046508778,0.12696207046508778
densenet121,concat,elasticnet,69,18,photos/top_view_images/P3020404.JPG,photos/side_view_images/P3020759.JPG,3.18,3.18,3.0281786918640137,-0.1518213081359865,0.1518213081359865
densenet121,concat,elasticnet,70,18,photos/top_view_images/P3020405.JPG,photos/side_view_images/P3020760.JPG,4.24,4.24,3.60223650932312,-0.6377634906768801,0.6377634906768801
densenet121,concat,elasticnet,71,19,photos/top_view_images/P3020406.JPG,photos/side_view_images/P3020761.JPG,1.06,1.06,1.243423581123352,0.183423581123352,0.183423581123352
densenet121,concat,elasticnet,72,19,photos/top_view_images/P3020407.JPG,photos/side_view_images/P3020762.JPG,2.12,2.12,2.280890703201294,0.16089070320129384,0.16089070320129384
densenet121,concat,elasticnet,73,19,photos/top_view_images/P3020408.JPG,photos/side_view_images/P3020763.JPG,3.18,3.18,3.349698781967163,0.16969878196716293,0.16969878196716293
densenet121,concat,elasticnet,74,19,photos/top_view_images/P3020409.JPG,photos/side_view_images/P3020764.JPG,4.24,4.24,4.100039482116699,-0.139960517883301,0.139960517883301
densenet121,concat,elasticnet,75,20,photos/top_view_images/P3020410.JPG,photos/side_view_images/P3020765.JPG,1.06,1.06,0.9939630031585693,-0.06603699684143072,0.06603699684143072
densenet121,concat,elasticnet,76,20,photos/top_view_images/P3020411.JPG,photos/side_view_images/P3020766.JPG,2.12,2.12,2.397831439971924,0.2778314399719237,0.2778314399719237
densenet121,concat,elasticnet,77,20,photos/top_view_images/P3020412.JPG,photos/side_view_images/P3020767.JPG,3.18,3.18,2.946032762527466,-0.23396723747253434,0.23396723747253434
densenet121,concat,elasticnet,78,20,photos/top_view_images/P3020413.JPG,photos/side_view_images/P3020768.JPG,4.24,4.24,3.6491990089416504,-0.5908009910583498,0.5908009910583498
densenet121,concat,elasticnet,79,21,photos/top_view_images/P3020414.JPG,photos/side_view_images/P3020769.JPG,1.06,1.06,1.3229633569717407,0.26296335697174067,0.26296335697174067
densenet121,concat,elasticnet,80,21,photos/top_view_images/P3020415.JPG,photos/side_view_images/P3020770.JPG,2.12,2.12,2.675962209701538,0.555962209701538,0.555962209701538
densenet121,concat,elasticnet,81,21,photos/top_view_images/P3020416.JPG,photos/side_view_images/P3020771.JPG,3.18,3.18,3.263320207595825,0.08332020759582504,0.08332020759582504
densenet121,concat,elasticnet,82,21,photos/top_view_images/P3020417.JPG,photos/side_view_images/P3020772.JPG,4.24,4.24,3.5125794410705566,-0.7274205589294436,0.7274205589294436
densenet121,concat,elasticnet,83,22,photos/top_view_images/P3020418.JPG,photos/side_view_images/P3020773.JPG,1.06,1.06,0.9133970737457275,-0.14660292625427251,0.14660292625427251
densenet121,concat,elasticnet,84,22,photos/top_view_images/P3020419.JPG,photos/side_view_images/P3020774.JPG,2.12,2.12,1.8854825496673584,-0.2345174503326417,0.2345174503326417
densenet121,concat,elasticnet,85,22,photos/top_view_images/P3020420.JPG,photos/side_view_images/P3020775.JPG,3.18,3.18,3.4352660179138184,0.2552660179138182,0.2552660179138182
densenet121,concat,elasticnet,86,22,photos/top_view_images/P3020421.JPG,photos/side_view_images/P3020776.JPG,4.24,4.24,3.5084874629974365,-0.7315125370025637,0.7315125370025637
densenet121,concat,elasticnet,87,23,photos/top_view_images/P3020422.JPG,photos/side_view_images/P3020777.JPG,1.06,1.06,1.4089369773864746,0.34893697738647456,0.34893697738647456
densenet121,concat,elasticnet,88,23,photos/top_view_images/P3020423.JPG,photos/side_view_images/P3020778.JPG,2.12,2.12,2.308668613433838,0.18866861343383778,0.18866861343383778
densenet121,concat,elasticnet,89,23,photos/top_view_images/P3020424.JPG,photos/side_view_images/P3020779.JPG,3.18,3.18,3.4334774017333984,0.2534774017333983,0.2534774017333983
densenet121,concat,elasticnet,90,23,photos/top_view_images/P3020425.JPG,photos/side_view_images/P3020780.JPG,4.24,4.24,3.8297739028930664,-0.4102260971069338,0.4102260971069338
densenet121,concat,elasticnet,91,24,photos/top_view_images/P3020426.JPG,photos/side_view_images/P3020781.JPG,1.06,1.06,1.0563371181488037,-0.0036628818511963424,0.0036628818511963424
densenet121,concat,elasticnet,92,24,photos/top_view_images/P3020427.JPG,photos/side_view_images/P3020782.JPG,2.12,2.12,2.2469544410705566,0.12695444107055653,0.12695444107055653
densenet121,concat,elasticnet,93,24,photos/top_view_images/P3020428.JPG,photos/side_view_images/P3020783.JPG,3.18,3.18,3.181201219558716,0.0012012195587156604,0.0012012195587156604
densenet121,concat,elasticnet,94,24,photos/top_view_images/P3020429.JPG,photos/side_view_images/P3020784.JPG,4.24,4.24,3.8477821350097656,-0.3922178649902346,0.3922178649902346
densenet121,concat,elasticnet,95,25,photos/top_view_images/P3020430.JPG,photos/side_view_images/P3020785.JPG,1.06,1.06,0.9671659469604492,-0.09283405303955083,0.09283405303955083
densenet121,concat,elasticnet,96,25,photos/top_view_images/P3020431.JPG,photos/side_view_images/P3020786.JPG,2.12,2.12,2.1177334785461426,-0.0022665214538575285,0.0022665214538575285
densenet121,concat,elasticnet,97,25,photos/top_view_images/P3020432.JPG,photos/side_view_images/P3020787.JPG,3.18,3.18,2.806549072265625,-0.37345092773437516,0.37345092773437516
densenet121,concat,elasticnet,98,25,photos/top_view_images/P3020433.JPG,photos/side_view_images/P3020788.JPG,4.24,4.24,3.5043885707855225,-0.7356114292144778,0.7356114292144778
densenet121,concat,elasticnet,99,26,photos/top_view_images/P3020434.JPG,photos/side_view_images/P3020789.JPG,1.06,1.06,1.6927176713943481,0.6327176713943481,0.6327176713943481
densenet121,concat,elasticnet,100,26,photos/top_view_images/P3020435.JPG,photos/side_view_images/P3020790.JPG,2.12,2.12,2.478440761566162,0.358440761566162,0.358440761566162
densenet121,concat,elasticnet,101,26,photos/top_view_images/P3020436.JPG,photos/side_view_images/P3020791.JPG,3.18,3.18,3.8921308517456055,0.7121308517456053,0.7121308517456053
densenet121,concat,elasticnet,102,26,photos/top_view_images/P3020437.JPG,photos/side_view_images/P3020792.JPG,4.24,4.24,4.630407333374023,0.3904073333740232,0.3904073333740232
densenet121,concat,elasticnet,103,27,photos/top_view_images/P3020438.JPG,photos/side_view_images/P3020793.JPG,1.06,1.06,0.7995526790618896,-0.2604473209381104,0.2604473209381104
densenet121,concat,elasticnet,104,27,photos/top_view_images/P3020439.JPG,photos/side_view_images/P3020794.JPG,2.12,2.12,2.104771852493286,-0.015228147506713974,0.015228147506713974
densenet121,concat,elasticnet,105,27,photos/top_view_images/P3020440.JPG,photos/side_view_images/P3020795.JPG,3.18,3.18,3.2862422466278076,0.10624224662780746,0.10624224662780746
densenet121,concat,elasticnet,106,27,photos/top_view_images/P3020441.JPG,photos/side_view_images/P3020796.JPG,4.24,4.24,3.9093871116638184,-0.33061288833618185,0.33061288833618185
densenet121,concat,elasticnet,107,28,photos/top_view_images/P3030442.JPG,photos/side_view_images/P3030797.JPG,1.06,1.06,1.0920660495758057,0.03206604957580561,0.03206604957580561
densenet121,concat,elasticnet,108,28,photos/top_view_images/P3030443.JPG,photos/side_view_images/P3030798.JPG,2.12,2.12,2.3048341274261475,0.18483412742614735,0.18483412742614735
densenet121,concat,elasticnet,109,28,photos/top_view_images/P3030444.JPG,photos/side_view_images/P3030799.JPG,3.18,3.18,2.9335734844207764,-0.2464265155792238,0.2464265155792238
densenet121,concat,elasticnet,110,28,photos/top_view_images/P3030445.JPG,photos/side_view_images/P3030800.JPG,4.24,4.24,3.6354360580444336,-0.6045639419555666,0.6045639419555666
densenet121,concat,elasticnet,111,29,photos/top_view_images/P3030446.JPG,photos/side_view_images/P3030801.JPG,1.06,1.06,1.332155704498291,0.27215570449829096,0.27215570449829096
densenet121,concat,elasticnet,112,29,photos/top_view_images/P3030447.JPG,photos/side_view_images/P3030802.JPG,2.12,2.12,1.9692676067352295,-0.15073239326477061,0.15073239326477061
densenet121,concat,elasticnet,113,29,photos/top_view_images/P3030448.JPG,photos/side_view_images/P3030803.JPG,3.18,3.18,3.562749147415161,0.382749147415161,0.382749147415161
densenet121,concat,elasticnet,114,29,photos/top_view_images/P3030449.JPG,photos/side_view_images/P3030804.JPG,4.24,4.24,4.119388580322266,-0.12061141967773459,0.12061141967773459
densenet121,concat,elasticnet,115,30,photos/top_view_images/P3030450.JPG,photos/side_view_images/P3030805.JPG,1.06,1.06,1.698249101638794,0.6382491016387939,0.6382491016387939
densenet121,concat,elasticnet,116,30,photos/top_view_images/P3030451.JPG,photos/side_view_images/P3030806.JPG,2.12,2.12,2.8221302032470703,0.7021302032470702,0.7021302032470702
densenet121,concat,elasticnet,117,30,photos/top_view_images/P3030452.JPG,photos/side_view_images/P3030807.JPG,3.18,3.18,3.03885555267334,-0.14114444732666032,0.14114444732666032
densenet121,concat,elasticnet,118,30,photos/top_view_images/P3030453.JPG,photos/side_view_images/P3030808.JPG,4.24,4.24,3.4349756240844727,-0.8050243759155276,0.8050243759155276
densenet121,concat,elasticnet,119,31,photos/top_view_images/P3030454.JPG,photos/side_view_images/P3030809.JPG,1.06,1.06,0.9048581123352051,-0.15514188766479498,0.15514188766479498
densenet121,concat,elasticnet,120,31,photos/top_view_images/P3030455.JPG,photos/side_view_images/P3030810.JPG,2.12,2.12,1.8551721572875977,-0.26482784271240245,0.26482784271240245
densenet121,concat,elasticnet,121,31,photos/top_view_images/P3030456.JPG,photos/side_view_images/P3030811.JPG,3.18,3.18,3.2516720294952393,0.0716720294952391,0.0716720294952391
densenet121,concat,elasticnet,122,31,photos/top_view_images/P3030457.JPG,photos/side_view_images/P3030812.JPG,4.24,4.24,4.051382064819336,-0.18861793518066428,0.18861793518066428
densenet121,concat,elasticnet,123,32,photos/top_view_images/P3050458.JPG,photos/side_view_images/P3050813.JPG,1.06,1.06,1.5655988454818726,0.5055988454818725,0.5055988454818725
densenet121,concat,elasticnet,124,32,photos/top_view_images/P3050459.JPG,photos/side_view_images/P3050814.JPG,2.12,2.12,2.5883870124816895,0.46838701248168935,0.46838701248168935
densenet121,concat,elasticnet,125,32,photos/top_view_images/P3050460.JPG,photos/side_view_images/P3050815.JPG,3.18,3.18,3.7083184719085693,0.5283184719085692,0.5283184719085692
densenet121,concat,elasticnet,126,32,photos/top_view_images/P3050462.JPG,photos/side_view_images/P3050817.JPG,4.24,4.24,3.626356840133667,-0.6136431598663332,0.6136431598663332
densenet121,concat,elasticnet,127,33,photos/top_view_images/P3050463.JPG,photos/side_view_images/P3050818.JPG,1.06,1.06,0.9911954402923584,-0.06880455970764165,0.06880455970764165
densenet121,concat,elasticnet,128,33,photos/top_view_images/P3050464.JPG,photos/side_view_images/P3050819.JPG,2.12,2.12,2.0377449989318848,-0.08225500106811534,0.08225500106811534
densenet121,concat,elasticnet,129,34,photos/top_view_images/P3050467.JPG,photos/side_view_images/P3050823.JPG,1.06,1.06,1.224328637123108,0.16432863712310786,0.16432863712310786
densenet121,concat,elasticnet,130,34,photos/top_view_images/P3050468.JPG,photos/side_view_images/P3050824.JPG,2.12,2.12,2.6895296573638916,0.5695296573638915,0.5695296573638915
densenet121,concat,elasticnet,131,34,photos/top_view_images/P3050469.JPG,photos/side_view_images/P3050825.JPG,3.18,3.18,3.543065071105957,0.36306507110595687,0.36306507110595687
densenet121,concat,elasticnet,132,34,photos/top_view_images/P3050470.JPG,photos/side_view_images/P3050826.JPG,4.24,4.24,3.7516157627105713,-0.4883842372894289,0.4883842372894289
densenet121,concat,elasticnet,133,35,photos/top_view_images/P3050471.JPG,photos/side_view_images/P3050827.JPG,1.06,1.06,1.077744483947754,0.017744483947753853,0.017744483947753853
densenet121,concat,elasticnet,134,35,photos/top_view_images/P3050472.JPG,photos/side_view_images/P3050828.JPG,2.12,2.12,2.0934011936187744,-0.026598806381225693,0.026598806381225693
densenet121,concat,elasticnet,135,35,photos/top_view_images/P3050473.JPG,photos/side_view_images/P3050829.JPG,3.18,3.18,2.8564658164978027,-0.3235341835021974,0.3235341835021974
densenet121,concat,elasticnet,136,35,photos/top_view_images/P3050474.JPG,photos/side_view_images/P3050830.JPG,4.24,4.24,4.146729469299316,-0.0932705307006838,0.0932705307006838
densenet121,concat,elasticnet,137,36,photos/top_view_images/P3050475.JPG,photos/side_view_images/P3050831.JPG,1.06,1.06,1.026909351348877,-0.0330906486511231,0.0330906486511231
densenet121,concat,elasticnet,138,36,photos/top_view_images/P3050476.JPG,photos/side_view_images/P3050832.JPG,2.12,2.12,2.5556282997131348,0.43562829971313466,0.43562829971313466
densenet121,concat,elasticnet,139,36,photos/top_view_images/P3050477.JPG,photos/side_view_images/P3050833.JPG,3.18,3.18,2.6549019813537598,-0.5250980186462404,0.5250980186462404
densenet121,concat,elasticnet,140,36,photos/top_view_images/P3050478.JPG,photos/side_view_images/P3050834.JPG,4.24,4.24,3.315570592880249,-0.9244294071197512,0.9244294071197512
densenet121,concat,elasticnet,141,37,photos/top_view_images/P3050479.JPG,photos/side_view_images/P3050835.JPG,1.06,1.06,0.8984150886535645,-0.1615849113464356,0.1615849113464356
densenet121,concat,elasticnet,142,37,photos/top_view_images/P3050480.JPG,photos/side_view_images/P3050836.JPG,2.12,2.12,2.3145809173583984,0.19458091735839833,0.19458091735839833
densenet121,concat,elasticnet,143,37,photos/top_view_images/P3050481.JPG,photos/side_view_images/P3050837.JPG,3.18,3.18,2.8413140773773193,-0.3386859226226808,0.3386859226226808
densenet121,concat,elasticnet,144,37,photos/top_view_images/P3050482.JPG,photos/side_view_images/P3050838.JPG,4.24,4.24,3.838681697845459,-0.40131830215454123,0.40131830215454123
densenet121,concat,elasticnet,145,38,photos/top_view_images/P3050484.JPG,photos/side_view_images/P3050840.JPG,1.06,1.06,1.1534708738327026,0.09347087383270258,0.09347087383270258
densenet121,concat,elasticnet,146,38,photos/top_view_images/P3050485.JPG,photos/side_view_images/P3050841.JPG,2.12,2.12,2.2958943843841553,0.17589438438415517,0.17589438438415517
densenet121,concat,elasticnet,147,38,photos/top_view_images/P3050486.JPG,photos/side_view_images/P3050842.JPG,3.18,3.18,3.008981943130493,-0.171018056869507,0.171018056869507
densenet121,concat,elasticnet,148,38,photos/top_view_images/P3050487.JPG,photos/side_view_images/P3050843.JPG,4.24,4.24,3.6493520736694336,-0.5906479263305666,0.5906479263305666
densenet121,concat,elasticnet,149,39,photos/top_view_images/P3050488.JPG,photos/side_view_images/P3050844.JPG,1.06,1.06,1.1879254579544067,0.12792545795440668,0.12792545795440668
densenet121,concat,elasticnet,150,39,photos/top_view_images/P3050489.JPG,photos/side_view_images/P3050845.JPG,2.12,2.12,2.617222309112549,0.4972223091125487,0.4972223091125487
densenet121,concat,elasticnet,151,39,photos/top_view_images/P3050490.JPG,photos/side_view_images/P3050846.JPG,3.18,3.18,3.5622293949127197,0.38222939491271957,0.38222939491271957
densenet121,concat,elasticnet,152,39,photos/top_view_images/P3050491.JPG,photos/side_view_images/P3050847.JPG,4.24,4.24,3.980069160461426,-0.25993083953857443,0.25993083953857443
densenet121,concat,elasticnet,153,40,photos/top_view_images/P3050492.JPG,photos/side_view_images/P3050848.JPG,1.06,1.06,1.4552595615386963,0.39525956153869624,0.39525956153869624
densenet121,concat,elasticnet,154,40,photos/top_view_images/P3050493.JPG,photos/side_view_images/P3050849.JPG,2.12,2.12,2.160522699356079,0.040522699356078995,0.040522699356078995
densenet121,concat,elasticnet,155,40,photos/top_view_images/P3050494.JPG,photos/side_view_images/P3050850.JPG,3.18,3.18,3.238173723220825,0.058173723220825035,0.058173723220825035
densenet121,concat,elasticnet,156,40,photos/top_view_images/P3050495.JPG,photos/side_view_images/P3050851.JPG,4.24,4.24,3.6753273010253906,-0.5646726989746096,0.5646726989746096
densenet121,concat,elasticnet,157,41,photos/top_view_images/P3050496.JPG,photos/side_view_images/P3050852.JPG,1.06,1.06,1.2193974256515503,0.15939742565155024,0.15939742565155024
densenet121,concat,elasticnet,158,41,photos/top_view_images/P3050497.JPG,photos/side_view_images/P3050853.JPG,2.12,2.12,2.2185568809509277,0.09855688095092763,0.09855688095092763
densenet121,concat,elasticnet,159,41,photos/top_view_images/P3050498.JPG,photos/side_view_images/P3050854.JPG,3.18,3.18,3.209394931793213,0.02939493179321273,0.02939493179321273
densenet121,concat,elasticnet,160,41,photos/top_view_images/P3050499.JPG,photos/side_view_images/P3050855.JPG,4.24,4.24,3.9206647872924805,-0.31933521270751974,0.31933521270751974
densenet121,concat,elasticnet,161,42,photos/top_view_images/P3050500.JPG,photos/side_view_images/P3050857.JPG,2.12,2.12,1.7036898136138916,-0.4163101863861085,0.4163101863861085
densenet121,concat,elasticnet,162,42,photos/top_view_images/P3050501.JPG,photos/side_view_images/P3050858.JPG,3.18,3.18,2.8349649906158447,-0.34503500938415543,0.34503500938415543
densenet121,concat,elasticnet,163,43,photos/top_view_images/P3060503.JPG,photos/side_view_images/P3060859.JPG,1.06,1.06,1.065152645111084,0.005152645111083931,0.005152645111083931
densenet121,concat,elasticnet,164,43,photos/top_view_images/P3060504.JPG,photos/side_view_images/P3060860.JPG,2.12,2.12,2.3460752964019775,0.22607529640197743,0.22607529640197743
densenet121,concat,elasticnet,165,43,photos/top_view_images/P3060505.JPG,photos/side_view_images/P3060861.JPG,3.18,3.18,3.2192344665527344,0.039234466552734215,0.039234466552734215
densenet121,concat,elasticnet,166,43,photos/top_view_images/P3060506.JPG,photos/side_view_images/P3060862.JPG,4.24,4.24,3.5429465770721436,-0.6970534229278567,0.6970534229278567
densenet121,concat,elasticnet,167,44,photos/top_view_images/P3060507.JPG,photos/side_view_images/P3060863.JPG,1.06,1.06,1.034557819366455,-0.025442180633544975,0.025442180633544975
densenet121,concat,elasticnet,168,44,photos/top_view_images/P3060508.JPG,photos/side_view_images/P3060864.JPG,2.12,2.12,1.9879884719848633,-0.13201152801513683,0.13201152801513683
densenet121,concat,elasticnet,169,44,photos/top_view_images/P3060509.JPG,photos/side_view_images/P3060865.JPG,3.18,3.18,3.359631061553955,0.17963106155395492,0.17963106155395492
densenet121,concat,elasticnet,170,44,photos/top_view_images/P3060510.JPG,photos/side_view_images/P3060866.JPG,4.24,4.24,3.640434741973877,-0.5995652580261233,0.5995652580261233
densenet121,concat,elasticnet,171,45,photos/top_view_images/P3060511.JPG,photos/side_view_images/P3060867.JPG,1.06,1.06,1.1769518852233887,0.11695188522338862,0.11695188522338862
densenet121,concat,elasticnet,172,45,photos/top_view_images/P3060512.JPG,photos/side_view_images/P3060868.JPG,2.12,2.12,1.9491177797317505,-0.17088222026824962,0.17088222026824962
densenet121,concat,elasticnet,173,45,photos/top_view_images/P3060513.JPG,photos/side_view_images/P3060869.JPG,3.18,3.18,3.158250331878662,-0.02174966812133805,0.02174966812133805
densenet121,concat,elasticnet,174,45,photos/top_view_images/P3060514.JPG,photos/side_view_images/P3060870.JPG,4.24,4.24,3.969020128250122,-0.27097987174987814,0.27097987174987814
densenet121,concat,elasticnet,175,46,photos/top_view_images/P3060515.JPG,photos/side_view_images/P3060871.JPG,1.06,1.06,1.2743152379989624,0.21431523799896235,0.21431523799896235
densenet121,concat,elasticnet,176,46,photos/top_view_images/P3060516.JPG,photos/side_view_images/P3060872.JPG,2.12,2.12,2.1820640563964844,0.06206405639648427,0.06206405639648427
densenet121,concat,elasticnet,177,46,photos/top_view_images/P3060517.JPG,photos/side_view_images/P3060873.JPG,3.18,3.18,3.242121696472168,0.06212169647216781,0.06212169647216781
densenet121,concat,elasticnet,178,46,photos/top_view_images/P3060518.JPG,photos/side_view_images/P3060874.JPG,4.24,4.24,3.4650626182556152,-0.774937381744385,0.774937381744385
densenet121,concat,elasticnet,179,47,photos/top_view_images/P3060519.JPG,photos/side_view_images/P3060875.JPG,1.06,1.06,1.4465479850769043,0.38654798507690424,0.38654798507690424
densenet121,concat,elasticnet,180,47,photos/top_view_images/P3060520.JPG,photos/side_view_images/P3060876.JPG,2.12,2.12,2.698113441467285,0.578113441467285,0.578113441467285
densenet121,concat,elasticnet,181,47,photos/top_view_images/P3060521.JPG,photos/side_view_images/P3060877.JPG,3.18,3.18,2.8856630325317383,-0.2943369674682619,0.2943369674682619
densenet121,concat,elasticnet,182,47,photos/top_view_images/P3060522.JPG,photos/side_view_images/P3060878.JPG,4.24,4.24,3.333949089050293,-0.9060509109497072,0.9060509109497072
densenet121,concat,elasticnet,183,48,photos/top_view_images/P3060523.JPG,photos/side_view_images/P3060879.JPG,1.06,1.06,1.5636565685272217,0.5036565685272216,0.5036565685272216
densenet121,concat,elasticnet,184,48,photos/top_view_images/P3060524.JPG,photos/side_view_images/P3060880.JPG,2.12,2.12,2.3448421955108643,0.22484219551086415,0.22484219551086415
densenet121,concat,elasticnet,185,48,photos/top_view_images/P3060525.JPG,photos/side_view_images/P3060881.JPG,3.18,3.18,2.9474167823791504,-0.23258321762084977,0.23258321762084977
densenet121,concat,elasticnet,186,48,photos/top_view_images/P3060526.JPG,photos/side_view_images/P3060882.JPG,4.24,4.24,3.3240866661071777,-0.9159133338928225,0.9159133338928225
densenet121,concat,elasticnet,187,49,photos/top_view_images/P3060527.JPG,photos/side_view_images/P3060883.JPG,1.06,1.06,1.1626731157302856,0.10267311573028559,0.10267311573028559
densenet121,concat,elasticnet,188,49,photos/top_view_images/P3060528.JPG,photos/side_view_images/P3060884.JPG,2.12,2.12,2.8493518829345703,0.7293518829345702,0.7293518829345702
densenet121,concat,elasticnet,189,49,photos/top_view_images/P3060529.JPG,photos/side_view_images/P3060885.JPG,3.18,3.18,3.446929931640625,0.26692993164062484,0.26692993164062484
densenet121,concat,elasticnet,190,49,photos/top_view_images/P3060530.JPG,photos/side_view_images/P3060886.JPG,4.24,4.24,3.316032886505127,-0.9239671134948733,0.9239671134948733
densenet121,concat,elasticnet,191,50,photos/top_view_images/P3060531.JPG,photos/side_view_images/P3060887.JPG,1.06,1.06,1.4530231952667236,0.3930231952667236,0.3930231952667236
densenet121,concat,elasticnet,192,50,photos/top_view_images/P3060532.JPG,photos/side_view_images/P3060888.JPG,2.12,2.12,2.502608299255371,0.382608299255371,0.382608299255371
densenet121,concat,elasticnet,193,50,photos/top_view_images/P3060533.JPG,photos/side_view_images/P3060889.JPG,3.18,3.18,3.5465571880340576,0.36655718803405746,0.36655718803405746
densenet121,concat,elasticnet,194,50,photos/top_view_images/P3060534.JPG,photos/side_view_images/P3060890.JPG,4.24,4.24,3.919987201690674,-0.3200127983093264,0.3200127983093264
densenet121,concat,elasticnet,195,51,photos/top_view_images/P3060535.JPG,photos/side_view_images/P3060891.JPG,1.06,1.06,1.0888793468475342,0.028879346847534126,0.028879346847534126
densenet121,concat,elasticnet,196,51,photos/top_view_images/P3060536.JPG,photos/side_view_images/P3060892.JPG,2.12,2.12,2.2827932834625244,0.1627932834625243,0.1627932834625243
densenet121,concat,elasticnet,197,51,photos/top_view_images/P3060537.JPG,photos/side_view_images/P3060893.JPG,3.18,3.18,2.989698648452759,-0.19030135154724137,0.19030135154724137
densenet121,concat,elasticnet,198,51,photos/top_view_images/P3060538.JPG,photos/side_view_images/P3060894.JPG,4.24,4.24,3.633957862854004,-0.6060421371459963,0.6060421371459963
densenet121,concat,elasticnet,199,52,photos/top_view_images/P3060539.JPG,photos/side_view_images/P3060895.JPG,1.06,1.06,1.2389850616455078,0.17898506164550776,0.17898506164550776
densenet121,concat,elasticnet,200,52,photos/top_view_images/P3060540.JPG,photos/side_view_images/P3060896.JPG,2.12,2.12,2.738947868347168,0.6189478683471679,0.6189478683471679
densenet121,concat,elasticnet,201,52,photos/top_view_images/P3060541.JPG,photos/side_view_images/P3060897.JPG,3.18,3.18,3.3041117191314697,0.12411171913146957,0.12411171913146957
densenet121,concat,elasticnet,202,52,photos/top_view_images/P3060542.JPG,photos/side_view_images/P3060898.JPG,4.24,4.24,3.670457124710083,-0.5695428752899172,0.5695428752899172
densenet121,concat,elasticnet,203,53,photos/top_view_images/P3060543.JPG,photos/side_view_images/P3060899.JPG,1.06,1.06,1.1292630434036255,0.06926304340362543,0.06926304340362543
densenet121,concat,elasticnet,204,53,photos/top_view_images/P3060544.JPG,photos/side_view_images/P3060900.JPG,2.12,2.12,2.1816773414611816,0.061677341461181534,0.061677341461181534
densenet121,concat,elasticnet,205,53,photos/top_view_images/P3060545.JPG,photos/side_view_images/P3060901.JPG,3.18,3.18,3.129833221435547,-0.050166778564453285,0.050166778564453285
densenet121,concat,elasticnet,206,53,photos/top_view_images/P3060546.JPG,photos/side_view_images/P3060902.JPG,4.24,4.24,3.255058765411377,-0.9849412345886233,0.9849412345886233
densenet121,concat,elasticnet,207,54,photos/top_view_images/P3060547.JPG,photos/side_view_images/P3060903.JPG,1.06,1.06,1.5793612003326416,0.5193612003326415,0.5193612003326415
densenet121,concat,elasticnet,208,54,photos/top_view_images/P3060548.JPG,photos/side_view_images/P3060904.JPG,2.12,2.12,2.549074649810791,0.4290746498107909,0.4290746498107909
densenet121,concat,elasticnet,209,54,photos/top_view_images/P3060549.JPG,photos/side_view_images/P3060905.JPG,3.18,3.18,3.4744646549224854,0.2944646549224852,0.2944646549224852
densenet121,concat,elasticnet,210,55,photos/top_view_images/P3060550.JPG,photos/side_view_images/P3060906.JPG,1.06,1.06,1.3499070405960083,0.28990704059600825,0.28990704059600825
densenet121,concat,elasticnet,211,55,photos/top_view_images/P3060551.JPG,photos/side_view_images/P3060907.JPG,2.12,2.12,2.483921527862549,0.3639215278625487,0.3639215278625487
densenet121,concat,elasticnet,212,55,photos/top_view_images/P3060552.JPG,photos/side_view_images/P3060908.JPG,3.18,3.18,3.0373077392578125,-0.14269226074218766,0.14269226074218766
densenet121,concat,elasticnet,213,55,photos/top_view_images/P3060553.JPG,photos/side_view_images/P3060909.JPG,4.24,4.24,3.585231304168701,-0.654768695831299,0.654768695831299
densenet121,concat,elasticnet,214,56,photos/top_view_images/P3060554.JPG,photos/side_view_images/P3060910.JPG,1.06,1.06,1.0603079795837402,0.0003079795837401811,0.0003079795837401811
densenet121,concat,elasticnet,215,56,photos/top_view_images/P3060555.JPG,photos/side_view_images/P3060911.JPG,2.12,2.12,2.5206894874572754,0.4006894874572753,0.4006894874572753
densenet121,concat,elasticnet,216,56,photos/top_view_images/P3060556.JPG,photos/side_view_images/P3060912.JPG,3.18,3.18,2.9712727069854736,-0.20872729301452653,0.20872729301452653
densenet121,concat,elasticnet,217,57,photos/top_view_images/P3090558.JPG,photos/side_view_images/P3090914.JPG,1.06,1.06,1.0303993225097656,-0.02960067749023443,0.02960067749023443
densenet121,concat,elasticnet,218,57,photos/top_view_images/P3090559.JPG,photos/side_view_images/P3090915.JPG,2.12,2.12,2.0589702129364014,-0.06102978706359874,0.06102978706359874
densenet121,concat,elasticnet,219,57,photos/top_view_images/P3090560.JPG,photos/side_view_images/P3090916.JPG,3.18,3.18,2.7959117889404297,-0.3840882110595705,0.3840882110595705
densenet121,concat,elasticnet,220,57,photos/top_view_images/P3090561.JPG,photos/side_view_images/P3090917.JPG,4.24,4.24,4.079898357391357,-0.1601016426086428,0.1601016426086428
densenet121,concat,elasticnet,221,58,photos/top_view_images/P3090562.JPG,photos/side_view_images/P3090918.JPG,1.06,1.06,1.2524889707565308,0.1924889707565307,0.1924889707565307
densenet121,concat,elasticnet,222,58,photos/top_view_images/P3090563.JPG,photos/side_view_images/P3090919.JPG,2.12,2.12,2.3652052879333496,0.2452052879333495,0.2452052879333495
densenet121,concat,elasticnet,223,58,photos/top_view_images/P3090564.JPG,photos/side_view_images/P3090920.JPG,3.18,3.18,3.25168514251709,0.07168514251708968,0.07168514251708968
densenet121,concat,elasticnet,224,58,photos/top_view_images/P3090565.JPG,photos/side_view_images/P3090921.JPG,4.24,4.24,3.8919243812561035,-0.3480756187438967,0.3480756187438967
densenet121,concat,elasticnet,225,59,photos/top_view_images/P3090566.JPG,photos/side_view_images/P3090922.JPG,1.06,1.06,1.2059326171875,0.14593261718749995,0.14593261718749995
densenet121,concat,elasticnet,226,59,photos/top_view_images/P3090567.JPG,photos/side_view_images/P3090923.JPG,2.12,2.12,2.0463433265686035,-0.07365667343139659,0.07365667343139659
densenet121,concat,elasticnet,227,59,photos/top_view_images/P3090568.JPG,photos/side_view_images/P3090924.JPG,3.18,3.18,3.4578680992126465,0.2778680992126463,0.2778680992126463
densenet121,concat,elasticnet,228,59,photos/top_view_images/P3090569.JPG,photos/side_view_images/P3090925.JPG,4.24,4.24,3.8068888187408447,-0.4331111812591555,0.4331111812591555
densenet121,concat,elasticnet,229,60,photos/top_view_images/P3090570.JPG,photos/side_view_images/P3090926.JPG,1.06,1.06,1.027991533279419,-0.03200846672058111,0.03200846672058111
densenet121,concat,elasticnet,230,60,photos/top_view_images/P3090571.JPG,photos/side_view_images/P3090927.JPG,2.12,2.12,1.9838906526565552,-0.13610934734344493,0.13610934734344493
densenet121,concat,elasticnet,231,60,photos/top_view_images/P3090572.JPG,photos/side_view_images/P3090928.JPG,3.18,3.18,2.6795449256896973,-0.5004550743103029,0.5004550743103029
densenet121,concat,elasticnet,232,60,photos/top_view_images/P3090573.JPG,photos/side_view_images/P3090929.JPG,4.24,4.24,4.013903617858887,-0.2260963821411135,0.2260963821411135
densenet121,concat,elasticnet,233,61,photos/top_view_images/P3090574.JPG,photos/side_view_images/P3090930.JPG,1.06,1.06,0.9418778419494629,-0.11812215805053716,0.11812215805053716
densenet121,concat,elasticnet,234,61,photos/top_view_images/P3090575.JPG,photos/side_view_images/P3090931.JPG,2.12,2.12,2.0335702896118164,-0.0864297103881837,0.0864297103881837
densenet121,concat,elasticnet,235,61,photos/top_view_images/P3090576.JPG,photos/side_view_images/P3090932.JPG,3.18,3.18,2.8822498321533203,-0.29775016784667985,0.29775016784667985
densenet121,concat,elasticnet,236,61,photos/top_view_images/P3090577.JPG,photos/side_view_images/P3090933.JPG,4.24,4.24,3.5923845767974854,-0.6476154232025149,0.6476154232025149
densenet121,concat,elasticnet,237,62,photos/top_view_images/P3090578.JPG,photos/side_view_images/P3090934.JPG,1.06,1.06,1.705709457397461,0.6457094573974609,0.6457094573974609
densenet121,concat,elasticnet,238,62,photos/top_view_images/P3090579.JPG,photos/side_view_images/P3090935.JPG,2.12,2.12,2.433258533477783,0.3132585334777831,0.3132585334777831
densenet121,concat,elasticnet,239,62,photos/top_view_images/P3090580.JPG,photos/side_view_images/P3090936.JPG,3.18,3.18,3.410313129425049,0.23031312942504867,0.23031312942504867
densenet121,concat,elasticnet,240,62,photos/top_view_images/P3090581.JPG,photos/side_view_images/P3090937.JPG,4.24,4.24,3.971235752105713,-0.2687642478942873,0.2687642478942873
densenet121,concat,elasticnet,241,63,photos/top_view_images/P3090582.JPG,photos/side_view_images/P3090938.JPG,1.06,1.06,1.1401149034500122,0.08011490345001215,0.08011490345001215
densenet121,concat,elasticnet,242,63,photos/top_view_images/P3090583.JPG,photos/side_view_images/P3090939.JPG,3.18,3.18,3.586230993270874,0.40623099327087386,0.40623099327087386
densenet121,concat,elasticnet,243,63,photos/top_view_images/P3090584.JPG,photos/side_view_images/P3090940.JPG,4.24,4.24,3.527505397796631,-0.7124946022033694,0.7124946022033694
densenet121,concat,elasticnet,244,64,photos/top_view_images/P3090585.JPG,photos/side_view_images/P3090941.JPG,1.06,1.06,1.8727787733078003,0.8127787733078002,0.8127787733078002
densenet121,concat,elasticnet,245,64,photos/top_view_images/P3090586.JPG,photos/side_view_images/P3090942.JPG,2.12,2.12,2.3400988578796387,0.22009885787963857,0.22009885787963857
densenet121,concat,elasticnet,246,64,photos/top_view_images/P3090587.JPG,photos/side_view_images/P3090943.JPG,3.18,3.18,3.3725650310516357,0.19256503105163558,0.19256503105163558
densenet121,concat,elasticnet,247,64,photos/top_view_images/P3090588.JPG,photos/side_view_images/P3090944.JPG,4.24,4.24,3.679537296295166,-0.5604627037048342,0.5604627037048342
densenet121,concat,elasticnet,248,65,photos/top_view_images/P3090589.JPG,photos/side_view_images/P3090945.JPG,1.06,1.06,0.9630677700042725,-0.09693222999572759,0.09693222999572759
densenet121,concat,elasticnet,249,65,photos/top_view_images/P3090590.JPG,photos/side_view_images/P3090946.JPG,2.12,2.12,1.9852616786956787,-0.1347383213043214,0.1347383213043214
densenet121,concat,elasticnet,250,65,photos/top_view_images/P3090591.JPG,photos/side_view_images/P3090947.JPG,3.18,3.18,3.2150533199310303,0.035053319931030114,0.035053319931030114
densenet121,concat,elasticnet,251,65,photos/top_view_images/P3090592.JPG,photos/side_view_images/P3090948.JPG,4.24,4.24,4.27656888961792,0.03656888961791971,0.03656888961791971
densenet121,concat,elasticnet,252,66,photos/top_view_images/P3090593.JPG,photos/side_view_images/P3090949.JPG,1.06,1.06,1.4039428234100342,0.3439428234100341,0.3439428234100341
densenet121,concat,elasticnet,253,66,photos/top_view_images/P3090594.JPG,photos/side_view_images/P3090950.JPG,2.12,2.12,2.348625659942627,0.22862565994262685,0.22862565994262685
densenet121,concat,elasticnet,254,66,photos/top_view_images/P3090596.JPG,photos/side_view_images/P3090952.JPG,3.18,3.18,3.119032144546509,-0.06096785545349137,0.06096785545349137
densenet121,concat,elasticnet,255,66,photos/top_view_images/P3090597.JPG,photos/side_view_images/P3090953.JPG,4.24,4.24,4.020071983337402,-0.21992801666259787,0.21992801666259787
densenet121,concat,elasticnet,256,67,photos/top_view_images/P3090598.JPG,photos/side_view_images/P3090954.JPG,1.06,1.06,1.2737231254577637,0.21372312545776362,0.21372312545776362
densenet121,concat,elasticnet,257,67,photos/top_view_images/P3090599.JPG,photos/side_view_images/P3090955.JPG,2.12,2.12,2.2663815021514893,0.14638150215148915,0.14638150215148915
densenet121,concat,elasticnet,258,67,photos/top_view_images/P3090600.JPG,photos/side_view_images/P3090956.JPG,3.18,3.18,3.321694850921631,0.1416948509216307,0.1416948509216307
densenet121,concat,elasticnet,259,67,photos/top_view_images/P3090601.JPG,photos/side_view_images/P3090957.JPG,4.24,4.24,3.812553644180298,-0.42744635581970236,0.42744635581970236
densenet121,concat,elasticnet,260,68,photos/top_view_images/P3090602.JPG,photos/side_view_images/P3090958.JPG,1.06,1.06,1.503336787223816,0.44333678722381586,0.44333678722381586
densenet121,concat,elasticnet,261,68,photos/top_view_images/P3090603.JPG,photos/side_view_images/P3090959.JPG,2.12,2.12,2.439955472946167,0.3199554729461669,0.3199554729461669
densenet121,concat,elasticnet,262,68,photos/top_view_images/P3090604.JPG,photos/side_view_images/P3090960.JPG,3.18,3.18,3.39013409614563,0.21013409614562972,0.21013409614562972
densenet121,concat,elasticnet,263,68,photos/top_view_images/P3090605.JPG,photos/side_view_images/P3090961.JPG,4.24,4.24,3.6003782749176025,-0.6396217250823977,0.6396217250823977
densenet121,concat,elasticnet,264,69,photos/top_view_images/P3090606.JPG,photos/side_view_images/P3090962.JPG,1.06,1.06,1.5204963684082031,0.46049636840820307,0.46049636840820307
densenet121,concat,elasticnet,265,69,photos/top_view_images/P3090607.JPG,photos/side_view_images/P3090963.JPG,2.12,2.12,2.036821126937866,-0.0831788730621339,0.0831788730621339
densenet121,concat,elasticnet,266,69,photos/top_view_images/P3090608.JPG,photos/side_view_images/P3090964.JPG,3.18,3.18,3.217543363571167,0.03754336357116683,0.03754336357116683
densenet121,concat,elasticnet,267,69,photos/top_view_images/P3090609.JPG,photos/side_view_images/P3090965.JPG,4.24,4.24,3.712695598602295,-0.5273044013977053,0.5273044013977053
densenet121,concat,elasticnet,268,70,photos/top_view_images/P3090610.JPG,photos/side_view_images/P3090966.JPG,1.06,1.06,1.1111888885498047,0.051188888549804634,0.051188888549804634
densenet121,concat,elasticnet,269,70,photos/top_view_images/P3090612.JPG,photos/side_view_images/P3090967.JPG,2.12,2.12,2.345961570739746,0.225961570739746,0.225961570739746
densenet121,concat,elasticnet,270,70,photos/top_view_images/P3090613.JPG,photos/side_view_images/P3090968.JPG,3.18,3.18,2.7137343883514404,-0.46626561164855973,0.46626561164855973
densenet121,concat,elasticnet,271,70,photos/top_view_images/P3090614.JPG,photos/side_view_images/P3090969.JPG,4.24,4.24,4.033708095550537,-0.2062919044494631,0.2062919044494631
densenet121,concat,elasticnet,272,71,photos/top_view_images/P3090615.JPG,photos/side_view_images/P3090970.JPG,1.06,1.06,1.4664695262908936,0.4064695262908935,0.4064695262908935
densenet121,concat,elasticnet,273,71,photos/top_view_images/P3090616.JPG,photos/side_view_images/P3090971.JPG,2.12,2.12,2.214339017868042,0.09433901786804189,0.09433901786804189
densenet121,concat,elasticnet,274,71,photos/top_view_images/P3090617.JPG,photos/side_view_images/P3090972.JPG,3.18,3.18,3.2934234142303467,0.11342341423034652,0.11342341423034652
densenet121,concat,elasticnet,275,71,photos/top_view_images/P3090618.JPG,photos/side_view_images/P3090973.JPG,4.24,4.24,3.9834940433502197,-0.2565059566497805,0.2565059566497805
densenet121,concat,elasticnet,276,72,photos/top_view_images/P3090619.JPG,photos/side_view_images/P3090974.JPG,1.06,1.06,1.5532753467559814,0.4932753467559814,0.4932753467559814
densenet121,concat,elasticnet,277,72,photos/top_view_images/P3090620.JPG,photos/side_view_images/P3090975.JPG,2.12,2.12,1.9631597995758057,-0.15684020042419444,0.15684020042419444
densenet121,concat,elasticnet,278,72,photos/top_view_images/P3090621.JPG,photos/side_view_images/P3090976.JPG,3.18,3.18,2.926143169403076,-0.253856830596924,0.253856830596924
densenet121,concat,elasticnet,279,72,photos/top_view_images/P3090622.JPG,photos/side_view_images/P3090977.JPG,4.24,4.24,3.7977917194366455,-0.4422082805633547,0.4422082805633547
densenet121,concat,elasticnet,280,73,photos/top_view_images/P3090623.JPG,photos/side_view_images/P3090978.JPG,1.06,1.06,1.5613596439361572,0.5013596439361572,0.5013596439361572
densenet121,concat,elasticnet,281,73,photos/top_view_images/P3090624.JPG,photos/side_view_images/P3090979.JPG,2.12,2.12,1.9942283630371094,-0.12577163696289073,0.12577163696289073
densenet121,concat,elasticnet,282,73,photos/top_view_images/P3090625.JPG,photos/side_view_images/P3090980.JPG,3.18,3.18,3.3230698108673096,0.1430698108673094,0.1430698108673094
densenet121,concat,elasticnet,283,73,photos/top_view_images/P3090626.JPG,photos/side_view_images/P3090981.JPG,4.24,4.24,3.5355257987976074,-0.7044742012023928,0.7044742012023928
densenet121,concat,elasticnet,284,74,photos/top_view_images/P3090627.JPG,photos/side_view_images/P3090982.JPG,1.06,1.06,1.2019894123077393,0.1419894123077392,0.1419894123077392
densenet121,concat,elasticnet,285,74,photos/top_view_images/P3090628.JPG,photos/side_view_images/P3090983.JPG,2.12,2.12,2.139296293258667,0.019296293258666886,0.019296293258666886
densenet121,concat,elasticnet,286,74,photos/top_view_images/P3090629.JPG,photos/side_view_images/P3090984.JPG,3.18,3.18,3.3212084770202637,0.1412084770202635,0.1412084770202635
densenet121,concat,elasticnet,287,74,photos/top_view_images/P3090630.JPG,photos/side_view_images/P3090985.JPG,4.24,4.24,4.032898902893066,-0.2071010971069338,0.2071010971069338
densenet121,concat,elasticnet,288,75,photos/top_view_images/P3100631.JPG,photos/side_view_images/P3100986.JPG,1.06,1.06,1.0558762550354004,-0.004123744964599663,0.004123744964599663
densenet121,concat,elasticnet,289,75,photos/top_view_images/P3100632.JPG,photos/side_view_images/P3100987.JPG,2.12,2.12,2.20877742767334,0.08877742767333974,0.08877742767333974
densenet121,concat,elasticnet,290,75,photos/top_view_images/P3100633.JPG,photos/side_view_images/P3100988.JPG,3.18,3.18,3.631953239440918,0.4519532394409178,0.4519532394409178
densenet121,concat,elasticnet,291,75,photos/top_view_images/P3100634.JPG,photos/side_view_images/P3100989.JPG,4.24,4.24,4.0393877029418945,-0.20061229705810568,0.20061229705810568
densenet121,concat,elasticnet,292,76,photos/top_view_images/P3100635.JPG,photos/side_view_images/P3100990.JPG,1.06,1.06,1.3803927898406982,0.3203927898406982,0.3203927898406982
densenet121,concat,elasticnet,293,76,photos/top_view_images/P3100636.JPG,photos/side_view_images/P3100991.JPG,2.12,2.12,2.1155455112457275,-0.0044544887542725675,0.0044544887542725675
densenet121,concat,elasticnet,294,76,photos/top_view_images/P3100637.JPG,photos/side_view_images/P3100992.JPG,3.18,3.18,3.3973145484924316,0.21731454849243148,0.21731454849243148
densenet121,concat,elasticnet,295,76,photos/top_view_images/P3100638.JPG,photos/side_view_images/P3100993.JPG,4.24,4.24,4.123008728027344,-0.11699127197265646,0.11699127197265646
densenet121,concat,elasticnet,296,77,photos/top_view_images/P3100639.JPG,photos/side_view_images/P3100994.JPG,1.06,1.06,1.1783592700958252,0.11835927009582514,0.11835927009582514
densenet121,concat,elasticnet,297,77,photos/top_view_images/P3100640.JPG,photos/side_view_images/P3100995.JPG,2.12,2.12,1.6664555072784424,-0.4535444927215577,0.4535444927215577
densenet121,concat,elasticnet,298,77,photos/top_view_images/P3100641.JPG,photos/side_view_images/P3100996.JPG,3.18,3.18,3.5723013877868652,0.3923013877868651,0.3923013877868651
densenet121,concat,elasticnet,299,78,photos/top_view_images/P3100643.JPG,photos/side_view_images/P3100997.JPG,1.06,1.06,1.2882752418518066,0.2282752418518066,0.2282752418518066
densenet121,concat,elasticnet,300,78,photos/top_view_images/P3100644.JPG,photos/side_view_images/P3100998.JPG,2.12,2.12,1.969398856163025,-0.1506011438369752,0.1506011438369752
densenet121,concat,elasticnet,301,78,photos/top_view_images/P3100645.JPG,photos/side_view_images/P3100999.JPG,3.18,3.18,3.191282033920288,0.011282033920287926,0.011282033920287926
densenet121,concat,elasticnet,302,78,photos/top_view_images/P3100646.JPG,photos/side_view_images/P3101000.JPG,4.24,4.24,3.818592071533203,-0.4214079284667971,0.4214079284667971
densenet121,concat,elasticnet,303,79,photos/top_view_images/P3100647.JPG,photos/side_view_images/P3101001.JPG,1.06,1.06,0.9159514904022217,-0.14404850959777837,0.14404850959777837
densenet121,concat,elasticnet,304,79,photos/top_view_images/P3100648.JPG,photos/side_view_images/P3101002.JPG,2.12,2.12,2.3717849254608154,0.2517849254608153,0.2517849254608153
densenet121,concat,elasticnet,305,79,photos/top_view_images/P3100649.JPG,photos/side_view_images/P3101003.JPG,3.18,3.18,3.65617036819458,0.4761703681945799,0.4761703681945799
densenet121,concat,elasticnet,306,80,photos/top_view_images/P3100650.JPG,photos/side_view_images/P3101004.JPG,1.06,1.06,1.3146922588348389,0.2546922588348388,0.2546922588348388
densenet121,concat,elasticnet,307,80,photos/top_view_images/P3100651.JPG,photos/side_view_images/P3101005.JPG,2.12,2.12,2.470827579498291,0.3508275794982909,0.3508275794982909
densenet121,concat,elasticnet,308,80,photos/top_view_images/P3100652.JPG,photos/side_view_images/P3101006.JPG,3.18,3.18,3.7776455879211426,0.5976455879211424,0.5976455879211424
densenet121,concat,elasticnet,309,80,photos/top_view_images/P3100653.JPG,photos/side_view_images/P3101007.JPG,4.24,4.24,3.969186305999756,-0.27081369400024435,0.27081369400024435
densenet121,concat,elasticnet,310,81,photos/top_view_images/P3100654.JPG,photos/side_view_images/P3101008.JPG,1.06,1.06,0.5628383159637451,-0.49716168403625494,0.49716168403625494
densenet121,concat,elasticnet,311,81,photos/top_view_images/P3100655.JPG,photos/side_view_images/P3101009.JPG,2.12,2.12,2.2077784538269043,0.08777845382690419,0.08777845382690419
densenet121,concat,elasticnet,312,81,photos/top_view_images/P3100656.JPG,photos/side_view_images/P3101010.JPG,3.18,3.18,3.5076215267181396,0.3276215267181395,0.3276215267181395
densenet121,concat,elasticnet,313,81,photos/top_view_images/P3100657.JPG,photos/side_view_images/P3101011.JPG,4.24,4.24,3.9700422286987305,-0.26995777130126974,0.26995777130126974
densenet121,concat,elasticnet,314,82,photos/top_view_images/P3120658.JPG,photos/side_view_images/P3121012.JPG,1.06,1.06,1.2967727184295654,0.23677271842956538,0.23677271842956538
densenet121,concat,elasticnet,315,82,photos/top_view_images/P3120659.JPG,photos/side_view_images/P3121013.JPG,2.12,2.12,2.689025402069092,0.5690254020690917,0.5690254020690917
densenet121,concat,elasticnet,316,82,photos/top_view_images/P3120660.JPG,photos/side_view_images/P3121014.JPG,3.18,3.18,3.2443785667419434,0.0643785667419432,0.0643785667419432
densenet121,concat,elasticnet,317,82,photos/top_view_images/P3120661.JPG,photos/side_view_images/P3121015.JPG,4.24,4.24,3.9284262657165527,-0.3115737342834475,0.3115737342834475
densenet121,concat,elasticnet,318,83,photos/top_view_images/P3120662.JPG,photos/side_view_images/P3121016.JPG,1.06,1.06,1.504704236984253,0.4447042369842529,0.4447042369842529
densenet121,concat,elasticnet,319,83,photos/top_view_images/P3120663.JPG,photos/side_view_images/P3121017.JPG,2.12,2.12,2.349902391433716,0.2299023914337157,0.2299023914337157
densenet121,concat,elasticnet,320,83,photos/top_view_images/P3120664.JPG,photos/side_view_images/P3121018.JPG,3.18,3.18,3.4238767623901367,0.24387676239013656,0.24387676239013656
densenet121,concat,elasticnet,321,83,photos/top_view_images/P3120665.JPG,photos/side_view_images/P3121019.JPG,4.24,4.24,4.165895462036133,-0.0741045379638674,0.0741045379638674
densenet121,concat,elasticnet,322,84,photos/top_view_images/P3120666.JPG,photos/side_view_images/P3121020.JPG,1.06,1.06,1.3867697715759277,0.3267697715759277,0.3267697715759277
densenet121,concat,elasticnet,323,84,photos/top_view_images/P3120667.JPG,photos/side_view_images/P3121021.JPG,2.12,2.12,2.431804656982422,0.31180465698242177,0.31180465698242177
densenet121,concat,elasticnet,324,84,photos/top_view_images/P3120668.JPG,photos/side_view_images/P3121022.JPG,3.18,3.18,3.248225688934326,0.06822568893432601,0.06822568893432601
densenet121,concat,elasticnet,325,84,photos/top_view_images/P3120669.JPG,photos/side_view_images/P3121023.JPG,4.24,4.24,3.8738491535186768,-0.36615084648132346,0.36615084648132346
densenet121,concat,elasticnet,326,85,photos/top_view_images/P3120670.JPG,photos/side_view_images/P3121024.JPG,1.06,1.06,1.3589409589767456,0.29894095897674555,0.29894095897674555
densenet121,concat,elasticnet,327,85,photos/top_view_images/P3120671.JPG,photos/side_view_images/P3121025.JPG,2.12,2.12,2.4894003868103027,0.36940038681030263,0.36940038681030263
densenet121,concat,elasticnet,328,85,photos/top_view_images/P3120672.JPG,photos/side_view_images/P3121026.JPG,3.18,3.18,3.7286949157714844,0.5486949157714842,0.5486949157714842
densenet121,concat,elasticnet,329,85,photos/top_view_images/P3120673.JPG,photos/side_view_images/P3121027.JPG,4.24,4.24,3.2746782302856445,-0.9653217697143557,0.9653217697143557
densenet121,concat,elasticnet,330,86,photos/top_view_images/P3120674.JPG,photos/side_view_images/P3121028.JPG,1.06,1.06,1.0057625770568848,-0.05423742294311529,0.05423742294311529
densenet121,concat,elasticnet,331,86,photos/top_view_images/P3120675.JPG,photos/side_view_images/P3121029.JPG,2.12,2.12,2.012084722518921,-0.10791527748107921,0.10791527748107921
densenet121,concat,elasticnet,332,86,photos/top_view_images/P3120676.JPG,photos/side_view_images/P3121030.JPG,3.18,3.18,2.7278504371643066,-0.4521495628356935,0.4521495628356935
densenet121,concat,elasticnet,333,86,photos/top_view_images/P3120677.JPG,photos/side_view_images/P3121031.JPG,4.24,4.24,3.1540212631225586,-1.0859787368774416,1.0859787368774416
densenet121,concat,elasticnet,334,87,photos/top_view_images/P3120678.JPG,photos/side_view_images/P3121032.JPG,1.06,1.06,1.5234215259552002,0.46342152595520014,0.46342152595520014
densenet121,concat,elasticnet,335,87,photos/top_view_images/P3120679.JPG,photos/side_view_images/P3121033.JPG,2.12,2.12,2.082557201385498,-0.03744279861450206,0.03744279861450206
densenet121,concat,elasticnet,336,87,photos/top_view_images/P3120680.JPG,photos/side_view_images/P3121034.JPG,3.18,3.18,3.744452476501465,0.5644524765014647,0.5644524765014647
densenet121,concat,elasticnet,337,87,photos/top_view_images/P3120681.JPG,photos/side_view_images/P3121035.JPG,4.24,4.24,3.587097406387329,-0.6529025936126711,0.6529025936126711
densenet121,concat,elasticnet,338,88,photos/top_view_images/P3120682.JPG,photos/side_view_images/P3121036.JPG,1.06,1.06,1.3393514156341553,0.2793514156341552,0.2793514156341552
densenet121,concat,elasticnet,339,88,photos/top_view_images/P3120683.JPG,photos/side_view_images/P3121037.JPG,2.12,2.12,1.7906919717788696,-0.3293080282211305,0.3293080282211305
densenet121,concat,elasticnet,340,88,photos/top_view_images/P3120684.JPG,photos/side_view_images/P3121038.JPG,3.18,3.18,3.1573994159698486,-0.022600584030151527,0.022600584030151527
densenet121,concat,elasticnet,341,88,photos/top_view_images/P3120685.JPG,photos/side_view_images/P3121039.JPG,4.24,4.24,3.8303732872009277,-0.4096267127990725,0.4096267127990725
densenet121,concat,elasticnet,342,89,photos/top_view_images/P3120686.JPG,photos/side_view_images/P3121040.JPG,1.06,1.06,1.3808157444000244,0.32081574440002436,0.32081574440002436
densenet121,concat,elasticnet,343,89,photos/top_view_images/P3120687.JPG,photos/side_view_images/P3121041.JPG,2.12,2.12,1.9834293127059937,-0.13657068729400645,0.13657068729400645
densenet121,concat,elasticnet,344,89,photos/top_view_images/P3120688.JPG,photos/side_view_images/P3121042.JPG,3.18,3.18,3.4824047088623047,0.3024047088623045,0.3024047088623045
densenet121,concat,elasticnet,345,89,photos/top_view_images/P3120689.JPG,photos/side_view_images/P3121043.JPG,4.24,4.24,3.899970531463623,-0.34002946853637717,0.34002946853637717
densenet121,concat,elasticnet,346,90,photos/top_view_images/P3120690.JPG,photos/side_view_images/P3121044.JPG,1.06,1.06,1.4337010383605957,0.37370103836059565,0.37370103836059565
densenet121,concat,elasticnet,347,90,photos/top_view_images/P3120691.JPG,photos/side_view_images/P3121045.JPG,2.12,2.12,2.049302577972412,-0.070697422027588,0.070697422027588
densenet121,concat,elasticnet,348,90,photos/top_view_images/P3120692.JPG,photos/side_view_images/P3121046.JPG,3.18,3.18,3.313960552215576,0.133960552215576,0.133960552215576
densenet121,concat,elasticnet,349,90,photos/top_view_images/P3120693.JPG,photos/side_view_images/P3121047.JPG,4.24,4.24,4.073275089263916,-0.1667249107360842,0.1667249107360842
densenet121,concat,elasticnet,350,91,photos/top_view_images/P3120694.JPG,photos/side_view_images/P3121048.JPG,1.06,1.06,1.3721449375152588,0.31214493751525874,0.31214493751525874
densenet121,concat,elasticnet,351,91,photos/top_view_images/P3120695.JPG,photos/side_view_images/P3121049.JPG,2.12,2.12,1.709742784500122,-0.41025721549987804,0.41025721549987804
densenet121,concat,elasticnet,352,91,photos/top_view_images/P3120696.JPG,photos/side_view_images/P3121050.JPG,3.18,3.18,3.1422595977783203,-0.03774040222167985,0.03774040222167985
densenet121,concat,elasticnet,353,91,photos/top_view_images/P3120697.JPG,photos/side_view_images/P3121051.JPG,4.24,4.24,3.443824291229248,-0.7961757087707522,0.7961757087707522
densenet121,concat,elasticnet,354,92,photos/top_view_images/P3120698.JPG,photos/side_view_images/P3121052.JPG,1.06,1.06,1.6297481060028076,0.5697481060028076,0.5697481060028076
densenet121,concat,elasticnet,355,92,photos/top_view_images/P3120699.JPG,photos/side_view_images/P3121053.JPG,2.12,2.12,2.5921075344085693,0.47210753440856923,0.47210753440856923
densenet121,concat,elasticnet,356,92,photos/top_view_images/P3120700.JPG,photos/side_view_images/P3121054.JPG,3.18,3.18,3.3579845428466797,0.17798454284667953,0.17798454284667953
densenet121,concat,elasticnet,357,92,photos/top_view_images/P3120701.JPG,photos/side_view_images/P3121055.JPG,4.24,4.24,3.847890853881836,-0.3921091461181643,0.3921091461181643
densenet121,concat,elasticnet,358,93,photos/top_view_images/P3120702.JPG,photos/side_view_images/P3121056.JPG,1.06,1.06,1.6723366975784302,0.6123366975784301,0.6123366975784301
densenet121,concat,elasticnet,359,93,photos/top_view_images/P3120703.JPG,photos/side_view_images/P3121057.JPG,2.12,2.12,2.046780586242676,-0.07321941375732433,0.07321941375732433
densenet121,concat,elasticnet,360,93,photos/top_view_images/P3120704.JPG,photos/side_view_images/P3121058.JPG,3.18,3.18,3.303830146789551,0.12383014678955062,0.12383014678955062
densenet121,concat,elasticnet,361,93,photos/top_view_images/P3120705.JPG,photos/side_view_images/P3121059.JPG,4.24,4.24,3.742405891418457,-0.4975941085815432,0.4975941085815432
densenet121,concat,elasticnet,362,94,photos/top_view_images/P3120706.JPG,photos/side_view_images/P3121060.JPG,1.06,1.06,1.5994296073913574,0.5394296073913574,0.5394296073913574
densenet121,concat,elasticnet,363,94,photos/top_view_images/P3120707.JPG,photos/side_view_images/P3121061.JPG,2.12,2.12,1.86021089553833,-0.25978910446167003,0.25978910446167003
densenet121,concat,elasticnet,364,94,photos/top_view_images/P3120708.JPG,photos/side_view_images/P3121062.JPG,3.18,3.18,2.996534824371338,-0.18346517562866227,0.18346517562866227
densenet121,concat,elasticnet,365,94,photos/top_view_images/P3120709.JPG,photos/side_view_images/P3121063.JPG,4.24,4.24,3.855119228363037,-0.3848807716369631,0.3848807716369631
densenet121,concat,elasticnet,366,95,photos/top_view_images/P3120710.JPG,photos/side_view_images/P3121064.JPG,1.06,1.06,1.4201323986053467,0.3601323986053466,0.3601323986053466
densenet121,concat,elasticnet,367,95,photos/top_view_images/P3120711.JPG,photos/side_view_images/P3121065.JPG,2.12,2.12,2.048999547958374,-0.07100045204162608,0.07100045204162608
densenet121,concat,elasticnet,368,95,photos/top_view_images/P3120712.JPG,photos/side_view_images/P3121066.JPG,3.18,3.18,3.341937303543091,0.16193730354309066,0.16193730354309066
densenet121,concat,elasticnet,369,95,photos/top_view_images/P3120713.JPG,photos/side_view_images/P3121067.JPG,4.24,4.24,4.221831321716309,-0.01816867828369162,0.01816867828369162
densenet121,concat,elasticnet,370,96,photos/top_view_images/P3130714.JPG,photos/side_view_images/P3131068.JPG,1.06,1.06,1.7336705923080444,0.6736705923080444,0.6736705923080444
densenet121,concat,elasticnet,371,96,photos/top_view_images/P3130715.JPG,photos/side_view_images/P3131069.JPG,2.12,2.12,2.073819875717163,-0.04618012428283702,0.04618012428283702
densenet121,concat,elasticnet,372,96,photos/top_view_images/P3130716.JPG,photos/side_view_images/P3131070.JPG,3.18,3.18,3.174586772918701,-0.005413227081298988,0.005413227081298988
densenet121,concat,elasticnet,373,96,photos/top_view_images/P3130717.JPG,photos/side_view_images/P3131071.JPG,4.24,4.24,4.418292999267578,0.1782929992675779,0.1782929992675779
densenet121,concat,elasticnet,374,97,photos/top_view_images/P3130718.JPG,photos/side_view_images/P3131072.JPG,1.06,1.06,1.4345190525054932,0.3745190525054931,0.3745190525054931
densenet121,concat,elasticnet,375,97,photos/top_view_images/P3130719.JPG,photos/side_view_images/P3131073.JPG,2.12,2.12,2.1231679916381836,0.003167991638183487,0.003167991638183487
densenet121,concat,elasticnet,376,97,photos/top_view_images/P3130720.JPG,photos/side_view_images/P3131074.JPG,3.18,3.18,3.6260108947753906,0.44601089477539047,0.44601089477539047
densenet121,concat,elasticnet,377,97,photos/top_view_images/P3130721.JPG,photos/side_view_images/P3131075.JPG,4.24,4.24,3.913846969604492,-0.326153030395508,0.326153030395508
densenet121,concat,elasticnet,378,98,photos/top_view_images/P3130722.JPG,photos/side_view_images/P3131076.JPG,1.06,1.06,1.336289882659912,0.27628988265991206,0.27628988265991206
densenet121,concat,elasticnet,379,98,photos/top_view_images/P3130723.JPG,photos/side_view_images/P3131077.JPG,2.12,2.12,1.8623628616333008,-0.2576371383666993,0.2576371383666993
densenet121,concat,elasticnet,380,98,photos/top_view_images/P3130724.JPG,photos/side_view_images/P3131078.JPG,3.18,3.18,2.656989574432373,-0.5230104255676271,0.5230104255676271
densenet121,concat,elasticnet,381,98,photos/top_view_images/P3130725.JPG,photos/side_view_images/P3131079.JPG,4.24,4.24,3.541821002960205,-0.6981789970397951,0.6981789970397951
densenet121,concat,elasticnet,382,99,photos/top_view_images/P3130726.JPG,photos/side_view_images/P3131080.JPG,1.06,1.06,1.464675784111023,0.4046757841110229,0.4046757841110229
densenet121,concat,elasticnet,383,99,photos/top_view_images/P3130727.JPG,photos/side_view_images/P3131081.JPG,2.12,2.12,2.2153258323669434,0.09532583236694325,0.09532583236694325
densenet121,concat,elasticnet,384,99,photos/top_view_images/P3130728.JPG,photos/side_view_images/P3131082.JPG,3.18,3.18,3.1796162128448486,-0.00038378715515152706,0.00038378715515152706
densenet121,concat,elasticnet,385,99,photos/top_view_images/P3130729.JPG,photos/side_view_images/P3131083.JPG,4.24,4.24,3.6963162422180176,-0.5436837577819826,0.5436837577819826
densenet121,concat,elasticnet,386,100,photos/top_view_images/P3130730.JPG,photos/side_view_images/P3131084.JPG,1.06,1.06,0.9253098964691162,-0.13469010353088384,0.13469010353088384
densenet121,concat,elasticnet,387,100,photos/top_view_images/P3130731.JPG,photos/side_view_images/P3131085.JPG,2.12,2.12,2.0220048427581787,-0.0979951572418214,0.0979951572418214
densenet121,concat,elasticnet,388,100,photos/top_view_images/P3130732.JPG,photos/side_view_images/P3131086.JPG,3.18,3.18,3.2969439029693604,0.11694390296936019,0.11694390296936019
densenet121,concat,elasticnet,389,100,photos/top_view_images/P3130733.JPG,photos/side_view_images/P3131087.JPG,4.24,4.24,3.8791704177856445,-0.3608295822143557,0.3608295822143557
densenet121,concat,elasticnet,390,101,photos/top_view_images/P3130734.JPG,photos/side_view_images/P3131088.JPG,1.06,1.06,1.1047601699829102,0.0447601699829101,0.0447601699829101
densenet121,concat,elasticnet,391,101,photos/top_view_images/P3130735.JPG,photos/side_view_images/P3131089.JPG,2.12,2.12,2.3627912998199463,0.24279129981994618,0.24279129981994618
densenet121,concat,elasticnet,392,101,photos/top_view_images/P3130736.JPG,photos/side_view_images/P3131090.JPG,3.18,3.18,3.063718318939209,-0.11628168106079118,0.11628168106079118
densenet121,concat,elasticnet,393,102,photos/top_view_images/P3130737.JPG,photos/side_view_images/P3131091.JPG,1.06,1.06,1.1641696691513062,0.1041696691513061,0.1041696691513061
densenet121,concat,elasticnet,394,102,photos/top_view_images/P3130738.JPG,photos/side_view_images/P3131092.JPG,2.12,2.12,2.2357354164123535,0.11573541641235341,0.11573541641235341
densenet121,concat,elasticnet,395,102,photos/top_view_images/P3130739.JPG,photos/side_view_images/P3131093.JPG,3.18,3.18,3.0159847736358643,-0.1640152263641359,0.1640152263641359
densenet121,concat,elasticnet,396,102,photos/top_view_images/P3130740.JPG,photos/side_view_images/P3131094.JPG,4.24,4.24,3.7161636352539062,-0.523836364746094,0.523836364746094
densenet121,concat,elasticnet,397,103,photos/top_view_images/P3130741.JPG,photos/side_view_images/P3131095.JPG,1.06,1.06,1.4086604118347168,0.34866041183471674,0.34866041183471674
densenet121,concat,elasticnet,398,103,photos/top_view_images/P3130742.JPG,photos/side_view_images/P3131096.JPG,2.12,2.12,1.7573745250701904,-0.3626254749298097,0.3626254749298097
densenet121,concat,elasticnet,399,103,photos/top_view_images/P3130743.JPG,photos/side_view_images/P3131097.JPG,3.18,3.18,2.9819529056549072,-0.19804709434509293,0.19804709434509293
densenet121,concat,elasticnet,400,103,photos/top_view_images/P3130744.JPG,photos/side_view_images/P3131098.JPG,4.24,4.24,4.007123947143555,-0.23287605285644553,0.23287605285644553
densenet121,concat,elasticnet,401,104,photos/top_view_images/P3130745.JPG,photos/side_view_images/P3131099.JPG,1.06,1.06,0.8071434497833252,-0.25285655021667486,0.25285655021667486
densenet121,concat,elasticnet,402,104,photos/top_view_images/P3130746.JPG,photos/side_view_images/P3131100.JPG,2.12,2.12,2.1076629161834717,-0.012337083816528427,0.012337083816528427
densenet121,concat,elasticnet,403,104,photos/top_view_images/P3130747.JPG,photos/side_view_images/P3131101.JPG,3.18,3.18,2.973101854324341,-0.20689814567565934,0.20689814567565934
densenet121,concat,elasticnet,404,104,photos/top_view_images/P3130748.JPG,photos/side_view_images/P3131102.JPG,4.24,4.24,3.7282581329345703,-0.5117418670654299,0.5117418670654299
densenet121,concat,elasticnet,405,105,photos/top_view_images/P3130749.JPG,photos/side_view_images/P3131103.JPG,1.06,1.06,1.3559198379516602,0.2959198379516601,0.2959198379516601
densenet121,concat,elasticnet,406,105,photos/top_view_images/P3130750.JPG,photos/side_view_images/P3131104.JPG,2.12,2.12,2.531920909881592,0.4119209098815917,0.4119209098815917
densenet121,concat,elasticnet,407,105,photos/top_view_images/P3130751.JPG,photos/side_view_images/P3131105.JPG,3.18,3.18,3.4452881813049316,0.2652881813049315,0.2652881813049315
densenet121,concat,elasticnet,408,105,photos/top_view_images/P3130752.JPG,photos/side_view_images/P3131106.JPG,4.24,4.24,3.9304046630859375,-0.3095953369140627,0.3095953369140627
densenet121,concat,elasticnet,409,106,photos/top_view_images/P3130753.JPG,photos/side_view_images/P3131107.JPG,1.06,1.06,1.1332112550735474,0.07321125507354731,0.07321125507354731
densenet121,concat,elasticnet,410,106,photos/top_view_images/P3130754.JPG,photos/side_view_images/P3131108.JPG,2.12,2.12,2.307277202606201,0.18727720260620107,0.18727720260620107
densenet121,concat,elasticnet,411,106,photos/top_view_images/P3130755.JPG,photos/side_view_images/P3131109.JPG,3.18,3.18,3.101541042327881,-0.0784589576721193,0.0784589576721193
densenet121,concat,elasticnet,412,106,photos/top_view_images/P3130756.JPG,photos/side_view_images/P3131110.JPG,4.24,4.24,4.043664932250977,-0.19633506774902365,0.19633506774902365
densenet121,concat,elasticnet,413,107,photos/top_view_images/P3130757.JPG,photos/side_view_images/P3131111.JPG,1.06,1.06,1.3899686336517334,0.32996863365173335,0.32996863365173335
densenet121,concat,elasticnet,414,107,photos/top_view_images/P3130758.JPG,photos/side_view_images/P3131112.JPG,2.12,2.12,2.3152425289154053,0.19524252891540517,0.19524252891540517
densenet121,concat,elasticnet,415,107,photos/top_view_images/P3130759.JPG,photos/side_view_images/P3131113.JPG,3.18,3.18,3.4892711639404297,0.3092711639404295,0.3092711639404295
densenet121,concat,elasticnet,416,107,photos/top_view_images/P3130760.JPG,photos/side_view_images/P3131114.JPG,4.24,4.24,3.8473615646362305,-0.39263843536376974,0.39263843536376974
densenet121,concat,elasticnet,417,108,photos/top_view_images/P2090065.JPG,photos/side_view_images/P2090150.JPG,0.0,0.0,0.7798049449920654,0.7798049449920654,0.7798049449920654
densenet121,concat,elasticnet,418,109,photos/top_view_images/P2160216.JPG,photos/side_view_images/P2160516.JPG,0.0,0.0,0.042840003967285156,0.042840003967285156,0.042840003967285156
densenet121,concat,elasticnet,419,110,photos/top_view_images/P3100642.JPG,photos/side_view_images/P2020002.JPG,0.0,0.0,0.1379709243774414,0.1379709243774414,0.1379709243774414
densenet121,concat_abs_diff,linear,0,1,photos/top_view_images/P2260331.JPG,photos/side_view_images/P2260685.JPG,1.06,1.06,1.279103398323059,0.21910339832305903,0.21910339832305903
densenet121,concat_abs_diff,linear,1,1,photos/top_view_images/P2260332.JPG,photos/side_view_images/P2260686.JPG,2.12,2.12,2.311882972717285,0.19188297271728505,0.19188297271728505
densenet121,concat_abs_diff,linear,2,1,photos/top_view_images/P2260333.JPG,photos/side_view_images/P2260687.JPG,3.18,3.18,3.3327276706695557,0.1527276706695555,0.1527276706695555
densenet121,concat_abs_diff,linear,3,1,photos/top_view_images/P2260334.JPG,photos/side_view_images/P2260688.JPG,4.24,4.24,3.7696151733398438,-0.47038482666015646,0.47038482666015646
densenet121,concat_abs_diff,linear,4,2,photos/top_view_images/P2260335.JPG,photos/side_view_images/P2260689.JPG,1.06,1.06,1.0326154232025146,-0.027384576797485405,0.027384576797485405
densenet121,concat_abs_diff,linear,5,2,photos/top_view_images/P2260336.JPG,photos/side_view_images/P2260690.JPG,2.12,2.12,2.0993123054504395,-0.020687694549560653,0.020687694549560653
densenet121,concat_abs_diff,linear,6,2,photos/top_view_images/P2260337.JPG,photos/side_view_images/P2260692.JPG,3.18,3.18,3.4727883338928223,0.2927883338928221,0.2927883338928221
densenet121,concat_abs_diff,linear,7,2,photos/top_view_images/P2260339.JPG,photos/side_view_images/P2260693.JPG,4.24,4.24,4.000768661499023,-0.23923133850097678,0.23923133850097678
densenet121,concat_abs_diff,linear,8,3,photos/top_view_images/P2260340.JPG,photos/side_view_images/P2260694.JPG,1.06,1.06,1.0037338733673096,-0.05626612663269048,0.05626612663269048
densenet121,concat_abs_diff,linear,9,3,photos/top_view_images/P2260341.JPG,photos/side_view_images/P2260695.JPG,2.12,2.12,2.2598676681518555,0.13986766815185536,0.13986766815185536
densenet121,concat_abs_diff,linear,10,3,photos/top_view_images/P2260342.JPG,photos/side_view_images/P2260696.JPG,3.18,3.18,3.006747245788574,-0.17325275421142594,0.17325275421142594
densenet121,concat_abs_diff,linear,11,3,photos/top_view_images/P2260343.JPG,photos/side_view_images/P2260697.JPG,4.24,4.24,4.205430507659912,-0.034569492340088104,0.034569492340088104
densenet121,concat_abs_diff,linear,12,4,photos/top_view_images/P2260345.JPG,photos/side_view_images/P2260699.JPG,1.06,1.06,1.034649133682251,-0.025350866317749077,0.025350866317749077
densenet121,concat_abs_diff,linear,13,4,photos/top_view_images/P2260346.JPG,photos/side_view_images/P2260700.JPG,2.12,2.12,1.9797495603561401,-0.14025043964385997,0.14025043964385997
densenet121,concat_abs_diff,linear,14,4,photos/top_view_images/P2260347.JPG,photos/side_view_images/P2260701.JPG,3.18,3.18,2.996441125869751,-0.18355887413024918,0.18355887413024918
densenet121,concat_abs_diff,linear,15,4,photos/top_view_images/P2260348.JPG,photos/side_view_images/P2260702.JPG,4.24,4.24,4.031848907470703,-0.2081510925292971,0.2081510925292971
densenet121,concat_abs_diff,linear,16,5,photos/top_view_images/P2260349.JPG,photos/side_view_images/P2260703.JPG,1.06,1.06,1.4309600591659546,0.37096005916595454,0.37096005916595454
densenet121,concat_abs_diff,linear,17,5,photos/top_view_images/P2260350.JPG,photos/side_view_images/P2260704.JPG,2.12,2.12,1.6244399547576904,-0.4955600452423097,0.4955600452423097
densenet121,concat_abs_diff,linear,18,5,photos/top_view_images/P2260351.JPG,photos/side_view_images/P2260705.JPG,3.18,3.18,3.429335355758667,0.24933535575866683,0.24933535575866683
densenet121,concat_abs_diff,linear,19,5,photos/top_view_images/P2260352.JPG,photos/side_view_images/P2260706.JPG,4.24,4.24,4.1997785568237305,-0.040221443176269744,0.040221443176269744
densenet121,concat_abs_diff,linear,20,6,photos/top_view_images/P2270353.JPG,photos/side_view_images/P2270707.JPG,1.06,1.06,1.383441686630249,0.32344168663024897,0.32344168663024897
densenet121,concat_abs_diff,linear,21,6,photos/top_view_images/P2270354.JPG,photos/side_view_images/P2270708.JPG,2.12,2.12,2.22485089302063,0.10485089302062978,0.10485089302062978
densenet121,concat_abs_diff,linear,22,6,photos/top_view_images/P2270355.JPG,photos/side_view_images/P2270709.JPG,3.18,3.18,3.24391508102417,0.06391508102416976,0.06391508102416976
densenet121,concat_abs_diff,linear,23,6,photos/top_view_images/P2270356.JPG,photos/side_view_images/P2270710.JPG,4.24,4.24,4.16240119934082,-0.0775988006591799,0.0775988006591799
densenet121,concat_abs_diff,linear,24,7,photos/top_view_images/P2270357.JPG,photos/side_view_images/P2270712.JPG,1.06,1.06,0.8649637699127197,-0.19503623008728033,0.19503623008728033
densenet121,concat_abs_diff,linear,25,7,photos/top_view_images/P2270358.JPG,photos/side_view_images/P2270713.JPG,2.12,2.12,2.7401394844055176,0.6201394844055175,0.6201394844055175
densenet121,concat_abs_diff,linear,26,7,photos/top_view_images/P2270359.JPG,photos/side_view_images/P2270714.JPG,3.18,3.18,2.9675960540771484,-0.21240394592285172,0.21240394592285172
densenet121,concat_abs_diff,linear,27,7,photos/top_view_images/P2270360.JPG,photos/side_view_images/P2270715.JPG,4.24,4.24,4.2751264572143555,0.035126457214355256,0.035126457214355256
densenet121,concat_abs_diff,linear,28,8,photos/top_view_images/P2270361.JPG,photos/side_view_images/P2270716.JPG,1.06,1.06,1.0554184913635254,-0.004581508636474663,0.004581508636474663
densenet121,concat_abs_diff,linear,29,8,photos/top_view_images/P2270362.JPG,photos/side_view_images/P2270717.JPG,2.12,2.12,1.9937623739242554,-0.12623762607574474,0.12623762607574474
densenet121,concat_abs_diff,linear,30,8,photos/top_view_images/P2270363.JPG,photos/side_view_images/P2270718.JPG,3.18,3.18,3.035175085067749,-0.14482491493225114,0.14482491493225114
densenet121,concat_abs_diff,linear,31,8,photos/top_view_images/P2270364.JPG,photos/side_view_images/P2270719.JPG,4.24,4.24,3.514636516571045,-0.7253634834289553,0.7253634834289553
densenet121,concat_abs_diff,linear,32,9,photos/top_view_images/P2270365.JPG,photos/side_view_images/P2270720.JPG,1.06,1.06,1.230478286743164,0.170478286743164,0.170478286743164
densenet121,concat_abs_diff,linear,33,9,photos/top_view_images/P2270366.JPG,photos/side_view_images/P2270721.JPG,2.12,2.12,2.033503293991089,-0.08649670600891124,0.08649670600891124
densenet121,concat_abs_diff,linear,34,9,photos/top_view_images/P2270367.JPG,photos/side_view_images/P2270722.JPG,3.18,3.18,3.4458820819854736,0.2658820819854735,0.2658820819854735
densenet121,concat_abs_diff,linear,35,9,photos/top_view_images/P2270368.JPG,photos/side_view_images/P2270723.JPG,4.24,4.24,3.58331298828125,-0.6566870117187502,0.6566870117187502
densenet121,concat_abs_diff,linear,36,10,photos/top_view_images/P2270369.JPG,photos/side_view_images/P2270724.JPG,1.06,1.06,1.3204847574234009,0.2604847574234008,0.2604847574234008
densenet121,concat_abs_diff,linear,37,10,photos/top_view_images/P2270370.JPG,photos/side_view_images/P2270725.JPG,2.12,2.12,2.08308744430542,-0.036912555694580185,0.036912555694580185
densenet121,concat_abs_diff,linear,38,10,photos/top_view_images/P2270371.JPG,photos/side_view_images/P2270726.JPG,3.18,3.18,3.0877974033355713,-0.09220259666442887,0.09220259666442887
densenet121,concat_abs_diff,linear,39,10,photos/top_view_images/P2270372.JPG,photos/side_view_images/P2270727.JPG,4.24,4.24,4.054940223693848,-0.18505977630615256,0.18505977630615256
densenet121,concat_abs_diff,linear,40,11,photos/top_view_images/P2270373.JPG,photos/side_view_images/P2270728.JPG,1.06,1.06,1.200966238975525,0.14096623897552485,0.14096623897552485
densenet121,concat_abs_diff,linear,41,11,photos/top_view_images/P2270374.JPG,photos/side_view_images/P2270729.JPG,2.12,2.12,2.0395400524139404,-0.08045994758605968,0.08045994758605968
densenet121,concat_abs_diff,linear,42,11,photos/top_view_images/P2270375.JPG,photos/side_view_images/P2270730.JPG,3.18,3.18,3.4032859802246094,0.22328598022460922,0.22328598022460922
densenet121,concat_abs_diff,linear,43,11,photos/top_view_images/P2270376.JPG,photos/side_view_images/P2270731.JPG,4.24,4.24,3.5527210235595703,-0.6872789764404299,0.6872789764404299
densenet121,concat_abs_diff,linear,44,12,photos/top_view_images/P2270377.JPG,photos/side_view_images/P2270732.JPG,1.06,1.06,1.2519173622131348,0.1919173622131347,0.1919173622131347
densenet121,concat_abs_diff,linear,45,12,photos/top_view_images/P2270378.JPG,photos/side_view_images/P2270733.JPG,2.12,2.12,2.212171792984009,0.09217179298400868,0.09217179298400868
densenet121,concat_abs_diff,linear,46,12,photos/top_view_images/P2270379.JPG,photos/side_view_images/P2270734.JPG,3.18,3.18,3.400779962539673,0.2207799625396727,0.2207799625396727
densenet121,concat_abs_diff,linear,47,12,photos/top_view_images/P2270381.JPG,photos/side_view_images/P2270736.JPG,4.24,4.24,4.12112283706665,-0.11887716293334982,0.11887716293334982
densenet121,concat_abs_diff,linear,48,13,photos/top_view_images/P2270383.JPG,photos/side_view_images/P2270737.JPG,1.06,1.06,1.2457743883132935,0.1857743883132934,0.1857743883132934
densenet121,concat_abs_diff,linear,49,13,photos/top_view_images/P2270384.JPG,photos/side_view_images/P2270738.JPG,2.12,2.12,1.9955308437347412,-0.1244691562652589,0.1244691562652589
densenet121,concat_abs_diff,linear,50,13,photos/top_view_images/P2270385.JPG,photos/side_view_images/P2270739.JPG,3.18,3.18,2.7975642681121826,-0.38243573188781754,0.38243573188781754
densenet121,concat_abs_diff,linear,51,14,photos/top_view_images/P3020386.JPG,photos/side_view_images/P3020741.JPG,1.06,1.06,1.212651014328003,0.15265101432800288,0.15265101432800288
densenet121,concat_abs_diff,linear,52,14,photos/top_view_images/P3020387.JPG,photos/side_view_images/P3020742.JPG,2.12,2.12,1.9427285194396973,-0.17727148056030284,0.17727148056030284
densenet121,concat_abs_diff,linear,53,14,photos/top_view_images/P3020388.JPG,photos/side_view_images/P3020743.JPG,3.18,3.18,3.2938077449798584,0.11380774497985824,0.11380774497985824
densenet121,concat_abs_diff,linear,54,14,photos/top_view_images/P3020389.JPG,photos/side_view_images/P3020744.JPG,4.24,4.24,4.057845115661621,-0.18215488433837912,0.18215488433837912
densenet121,concat_abs_diff,linear,55,15,photos/top_view_images/P3020390.JPG,photos/side_view_images/P3020745.JPG,1.06,1.06,1.3740638494491577,0.31406384944915766,0.31406384944915766
densenet121,concat_abs_diff,linear,56,15,photos/top_view_images/P3020391.JPG,photos/side_view_images/P3020746.JPG,2.12,2.12,2.337775945663452,0.21777594566345204,0.21777594566345204
densenet121,concat_abs_diff,linear,57,15,photos/top_view_images/P3020392.JPG,photos/side_view_images/P3020747.JPG,3.18,3.18,3.426210403442383,0.24621040344238265,0.24621040344238265
densenet121,concat_abs_diff,linear,58,15,photos/top_view_images/P3020393.JPG,photos/side_view_images/P3020748.JPG,4.24,4.24,3.6477556228637695,-0.5922443771362307,0.5922443771362307
densenet121,concat_abs_diff,linear,59,16,photos/top_view_images/P3020394.JPG,photos/side_view_images/P3020749.JPG,1.06,1.06,0.9098997116088867,-0.15010028839111333,0.15010028839111333
densenet121,concat_abs_diff,linear,60,16,photos/top_view_images/P3020395.JPG,photos/side_view_images/P3020750.JPG,2.12,2.12,2.2656846046447754,0.14568460464477528,0.14568460464477528
densenet121,concat_abs_diff,linear,61,16,photos/top_view_images/P3020396.JPG,photos/side_view_images/P3020751.JPG,3.18,3.18,2.475569725036621,-0.7044302749633791,0.7044302749633791
densenet121,concat_abs_diff,linear,62,16,photos/top_view_images/P3020397.JPG,photos/side_view_images/P3020752.JPG,4.24,4.24,4.123679161071777,-0.11632083892822287,0.11632083892822287
densenet121,concat_abs_diff,linear,63,17,photos/top_view_images/P3020398.JPG,photos/side_view_images/P3020753.JPG,1.06,1.06,0.8031413555145264,-0.2568586444854737,0.2568586444854737
densenet121,concat_abs_diff,linear,64,17,photos/top_view_images/P3020399.JPG,photos/side_view_images/P3020754.JPG,2.12,2.12,2.0660037994384766,-0.053996200561523544,0.053996200561523544
densenet121,concat_abs_diff,linear,65,17,photos/top_view_images/P3020400.JPG,photos/side_view_images/P3020755.JPG,3.18,3.18,3.2375245094299316,0.05752450942993148,0.05752450942993148
densenet121,concat_abs_diff,linear,66,17,photos/top_view_images/P3020401.JPG,photos/side_view_images/P3020756.JPG,4.24,4.24,4.378378868103027,0.13837886810302713,0.13837886810302713
densenet121,concat_abs_diff,linear,67,18,photos/top_view_images/P3020402.JPG,photos/side_view_images/P3020757.JPG,1.06,1.06,1.4636693000793457,0.40366930007934565,0.40366930007934565
densenet121,concat_abs_diff,linear,68,18,photos/top_view_images/P3020403.JPG,photos/side_view_images/P3020758.JPG,2.12,2.12,2.210745334625244,0.09074533462524403,0.09074533462524403
densenet121,concat_abs_diff,linear,69,18,photos/top_view_images/P3020404.JPG,photos/side_view_images/P3020759.JPG,3.18,3.18,3.059842109680176,-0.12015789031982438,0.12015789031982438
densenet121,concat_abs_diff,linear,70,18,photos/top_view_images/P3020405.JPG,photos/side_view_images/P3020760.JPG,4.24,4.24,3.994314670562744,-0.24568532943725607,0.24568532943725607
densenet121,concat_abs_diff,linear,71,19,photos/top_view_images/P3020406.JPG,photos/side_view_images/P3020761.JPG,1.06,1.06,1.2465449571609497,0.18654495716094965,0.18654495716094965
densenet121,concat_abs_diff,linear,72,19,photos/top_view_images/P3020407.JPG,photos/side_view_images/P3020762.JPG,2.12,2.12,2.1831398010253906,0.06313980102539052,0.06313980102539052
densenet121,concat_abs_diff,linear,73,19,photos/top_view_images/P3020408.JPG,photos/side_view_images/P3020763.JPG,3.18,3.18,3.235426664352417,0.05542666435241683,0.05542666435241683
densenet121,concat_abs_diff,linear,74,19,photos/top_view_images/P3020409.JPG,photos/side_view_images/P3020764.JPG,4.24,4.24,4.286283493041992,0.046283493041991974,0.046283493041991974
densenet121,concat_abs_diff,linear,75,20,photos/top_view_images/P3020410.JPG,photos/side_view_images/P3020765.JPG,1.06,1.06,0.9796993732452393,-0.0803006267547608,0.0803006267547608
densenet121,concat_abs_diff,linear,76,20,photos/top_view_images/P3020411.JPG,photos/side_view_images/P3020766.JPG,2.12,2.12,2.2352943420410156,0.11529434204101552,0.11529434204101552
densenet121,concat_abs_diff,linear,77,20,photos/top_view_images/P3020412.JPG,photos/side_view_images/P3020767.JPG,3.18,3.18,2.9545936584472656,-0.22540634155273453,0.22540634155273453
densenet121,concat_abs_diff,linear,78,20,photos/top_view_images/P3020413.JPG,photos/side_view_images/P3020768.JPG,4.24,4.24,3.872982978820801,-0.36701702117919943,0.36701702117919943
densenet121,concat_abs_diff,linear,79,21,photos/top_view_images/P3020414.JPG,photos/side_view_images/P3020769.JPG,1.06,1.06,1.3531486988067627,0.29314869880676264,0.29314869880676264
densenet121,concat_abs_diff,linear,80,21,photos/top_view_images/P3020415.JPG,photos/side_view_images/P3020770.JPG,2.12,2.12,2.583855152130127,0.46385515213012685,0.46385515213012685
densenet121,concat_abs_diff,linear,81,21,photos/top_view_images/P3020416.JPG,photos/side_view_images/P3020771.JPG,3.18,3.18,3.1343441009521484,-0.04565589904785172,0.04565589904785172
densenet121,concat_abs_diff,linear,82,21,photos/top_view_images/P3020417.JPG,photos/side_view_images/P3020772.JPG,4.24,4.24,3.758739471435547,-0.48126052856445334,0.48126052856445334
densenet121,concat_abs_diff,linear,83,22,photos/top_view_images/P3020418.JPG,photos/side_view_images/P3020773.JPG,1.06,1.06,1.0411317348480225,-0.018868265151977592,0.018868265151977592
densenet121,concat_abs_diff,linear,84,22,photos/top_view_images/P3020419.JPG,photos/side_view_images/P3020774.JPG,2.12,2.12,2.2067277431488037,0.0867277431488036,0.0867277431488036
densenet121,concat_abs_diff,linear,85,22,photos/top_view_images/P3020420.JPG,photos/side_view_images/P3020775.JPG,3.18,3.18,3.528491497039795,0.34849149703979476,0.34849149703979476
densenet121,concat_abs_diff,linear,86,22,photos/top_view_images/P3020421.JPG,photos/side_view_images/P3020776.JPG,4.24,4.24,3.485865592956543,-0.7541344070434572,0.7541344070434572
densenet121,concat_abs_diff,linear,87,23,photos/top_view_images/P3020422.JPG,photos/side_view_images/P3020777.JPG,1.06,1.06,1.090027093887329,0.03002709388732905,0.03002709388732905
densenet121,concat_abs_diff,linear,88,23,photos/top_view_images/P3020423.JPG,photos/side_view_images/P3020778.JPG,2.12,2.12,2.3993911743164062,0.27939117431640614,0.27939117431640614
densenet121,concat_abs_diff,linear,89,23,photos/top_view_images/P3020424.JPG,photos/side_view_images/P3020779.JPG,3.18,3.18,3.385871410369873,0.2058714103698729,0.2058714103698729
densenet121,concat_abs_diff,linear,90,23,photos/top_view_images/P3020425.JPG,photos/side_view_images/P3020780.JPG,4.24,4.24,3.759838104248047,-0.48016189575195334,0.48016189575195334
densenet121,concat_abs_diff,linear,91,24,photos/top_view_images/P3020426.JPG,photos/side_view_images/P3020781.JPG,1.06,1.06,0.9837093353271484,-0.07629066467285162,0.07629066467285162
densenet121,concat_abs_diff,linear,92,24,photos/top_view_images/P3020427.JPG,photos/side_view_images/P3020782.JPG,2.12,2.12,2.1278958320617676,0.007895832061767472,0.007895832061767472
densenet121,concat_abs_diff,linear,93,24,photos/top_view_images/P3020428.JPG,photos/side_view_images/P3020783.JPG,3.18,3.18,3.497544288635254,0.31754428863525375,0.31754428863525375
densenet121,concat_abs_diff,linear,94,24,photos/top_view_images/P3020429.JPG,photos/side_view_images/P3020784.JPG,4.24,4.24,4.019637107849121,-0.22036289215087912,0.22036289215087912
densenet121,concat_abs_diff,linear,95,25,photos/top_view_images/P3020430.JPG,photos/side_view_images/P3020785.JPG,1.06,1.06,1.0451571941375732,-0.014842805862426811,0.014842805862426811
densenet121,concat_abs_diff,linear,96,25,photos/top_view_images/P3020431.JPG,photos/side_view_images/P3020786.JPG,2.12,2.12,2.298241138458252,0.17824113845825185,0.17824113845825185
densenet121,concat_abs_diff,linear,97,25,photos/top_view_images/P3020432.JPG,photos/side_view_images/P3020787.JPG,3.18,3.18,2.978454351425171,-0.20154564857482926,0.20154564857482926
densenet121,concat_abs_diff,linear,98,25,photos/top_view_images/P3020433.JPG,photos/side_view_images/P3020788.JPG,4.24,4.24,3.472381591796875,-0.7676184082031252,0.7676184082031252
densenet121,concat_abs_diff,linear,99,26,photos/top_view_images/P3020434.JPG,photos/side_view_images/P3020789.JPG,1.06,1.06,1.5000194311141968,0.4400194311141967,0.4400194311141967
densenet121,concat_abs_diff,linear,100,26,photos/top_view_images/P3020435.JPG,photos/side_view_images/P3020790.JPG,2.12,2.12,2.392362356185913,0.272362356185913,0.272362356185913
densenet121,concat_abs_diff,linear,101,26,photos/top_view_images/P3020436.JPG,photos/side_view_images/P3020791.JPG,3.18,3.18,3.665499448776245,0.48549944877624496,0.48549944877624496
densenet121,concat_abs_diff,linear,102,26,photos/top_view_images/P3020437.JPG,photos/side_view_images/P3020792.JPG,4.24,4.24,4.478229522705078,0.2382295227050779,0.2382295227050779
densenet121,concat_abs_diff,linear,103,27,photos/top_view_images/P3020438.JPG,photos/side_view_images/P3020793.JPG,1.06,1.06,0.7400472164154053,-0.3199527835845948,0.3199527835845948
densenet121,concat_abs_diff,linear,104,27,photos/top_view_images/P3020439.JPG,photos/side_view_images/P3020794.JPG,2.12,2.12,2.1987786293029785,0.07877862930297841,0.07877862930297841
densenet121,concat_abs_diff,linear,105,27,photos/top_view_images/P3020440.JPG,photos/side_view_images/P3020795.JPG,3.18,3.18,3.182427406311035,0.0024274063110349964,0.0024274063110349964
densenet121,concat_abs_diff,linear,106,27,photos/top_view_images/P3020441.JPG,photos/side_view_images/P3020796.JPG,4.24,4.24,4.10584831237793,-0.13415168762207053,0.13415168762207053
densenet121,concat_abs_diff,linear,107,28,photos/top_view_images/P3030442.JPG,photos/side_view_images/P3030797.JPG,1.06,1.06,1.0017306804656982,-0.05826931953430181,0.05826931953430181
densenet121,concat_abs_diff,linear,108,28,photos/top_view_images/P3030443.JPG,photos/side_view_images/P3030798.JPG,2.12,2.12,2.17524790763855,0.0552479076385497,0.0552479076385497
densenet121,concat_abs_diff,linear,109,28,photos/top_view_images/P3030444.JPG,photos/side_view_images/P3030799.JPG,3.18,3.18,3.22812557220459,0.048125572204589684,0.048125572204589684
densenet121,concat_abs_diff,linear,110,28,photos/top_view_images/P3030445.JPG,photos/side_view_images/P3030800.JPG,4.24,4.24,3.5717530250549316,-0.6682469749450686,0.6682469749450686
densenet121,concat_abs_diff,linear,111,29,photos/top_view_images/P3030446.JPG,photos/side_view_images/P3030801.JPG,1.06,1.06,1.319157600402832,0.259157600402832,0.259157600402832
densenet121,concat_abs_diff,linear,112,29,photos/top_view_images/P3030447.JPG,photos/side_view_images/P3030802.JPG,2.12,2.12,1.9861319065093994,-0.1338680934906007,0.1338680934906007
densenet121,concat_abs_diff,linear,113,29,photos/top_view_images/P3030448.JPG,photos/side_view_images/P3030803.JPG,3.18,3.18,3.4729185104370117,0.29291851043701156,0.29291851043701156
densenet121,concat_abs_diff,linear,114,29,photos/top_view_images/P3030449.JPG,photos/side_view_images/P3030804.JPG,4.24,4.24,4.097645282745361,-0.14235471725463889,0.14235471725463889
densenet121,concat_abs_diff,linear,115,30,photos/top_view_images/P3030450.JPG,photos/side_view_images/P3030805.JPG,1.06,1.06,1.7175699472427368,0.6575699472427368,0.6575699472427368
densenet121,concat_abs_diff,linear,116,30,photos/top_view_images/P3030451.JPG,photos/side_view_images/P3030806.JPG,2.12,2.12,2.9117701053619385,0.7917701053619384,0.7917701053619384
densenet121,concat_abs_diff,linear,117,30,photos/top_view_images/P3030452.JPG,photos/side_view_images/P3030807.JPG,3.18,3.18,3.286947250366211,0.10694725036621078,0.10694725036621078
densenet121,concat_abs_diff,linear,118,30,photos/top_view_images/P3030453.JPG,photos/side_view_images/P3030808.JPG,4.24,4.24,3.415355920791626,-0.8246440792083742,0.8246440792083742
densenet121,concat_abs_diff,linear,119,31,photos/top_view_images/P3030454.JPG,photos/side_view_images/P3030809.JPG,1.06,1.06,0.9465751647949219,-0.11342483520507818,0.11342483520507818
densenet121,concat_abs_diff,linear,120,31,photos/top_view_images/P3030455.JPG,photos/side_view_images/P3030810.JPG,2.12,2.12,1.8335835933685303,-0.28641640663146983,0.28641640663146983
densenet121,concat_abs_diff,linear,121,31,photos/top_view_images/P3030456.JPG,photos/side_view_images/P3030811.JPG,3.18,3.18,3.321272850036621,0.14127285003662093,0.14127285003662093
densenet121,concat_abs_diff,linear,122,31,photos/top_view_images/P3030457.JPG,photos/side_view_images/P3030812.JPG,4.24,4.24,4.285208225250244,0.04520822525024393,0.04520822525024393
densenet121,concat_abs_diff,linear,123,32,photos/top_view_images/P3050458.JPG,photos/side_view_images/P3050813.JPG,1.06,1.06,1.8032877445220947,0.7432877445220947,0.7432877445220947
densenet121,concat_abs_diff,linear,124,32,photos/top_view_images/P3050459.JPG,photos/side_view_images/P3050814.JPG,2.12,2.12,2.776928186416626,0.6569281864166259,0.6569281864166259
densenet121,concat_abs_diff,linear,125,32,photos/top_view_images/P3050460.JPG,photos/side_view_images/P3050815.JPG,3.18,3.18,3.409120559692383,0.22912055969238265,0.22912055969238265
densenet121,concat_abs_diff,linear,126,32,photos/top_view_images/P3050462.JPG,photos/side_view_images/P3050817.JPG,4.24,4.24,3.616337537765503,-0.6236624622344973,0.6236624622344973
densenet121,concat_abs_diff,linear,127,33,photos/top_view_images/P3050463.JPG,photos/side_view_images/P3050818.JPG,1.06,1.06,0.8702340126037598,-0.1897659873962403,0.1897659873962403
densenet121,concat_abs_diff,linear,128,33,photos/top_view_images/P3050464.JPG,photos/side_view_images/P3050819.JPG,2.12,2.12,1.639413595199585,-0.48058640480041515,0.48058640480041515
densenet121,concat_abs_diff,linear,129,34,photos/top_view_images/P3050467.JPG,photos/side_view_images/P3050823.JPG,1.06,1.06,1.0581533908843994,-0.0018466091156006392,0.0018466091156006392
densenet121,concat_abs_diff,linear,130,34,photos/top_view_images/P3050468.JPG,photos/side_view_images/P3050824.JPG,2.12,2.12,2.5907206535339355,0.47072065353393544,0.47072065353393544
densenet121,concat_abs_diff,linear,131,34,photos/top_view_images/P3050469.JPG,photos/side_view_images/P3050825.JPG,3.18,3.18,3.3380353450775146,0.1580353450775145,0.1580353450775145
densenet121,concat_abs_diff,linear,132,34,photos/top_view_images/P3050470.JPG,photos/side_view_images/P3050826.JPG,4.24,4.24,3.698064088821411,-0.5419359111785891,0.5419359111785891
densenet121,concat_abs_diff,linear,133,35,photos/top_view_images/P3050471.JPG,photos/side_view_images/P3050827.JPG,1.06,1.06,0.8335537910461426,-0.22644620895385748,0.22644620895385748
densenet121,concat_abs_diff,linear,134,35,photos/top_view_images/P3050472.JPG,photos/side_view_images/P3050828.JPG,2.12,2.12,1.8525340557098389,-0.26746594429016124,0.26746594429016124
densenet121,concat_abs_diff,linear,135,35,photos/top_view_images/P3050473.JPG,photos/side_view_images/P3050829.JPG,3.18,3.18,2.841745615005493,-0.338254384994507,0.338254384994507
densenet121,concat_abs_diff,linear,136,35,photos/top_view_images/P3050474.JPG,photos/side_view_images/P3050830.JPG,4.24,4.24,4.292494297027588,0.05249429702758768,0.05249429702758768
densenet121,concat_abs_diff,linear,137,36,photos/top_view_images/P3050475.JPG,photos/side_view_images/P3050831.JPG,1.06,1.06,1.1985862255096436,0.1385862255096435,0.1385862255096435
densenet121,concat_abs_diff,linear,138,36,photos/top_view_images/P3050476.JPG,photos/side_view_images/P3050832.JPG,2.12,2.12,2.405576229095459,0.2855762290954589,0.2855762290954589
densenet121,concat_abs_diff,linear,139,36,photos/top_view_images/P3050477.JPG,photos/side_view_images/P3050833.JPG,3.18,3.18,2.9786136150360107,-0.20138638496398942,0.20138638496398942
densenet121,concat_abs_diff,linear,140,36,photos/top_view_images/P3050478.JPG,photos/side_view_images/P3050834.JPG,4.24,4.24,3.4275784492492676,-0.8124215507507326,0.8124215507507326
densenet121,concat_abs_diff,linear,141,37,photos/top_view_images/P3050479.JPG,photos/side_view_images/P3050835.JPG,1.06,1.06,0.7751102447509766,-0.2848897552490235,0.2848897552490235
densenet121,concat_abs_diff,linear,142,37,photos/top_view_images/P3050480.JPG,photos/side_view_images/P3050836.JPG,2.12,2.12,2.233170986175537,0.113170986175537,0.113170986175537
densenet121,concat_abs_diff,linear,143,37,photos/top_view_images/P3050481.JPG,photos/side_view_images/P3050837.JPG,3.18,3.18,2.8278310298919678,-0.3521689701080324,0.3521689701080324
densenet121,concat_abs_diff,linear,144,37,photos/top_view_images/P3050482.JPG,photos/side_view_images/P3050838.JPG,4.24,4.24,3.953117609024048,-0.28688239097595236,0.28688239097595236
densenet121,concat_abs_diff,linear,145,38,photos/top_view_images/P3050484.JPG,photos/side_view_images/P3050840.JPG,1.06,1.06,1.0712461471557617,0.011246147155761665,0.011246147155761665
densenet121,concat_abs_diff,linear,146,38,photos/top_view_images/P3050485.JPG,photos/side_view_images/P3050841.JPG,2.12,2.12,2.049236536026001,-0.07076346397399913,0.07076346397399913
densenet121,concat_abs_diff,linear,147,38,photos/top_view_images/P3050486.JPG,photos/side_view_images/P3050842.JPG,3.18,3.18,3.1944942474365234,0.014494247436523278,0.014494247436523278
densenet121,concat_abs_diff,linear,148,38,photos/top_view_images/P3050487.JPG,photos/side_view_images/P3050843.JPG,4.24,4.24,3.952479362487793,-0.28752063751220724,0.28752063751220724
densenet121,concat_abs_diff,linear,149,39,photos/top_view_images/P3050488.JPG,photos/side_view_images/P3050844.JPG,1.06,1.06,0.789886474609375,-0.27011352539062505,0.27011352539062505
densenet121,concat_abs_diff,linear,150,39,photos/top_view_images/P3050489.JPG,photos/side_view_images/P3050845.JPG,2.12,2.12,2.467477560043335,0.34747756004333485,0.34747756004333485
densenet121,concat_abs_diff,linear,151,39,photos/top_view_images/P3050490.JPG,photos/side_view_images/P3050846.JPG,3.18,3.18,3.5377354621887207,0.35773546218872054,0.35773546218872054
densenet121,concat_abs_diff,linear,152,39,photos/top_view_images/P3050491.JPG,photos/side_view_images/P3050847.JPG,4.24,4.24,3.9366846084594727,-0.30331539154052756,0.30331539154052756
densenet121,concat_abs_diff,linear,153,40,photos/top_view_images/P3050492.JPG,photos/side_view_images/P3050848.JPG,1.06,1.06,1.353140115737915,0.293140115737915,0.293140115737915
densenet121,concat_abs_diff,linear,154,40,photos/top_view_images/P3050493.JPG,photos/side_view_images/P3050849.JPG,2.12,2.12,2.044312000274658,-0.0756879997253419,0.0756879997253419
densenet121,concat_abs_diff,linear,155,40,photos/top_view_images/P3050494.JPG,photos/side_view_images/P3050850.JPG,3.18,3.18,3.4535727500915527,0.2735727500915526,0.2735727500915526
densenet121,concat_abs_diff,linear,156,40,photos/top_view_images/P3050495.JPG,photos/side_view_images/P3050851.JPG,4.24,4.24,3.6527323722839355,-0.5872676277160647,0.5872676277160647
densenet121,concat_abs_diff,linear,157,41,photos/top_view_images/P3050496.JPG,photos/side_view_images/P3050852.JPG,1.06,1.06,1.1658127307891846,0.10581273078918452,0.10581273078918452
densenet121,concat_abs_diff,linear,158,41,photos/top_view_images/P3050497.JPG,photos/side_view_images/P3050853.JPG,2.12,2.12,2.23309588432312,0.11309588432312001,0.11309588432312001
densenet121,concat_abs_diff,linear,159,41,photos/top_view_images/P3050498.JPG,photos/side_view_images/P3050854.JPG,3.18,3.18,3.319230556488037,0.13923055648803695,0.13923055648803695
densenet121,concat_abs_diff,linear,160,41,photos/top_view_images/P3050499.JPG,photos/side_view_images/P3050855.JPG,4.24,4.24,3.924182891845703,-0.3158171081542971,0.3158171081542971
densenet121,concat_abs_diff,linear,161,42,photos/top_view_images/P3050500.JPG,photos/side_view_images/P3050857.JPG,2.12,2.12,1.675619125366211,-0.44438087463378917,0.44438087463378917
densenet121,concat_abs_diff,linear,162,42,photos/top_view_images/P3050501.JPG,photos/side_view_images/P3050858.JPG,3.18,3.18,3.1607964038848877,-0.019203596115112465,0.019203596115112465
densenet121,concat_abs_diff,linear,163,43,photos/top_view_images/P3060503.JPG,photos/side_view_images/P3060859.JPG,1.06,1.06,0.9442510604858398,-0.11574893951416021,0.11574893951416021
densenet121,concat_abs_diff,linear,164,43,photos/top_view_images/P3060504.JPG,photos/side_view_images/P3060860.JPG,2.12,2.12,2.407848834991455,0.28784883499145497,0.28784883499145497
densenet121,concat_abs_diff,linear,165,43,photos/top_view_images/P3060505.JPG,photos/side_view_images/P3060861.JPG,3.18,3.18,3.456730365753174,0.27673036575317367,0.27673036575317367
densenet121,concat_abs_diff,linear,166,43,photos/top_view_images/P3060506.JPG,photos/side_view_images/P3060862.JPG,4.24,4.24,3.5847301483154297,-0.6552698516845705,0.6552698516845705
densenet121,concat_abs_diff,linear,167,44,photos/top_view_images/P3060507.JPG,photos/side_view_images/P3060863.JPG,1.06,1.06,1.0889270305633545,0.02892703056335444,0.02892703056335444
densenet121,concat_abs_diff,linear,168,44,photos/top_view_images/P3060508.JPG,photos/side_view_images/P3060864.JPG,2.12,2.12,2.006810188293457,-0.11318981170654308,0.11318981170654308
densenet121,concat_abs_diff,linear,169,44,photos/top_view_images/P3060509.JPG,photos/side_view_images/P3060865.JPG,3.18,3.18,3.3928916454315186,0.2128916454315184,0.2128916454315184
densenet121,concat_abs_diff,linear,170,44,photos/top_view_images/P3060510.JPG,photos/side_view_images/P3060866.JPG,4.24,4.24,3.836162567138672,-0.40383743286132834,0.40383743286132834
densenet121,concat_abs_diff,linear,171,45,photos/top_view_images/P3060511.JPG,photos/side_view_images/P3060867.JPG,1.06,1.06,1.119706392288208,0.059706392288207955,0.059706392288207955
densenet121,concat_abs_diff,linear,172,45,photos/top_view_images/P3060512.JPG,photos/side_view_images/P3060868.JPG,2.12,2.12,1.9037981033325195,-0.21620189666748058,0.21620189666748058
densenet121,concat_abs_diff,linear,173,45,photos/top_view_images/P3060513.JPG,photos/side_view_images/P3060869.JPG,3.18,3.18,3.2434678077697754,0.06346780776977523,0.06346780776977523
densenet121,concat_abs_diff,linear,174,45,photos/top_view_images/P3060514.JPG,photos/side_view_images/P3060870.JPG,4.24,4.24,4.101815700531006,-0.13818429946899435,0.13818429946899435
densenet121,concat_abs_diff,linear,175,46,photos/top_view_images/P3060515.JPG,photos/side_view_images/P3060871.JPG,1.06,1.06,1.3636800050735474,0.3036800050735473,0.3036800050735473
densenet121,concat_abs_diff,linear,176,46,photos/top_view_images/P3060516.JPG,photos/side_view_images/P3060872.JPG,2.12,2.12,2.1285438537597656,0.008543853759765518,0.008543853759765518
densenet121,concat_abs_diff,linear,177,46,photos/top_view_images/P3060517.JPG,photos/side_view_images/P3060873.JPG,3.18,3.18,3.1647324562072754,-0.01526754379272477,0.01526754379272477
densenet121,concat_abs_diff,linear,178,46,photos/top_view_images/P3060518.JPG,photos/side_view_images/P3060874.JPG,4.24,4.24,3.618537425994873,-0.6214625740051272,0.6214625740051272
densenet121,concat_abs_diff,linear,179,47,photos/top_view_images/P3060519.JPG,photos/side_view_images/P3060875.JPG,1.06,1.06,1.231694221496582,0.17169422149658198,0.17169422149658198
densenet121,concat_abs_diff,linear,180,47,photos/top_view_images/P3060520.JPG,photos/side_view_images/P3060876.JPG,2.12,2.12,2.7759475708007812,0.6559475708007811,0.6559475708007811
densenet121,concat_abs_diff,linear,181,47,photos/top_view_images/P3060521.JPG,photos/side_view_images/P3060877.JPG,3.18,3.18,2.9204673767089844,-0.2595326232910158,0.2595326232910158
densenet121,concat_abs_diff,linear,182,47,photos/top_view_images/P3060522.JPG,photos/side_view_images/P3060878.JPG,4.24,4.24,3.4637300968170166,-0.7762699031829836,0.7762699031829836
densenet121,concat_abs_diff,linear,183,48,photos/top_view_images/P3060523.JPG,photos/side_view_images/P3060879.JPG,1.06,1.06,1.5718048810958862,0.5118048810958862,0.5118048810958862
densenet121,concat_abs_diff,linear,184,48,photos/top_view_images/P3060524.JPG,photos/side_view_images/P3060880.JPG,2.12,2.12,2.2352828979492188,0.11528289794921864,0.11528289794921864
densenet121,concat_abs_diff,linear,185,48,photos/top_view_images/P3060525.JPG,photos/side_view_images/P3060881.JPG,3.18,3.18,2.8379030227661133,-0.3420969772338869,0.3420969772338869
densenet121,concat_abs_diff,linear,186,48,photos/top_view_images/P3060526.JPG,photos/side_view_images/P3060882.JPG,4.24,4.24,3.307619333267212,-0.9323806667327883,0.9323806667327883
densenet121,concat_abs_diff,linear,187,49,photos/top_view_images/P3060527.JPG,photos/side_view_images/P3060883.JPG,1.06,1.06,1.383768916130066,0.32376891613006586,0.32376891613006586
densenet121,concat_abs_diff,linear,188,49,photos/top_view_images/P3060528.JPG,photos/side_view_images/P3060884.JPG,2.12,2.12,2.5121140480041504,0.3921140480041503,0.3921140480041503
densenet121,concat_abs_diff,linear,189,49,photos/top_view_images/P3060529.JPG,photos/side_view_images/P3060885.JPG,3.18,3.18,3.595269203186035,0.415269203186035,0.415269203186035
densenet121,concat_abs_diff,linear,190,49,photos/top_view_images/P3060530.JPG,photos/side_view_images/P3060886.JPG,4.24,4.24,3.408172130584717,-0.8318278694152834,0.8318278694152834
densenet121,concat_abs_diff,linear,191,50,photos/top_view_images/P3060531.JPG,photos/side_view_images/P3060887.JPG,1.06,1.06,1.4598417282104492,0.39984172821044917,0.39984172821044917
densenet121,concat_abs_diff,linear,192,50,photos/top_view_images/P3060532.JPG,photos/side_view_images/P3060888.JPG,2.12,2.12,2.4542481899261475,0.33424818992614735,0.33424818992614735
densenet121,concat_abs_diff,linear,193,50,photos/top_view_images/P3060533.JPG,photos/side_view_images/P3060889.JPG,3.18,3.18,3.232546329498291,0.052546329498290856,0.052546329498290856
densenet121,concat_abs_diff,linear,194,50,photos/top_view_images/P3060534.JPG,photos/side_view_images/P3060890.JPG,4.24,4.24,3.9581820964813232,-0.28181790351867697,0.28181790351867697
densenet121,concat_abs_diff,linear,195,51,photos/top_view_images/P3060535.JPG,photos/side_view_images/P3060891.JPG,1.06,1.06,1.1251461505889893,0.0651461505889892,0.0651461505889892
densenet121,concat_abs_diff,linear,196,51,photos/top_view_images/P3060536.JPG,photos/side_view_images/P3060892.JPG,2.12,2.12,2.1133413314819336,-0.006658668518066513,0.006658668518066513
densenet121,concat_abs_diff,linear,197,51,photos/top_view_images/P3060537.JPG,photos/side_view_images/P3060893.JPG,3.18,3.18,3.0184783935546875,-0.16152160644531266,0.16152160644531266
densenet121,concat_abs_diff,linear,198,51,photos/top_view_images/P3060538.JPG,photos/side_view_images/P3060894.JPG,4.24,4.24,3.9435737133026123,-0.2964262866973879,0.2964262866973879
densenet121,concat_abs_diff,linear,199,52,photos/top_view_images/P3060539.JPG,photos/side_view_images/P3060895.JPG,1.06,1.06,1.1963855028152466,0.13638550281524653,0.13638550281524653
densenet121,concat_abs_diff,linear,200,52,photos/top_view_images/P3060540.JPG,photos/side_view_images/P3060896.JPG,2.12,2.12,2.560366630554199,0.4403666305541991,0.4403666305541991
densenet121,concat_abs_diff,linear,201,52,photos/top_view_images/P3060541.JPG,photos/side_view_images/P3060897.JPG,3.18,3.18,3.1627488136291504,-0.01725118637084977,0.01725118637084977
densenet121,concat_abs_diff,linear,202,52,photos/top_view_images/P3060542.JPG,photos/side_view_images/P3060898.JPG,4.24,4.24,3.7790284156799316,-0.4609715843200686,0.4609715843200686
densenet121,concat_abs_diff,linear,203,53,photos/top_view_images/P3060543.JPG,photos/side_view_images/P3060899.JPG,1.06,1.06,0.7919356822967529,-0.2680643177032471,0.2680643177032471
densenet121,concat_abs_diff,linear,204,53,photos/top_view_images/P3060544.JPG,photos/side_view_images/P3060900.JPG,2.12,2.12,2.1358914375305176,0.01589143753051747,0.01589143753051747
densenet121,concat_abs_diff,linear,205,53,photos/top_view_images/P3060545.JPG,photos/side_view_images/P3060901.JPG,3.18,3.18,3.4450430870056152,0.2650430870056151,0.2650430870056151
densenet121,concat_abs_diff,linear,206,53,photos/top_view_images/P3060546.JPG,photos/side_view_images/P3060902.JPG,4.24,4.24,3.386728048324585,-0.8532719516754153,0.8532719516754153
densenet121,concat_abs_diff,linear,207,54,photos/top_view_images/P3060547.JPG,photos/side_view_images/P3060903.JPG,1.06,1.06,1.344836950302124,0.28483695030212397,0.28483695030212397
densenet121,concat_abs_diff,linear,208,54,photos/top_view_images/P3060548.JPG,photos/side_view_images/P3060904.JPG,2.12,2.12,2.505383014678955,0.38538301467895497,0.38538301467895497
densenet121,concat_abs_diff,linear,209,54,photos/top_view_images/P3060549.JPG,photos/side_view_images/P3060905.JPG,3.18,3.18,3.389493227005005,0.20949322700500472,0.20949322700500472
densenet121,concat_abs_diff,linear,210,55,photos/top_view_images/P3060550.JPG,photos/side_view_images/P3060906.JPG,1.06,1.06,1.1697092056274414,0.10970920562744135,0.10970920562744135
densenet121,concat_abs_diff,linear,211,55,photos/top_view_images/P3060551.JPG,photos/side_view_images/P3060907.JPG,2.12,2.12,2.4751622676849365,0.3551622676849364,0.3551622676849364
densenet121,concat_abs_diff,linear,212,55,photos/top_view_images/P3060552.JPG,photos/side_view_images/P3060908.JPG,3.18,3.18,3.038259983062744,-0.14174001693725602,0.14174001693725602
densenet121,concat_abs_diff,linear,213,55,photos/top_view_images/P3060553.JPG,photos/side_view_images/P3060909.JPG,4.24,4.24,3.565670967102051,-0.6743290328979494,0.6743290328979494
densenet121,concat_abs_diff,linear,214,56,photos/top_view_images/P3060554.JPG,photos/side_view_images/P3060910.JPG,1.06,1.06,0.9065835475921631,-0.15341645240783697,0.15341645240783697
densenet121,concat_abs_diff,linear,215,56,photos/top_view_images/P3060555.JPG,photos/side_view_images/P3060911.JPG,2.12,2.12,2.473318099975586,0.35331809997558583,0.35331809997558583
densenet121,concat_abs_diff,linear,216,56,photos/top_view_images/P3060556.JPG,photos/side_view_images/P3060912.JPG,3.18,3.18,3.136460781097412,-0.04353921890258805,0.04353921890258805
densenet121,concat_abs_diff,linear,217,57,photos/top_view_images/P3090558.JPG,photos/side_view_images/P3090914.JPG,1.06,1.06,1.3853967189788818,0.3253967189788818,0.3253967189788818
densenet121,concat_abs_diff,linear,218,57,photos/top_view_images/P3090559.JPG,photos/side_view_images/P3090915.JPG,2.12,2.12,2.102621555328369,-0.017378444671630966,0.017378444671630966
densenet121,concat_abs_diff,linear,219,57,photos/top_view_images/P3090560.JPG,photos/side_view_images/P3090916.JPG,3.18,3.18,2.956538200378418,-0.2234617996215822,0.2234617996215822
densenet121,concat_abs_diff,linear,220,57,photos/top_view_images/P3090561.JPG,photos/side_view_images/P3090917.JPG,4.24,4.24,4.102270603179932,-0.13772939682006857,0.13772939682006857
densenet121,concat_abs_diff,linear,221,58,photos/top_view_images/P3090562.JPG,photos/side_view_images/P3090918.JPG,1.06,1.06,1.265190839767456,0.205190839767456,0.205190839767456
densenet121,concat_abs_diff,linear,222,58,photos/top_view_images/P3090563.JPG,photos/side_view_images/P3090919.JPG,2.12,2.12,2.310431718826294,0.19043171882629384,0.19043171882629384
densenet121,concat_abs_diff,linear,223,58,photos/top_view_images/P3090564.JPG,photos/side_view_images/P3090920.JPG,3.18,3.18,3.243502616882324,0.06350261688232406,0.06350261688232406
densenet121,concat_abs_diff,linear,224,58,photos/top_view_images/P3090565.JPG,photos/side_view_images/P3090921.JPG,4.24,4.24,3.6925952434539795,-0.5474047565460207,0.5474047565460207
densenet121,concat_abs_diff,linear,225,59,photos/top_view_images/P3090566.JPG,photos/side_view_images/P3090922.JPG,1.06,1.06,1.3770887851715088,0.31708878517150874,0.31708878517150874
densenet121,concat_abs_diff,linear,226,59,photos/top_view_images/P3090567.JPG,photos/side_view_images/P3090923.JPG,2.12,2.12,2.0579638481140137,-0.062036151885986435,0.062036151885986435
densenet121,concat_abs_diff,linear,227,59,photos/top_view_images/P3090568.JPG,photos/side_view_images/P3090924.JPG,3.18,3.18,3.459850788116455,0.2798507881164549,0.2798507881164549
densenet121,concat_abs_diff,linear,228,59,photos/top_view_images/P3090569.JPG,photos/side_view_images/P3090925.JPG,4.24,4.24,3.7685046195983887,-0.47149538040161154,0.47149538040161154
densenet121,concat_abs_diff,linear,229,60,photos/top_view_images/P3090570.JPG,photos/side_view_images/P3090926.JPG,1.06,1.06,1.1386135816574097,0.07861358165740961,0.07861358165740961
densenet121,concat_abs_diff,linear,230,60,photos/top_view_images/P3090571.JPG,photos/side_view_images/P3090927.JPG,2.12,2.12,1.8078231811523438,-0.31217681884765636,0.31217681884765636
densenet121,concat_abs_diff,linear,231,60,photos/top_view_images/P3090572.JPG,photos/side_view_images/P3090928.JPG,3.18,3.18,2.700441837310791,-0.47955816268920914,0.47955816268920914
densenet121,concat_abs_diff,linear,232,60,photos/top_view_images/P3090573.JPG,photos/side_view_images/P3090929.JPG,4.24,4.24,4.172983169555664,-0.06701683044433615,0.06701683044433615
densenet121,concat_abs_diff,linear,233,61,photos/top_view_images/P3090574.JPG,photos/side_view_images/P3090930.JPG,1.06,1.06,0.7980897426605225,-0.2619102573394776,0.2619102573394776
densenet121,concat_abs_diff,linear,234,61,photos/top_view_images/P3090575.JPG,photos/side_view_images/P3090931.JPG,2.12,2.12,1.8534281253814697,-0.2665718746185304,0.2665718746185304
densenet121,concat_abs_diff,linear,235,61,photos/top_view_images/P3090576.JPG,photos/side_view_images/P3090932.JPG,3.18,3.18,2.6753740310668945,-0.5046259689331056,0.5046259689331056
densenet121,concat_abs_diff,linear,236,61,photos/top_view_images/P3090577.JPG,photos/side_view_images/P3090933.JPG,4.24,4.24,3.928895950317383,-0.3111040496826174,0.3111040496826174
densenet121,concat_abs_diff,linear,237,62,photos/top_view_images/P3090578.JPG,photos/side_view_images/P3090934.JPG,1.06,1.06,1.5183851718902588,0.45838517189025874,0.45838517189025874
densenet121,concat_abs_diff,linear,238,62,photos/top_view_images/P3090579.JPG,photos/side_view_images/P3090935.JPG,2.12,2.12,2.423994302749634,0.3039943027496337,0.3039943027496337
densenet121,concat_abs_diff,linear,239,62,photos/top_view_images/P3090580.JPG,photos/side_view_images/P3090936.JPG,3.18,3.18,3.2287819385528564,0.048781938552856285,0.048781938552856285
densenet121,concat_abs_diff,linear,240,62,photos/top_view_images/P3090581.JPG,photos/side_view_images/P3090937.JPG,4.24,4.24,4.029092788696289,-0.21090721130371115,0.21090721130371115
densenet121,concat_abs_diff,linear,241,63,photos/top_view_images/P3090582.JPG,photos/side_view_images/P3090938.JPG,1.06,1.06,1.2917723655700684,0.2317723655700683,0.2317723655700683
densenet121,concat_abs_diff,linear,242,63,photos/top_view_images/P3090583.JPG,photos/side_view_images/P3090939.JPG,3.18,3.18,3.109060764312744,-0.07093923568725602,0.07093923568725602
densenet121,concat_abs_diff,linear,243,63,photos/top_view_images/P3090584.JPG,photos/side_view_images/P3090940.JPG,4.24,4.24,3.5901308059692383,-0.6498691940307619,0.6498691940307619
densenet121,concat_abs_diff,linear,244,64,photos/top_view_images/P3090585.JPG,photos/side_view_images/P3090941.JPG,1.06,1.06,1.7987060546875,0.7387060546875,0.7387060546875
densenet121,concat_abs_diff,linear,245,64,photos/top_view_images/P3090586.JPG,photos/side_view_images/P3090942.JPG,2.12,2.12,2.2238669395446777,0.10386693954467763,0.10386693954467763
densenet121,concat_abs_diff,linear,246,64,photos/top_view_images/P3090587.JPG,photos/side_view_images/P3090943.JPG,3.18,3.18,3.2771263122558594,0.09712631225585922,0.09712631225585922
densenet121,concat_abs_diff,linear,247,64,photos/top_view_images/P3090588.JPG,photos/side_view_images/P3090944.JPG,4.24,4.24,3.4880237579345703,-0.7519762420654299,0.7519762420654299
densenet121,concat_abs_diff,linear,248,65,photos/top_view_images/P3090589.JPG,photos/side_view_images/P3090945.JPG,1.06,1.06,1.1149752140045166,0.05497521400451655,0.05497521400451655
densenet121,concat_abs_diff,linear,249,65,photos/top_view_images/P3090590.JPG,photos/side_view_images/P3090946.JPG,2.12,2.12,1.8005447387695312,-0.31945526123046886,0.31945526123046886
densenet121,concat_abs_diff,linear,250,65,photos/top_view_images/P3090591.JPG,photos/side_view_images/P3090947.JPG,3.18,3.18,3.1228268146514893,-0.0571731853485109,0.0571731853485109
densenet121,concat_abs_diff,linear,251,65,photos/top_view_images/P3090592.JPG,photos/side_view_images/P3090948.JPG,4.24,4.24,4.458464622497559,0.21846462249755838,0.21846462249755838
densenet121,concat_abs_diff,linear,252,66,photos/top_view_images/P3090593.JPG,photos/side_view_images/P3090949.JPG,1.06,1.06,1.5012199878692627,0.44121998786926264,0.44121998786926264
densenet121,concat_abs_diff,linear,253,66,photos/top_view_images/P3090594.JPG,photos/side_view_images/P3090950.JPG,2.12,2.12,2.5187900066375732,0.39879000663757314,0.39879000663757314
densenet121,concat_abs_diff,linear,254,66,photos/top_view_images/P3090596.JPG,photos/side_view_images/P3090952.JPG,3.18,3.18,3.155968189239502,-0.024031810760498207,0.024031810760498207
densenet121,concat_abs_diff,linear,255,66,photos/top_view_images/P3090597.JPG,photos/side_view_images/P3090953.JPG,4.24,4.24,3.7856221199035645,-0.45437788009643576,0.45437788009643576
densenet121,concat_abs_diff,linear,256,67,photos/top_view_images/P3090598.JPG,photos/side_view_images/P3090954.JPG,1.06,1.06,1.0898749828338623,0.02987498283386225,0.02987498283386225
densenet121,concat_abs_diff,linear,257,67,photos/top_view_images/P3090599.JPG,photos/side_view_images/P3090955.JPG,2.12,2.12,2.206982135772705,0.08698213577270497,0.08698213577270497
densenet121,concat_abs_diff,linear,258,67,photos/top_view_images/P3090600.JPG,photos/side_view_images/P3090956.JPG,3.18,3.18,3.4981422424316406,0.31814224243164047,0.31814224243164047
densenet121,concat_abs_diff,linear,259,67,photos/top_view_images/P3090601.JPG,photos/side_view_images/P3090957.JPG,4.24,4.24,3.7688918113708496,-0.4711081886291506,0.4711081886291506
densenet121,concat_abs_diff,linear,260,68,photos/top_view_images/P3090602.JPG,photos/side_view_images/P3090958.JPG,1.06,1.06,1.2797826528549194,0.21978265285491938,0.21978265285491938
densenet121,concat_abs_diff,linear,261,68,photos/top_view_images/P3090603.JPG,photos/side_view_images/P3090959.JPG,2.12,2.12,2.068350315093994,-0.051649684906005966,0.051649684906005966
densenet121,concat_abs_diff,linear,262,68,photos/top_view_images/P3090604.JPG,photos/side_view_images/P3090960.JPG,3.18,3.18,3.445559024810791,0.26555902481079086,0.26555902481079086
densenet121,concat_abs_diff,linear,263,68,photos/top_view_images/P3090605.JPG,photos/side_view_images/P3090961.JPG,4.24,4.24,3.639519453048706,-0.6004805469512942,0.6004805469512942
densenet121,concat_abs_diff,linear,264,69,photos/top_view_images/P3090606.JPG,photos/side_view_images/P3090962.JPG,1.06,1.06,1.3046666383743286,0.24466663837432856,0.24466663837432856
densenet121,concat_abs_diff,linear,265,69,photos/top_view_images/P3090607.JPG,photos/side_view_images/P3090963.JPG,2.12,2.12,1.8609254360198975,-0.25907456398010265,0.25907456398010265
densenet121,concat_abs_diff,linear,266,69,photos/top_view_images/P3090608.JPG,photos/side_view_images/P3090964.JPG,3.18,3.18,3.2699594497680664,0.08995944976806625,0.08995944976806625
densenet121,concat_abs_diff,linear,267,69,photos/top_view_images/P3090609.JPG,photos/side_view_images/P3090965.JPG,4.24,4.24,3.819355010986328,-0.4206449890136721,0.4206449890136721
densenet121,concat_abs_diff,linear,268,70,photos/top_view_images/P3090610.JPG,photos/side_view_images/P3090966.JPG,1.06,1.06,0.9264020919799805,-0.13359790802001958,0.13359790802001958
densenet121,concat_abs_diff,linear,269,70,photos/top_view_images/P3090612.JPG,photos/side_view_images/P3090967.JPG,2.12,2.12,2.3039040565490723,0.18390405654907216,0.18390405654907216
densenet121,concat_abs_diff,linear,270,70,photos/top_view_images/P3090613.JPG,photos/side_view_images/P3090968.JPG,3.18,3.18,2.9048476219177246,-0.27515237808227555,0.27515237808227555
densenet121,concat_abs_diff,linear,271,70,photos/top_view_images/P3090614.JPG,photos/side_view_images/P3090969.JPG,4.24,4.24,4.145205497741699,-0.094794502258301,0.094794502258301
densenet121,concat_abs_diff,linear,272,71,photos/top_view_images/P3090615.JPG,photos/side_view_images/P3090970.JPG,1.06,1.06,1.4387407302856445,0.3787407302856445,0.3787407302856445
densenet121,concat_abs_diff,linear,273,71,photos/top_view_images/P3090616.JPG,photos/side_view_images/P3090971.JPG,2.12,2.12,2.242652654647827,0.12265265464782704,0.12265265464782704
densenet121,concat_abs_diff,linear,274,71,photos/top_view_images/P3090617.JPG,photos/side_view_images/P3090972.JPG,3.18,3.18,2.9213826656341553,-0.2586173343658449,0.2586173343658449
densenet121,concat_abs_diff,linear,275,71,photos/top_view_images/P3090618.JPG,photos/side_view_images/P3090973.JPG,4.24,4.24,4.321557998657227,0.08155799865722635,0.08155799865722635
densenet121,concat_abs_diff,linear,276,72,photos/top_view_images/P3090619.JPG,photos/side_view_images/P3090974.JPG,1.06,1.06,1.6055965423583984,0.5455965423583984,0.5455965423583984
densenet121,concat_abs_diff,linear,277,72,photos/top_view_images/P3090620.JPG,photos/side_view_images/P3090975.JPG,2.12,2.12,2.0982470512390137,-0.021752948760986435,0.021752948760986435
densenet121,concat_abs_diff,linear,278,72,photos/top_view_images/P3090621.JPG,photos/side_view_images/P3090976.JPG,3.18,3.18,3.06008243560791,-0.11991756439209,0.11991756439209
densenet121,concat_abs_diff,linear,279,72,photos/top_view_images/P3090622.JPG,photos/side_view_images/P3090977.JPG,4.24,4.24,3.8727149963378906,-0.3672850036621096,0.3672850036621096
densenet121,concat_abs_diff,linear,280,73,photos/top_view_images/P3090623.JPG,photos/side_view_images/P3090978.JPG,1.06,1.06,1.6072866916656494,0.5472866916656494,0.5472866916656494
densenet121,concat_abs_diff,linear,281,73,photos/top_view_images/P3090624.JPG,photos/side_view_images/P3090979.JPG,2.12,2.12,2.250882148742676,0.13088214874267567,0.13088214874267567
densenet121,concat_abs_diff,linear,282,73,photos/top_view_images/P3090625.JPG,photos/side_view_images/P3090980.JPG,3.18,3.18,3.12052059173584,-0.059479408264160316,0.059479408264160316
densenet121,concat_abs_diff,linear,283,73,photos/top_view_images/P3090626.JPG,photos/side_view_images/P3090981.JPG,4.24,4.24,3.775648593902588,-0.4643514060974123,0.4643514060974123
densenet121,concat_abs_diff,linear,284,74,photos/top_view_images/P3090627.JPG,photos/side_view_images/P3090982.JPG,1.06,1.06,1.4192217588424683,0.3592217588424682,0.3592217588424682
densenet121,concat_abs_diff,linear,285,74,photos/top_view_images/P3090628.JPG,photos/side_view_images/P3090983.JPG,2.12,2.12,2.237947940826416,0.11794794082641591,0.11794794082641591
densenet121,concat_abs_diff,linear,286,74,photos/top_view_images/P3090629.JPG,photos/side_view_images/P3090984.JPG,3.18,3.18,2.9494709968566895,-0.2305290031433107,0.2305290031433107
densenet121,concat_abs_diff,linear,287,74,photos/top_view_images/P3090630.JPG,photos/side_view_images/P3090985.JPG,4.24,4.24,4.1411285400390625,-0.09887145996093771,0.09887145996093771
densenet121,concat_abs_diff,linear,288,75,photos/top_view_images/P3100631.JPG,photos/side_view_images/P3100986.JPG,1.06,1.06,0.8228504657745361,-0.23714953422546392,0.23714953422546392
densenet121,concat_abs_diff,linear,289,75,photos/top_view_images/P3100632.JPG,photos/side_view_images/P3100987.JPG,2.12,2.12,2.387049913406372,0.26704991340637196,0.26704991340637196
densenet121,concat_abs_diff,linear,290,75,photos/top_view_images/P3100633.JPG,photos/side_view_images/P3100988.JPG,3.18,3.18,3.584827423095703,0.40482742309570297,0.40482742309570297
densenet121,concat_abs_diff,linear,291,75,photos/top_view_images/P3100634.JPG,photos/side_view_images/P3100989.JPG,4.24,4.24,3.890758991241455,-0.34924100875854514,0.34924100875854514
densenet121,concat_abs_diff,linear,292,76,photos/top_view_images/P3100635.JPG,photos/side_view_images/P3100990.JPG,1.06,1.06,1.3038746118545532,0.24387461185455317,0.24387461185455317
densenet121,concat_abs_diff,linear,293,76,photos/top_view_images/P3100636.JPG,photos/side_view_images/P3100991.JPG,2.12,2.12,1.9766554832458496,-0.1433445167541505,0.1433445167541505
densenet121,concat_abs_diff,linear,294,76,photos/top_view_images/P3100637.JPG,photos/side_view_images/P3100992.JPG,3.18,3.18,3.5183234214782715,0.3383234214782713,0.3383234214782713
densenet121,concat_abs_diff,linear,295,76,photos/top_view_images/P3100638.JPG,photos/side_view_images/P3100993.JPG,4.24,4.24,3.823335647583008,-0.4166643524169924,0.4166643524169924
densenet121,concat_abs_diff,linear,296,77,photos/top_view_images/P3100639.JPG,photos/side_view_images/P3100994.JPG,1.06,1.06,1.340022325515747,0.280022325515747,0.280022325515747
densenet121,concat_abs_diff,linear,297,77,photos/top_view_images/P3100640.JPG,photos/side_view_images/P3100995.JPG,2.12,2.12,1.8515677452087402,-0.26843225479125987,0.26843225479125987
densenet121,concat_abs_diff,linear,298,77,photos/top_view_images/P3100641.JPG,photos/side_view_images/P3100996.JPG,3.18,3.18,3.6191232204437256,0.4391232204437254,0.4391232204437254
densenet121,concat_abs_diff,linear,299,78,photos/top_view_images/P3100643.JPG,photos/side_view_images/P3100997.JPG,1.06,1.06,1.3760204315185547,0.31602043151855463,0.31602043151855463
densenet121,concat_abs_diff,linear,300,78,photos/top_view_images/P3100644.JPG,photos/side_view_images/P3100998.JPG,2.12,2.12,1.938800573348999,-0.18119942665100108,0.18119942665100108
densenet121,concat_abs_diff,linear,301,78,photos/top_view_images/P3100645.JPG,photos/side_view_images/P3100999.JPG,3.18,3.18,3.2801480293273926,0.10014802932739242,0.10014802932739242
densenet121,concat_abs_diff,linear,302,78,photos/top_view_images/P3100646.JPG,photos/side_view_images/P3101000.JPG,4.24,4.24,3.834519624710083,-0.4054803752899172,0.4054803752899172
densenet121,concat_abs_diff,linear,303,79,photos/top_view_images/P3100647.JPG,photos/side_view_images/P3101001.JPG,1.06,1.06,0.9587991237640381,-0.10120087623596197,0.10120087623596197
densenet121,concat_abs_diff,linear,304,79,photos/top_view_images/P3100648.JPG,photos/side_view_images/P3101002.JPG,2.12,2.12,2.251180648803711,0.13118064880371083,0.13118064880371083
densenet121,concat_abs_diff,linear,305,79,photos/top_view_images/P3100649.JPG,photos/side_view_images/P3101003.JPG,3.18,3.18,3.5199899673461914,0.33998996734619125,0.33998996734619125
densenet121,concat_abs_diff,linear,306,80,photos/top_view_images/P3100650.JPG,photos/side_view_images/P3101004.JPG,1.06,1.06,0.9292137622833252,-0.13078623771667486,0.13078623771667486
densenet121,concat_abs_diff,linear,307,80,photos/top_view_images/P3100651.JPG,photos/side_view_images/P3101005.JPG,2.12,2.12,2.4321019649505615,0.3121019649505614,0.3121019649505614
densenet121,concat_abs_diff,linear,308,80,photos/top_view_images/P3100652.JPG,photos/side_view_images/P3101006.JPG,3.18,3.18,3.8981423377990723,0.7181423377990721,0.7181423377990721
densenet121,concat_abs_diff,linear,309,80,photos/top_view_images/P3100653.JPG,photos/side_view_images/P3101007.JPG,4.24,4.24,3.834127902984619,-0.4058720970153811,0.4058720970153811
densenet121,concat_abs_diff,linear,310,81,photos/top_view_images/P3100654.JPG,photos/side_view_images/P3101008.JPG,1.06,1.06,0.6528921127319336,-0.40710788726806646,0.40710788726806646
densenet121,concat_abs_diff,linear,311,81,photos/top_view_images/P3100655.JPG,photos/side_view_images/P3101009.JPG,2.12,2.12,2.2009363174438477,0.08093631744384755,0.08093631744384755
densenet121,concat_abs_diff,linear,312,81,photos/top_view_images/P3100656.JPG,photos/side_view_images/P3101010.JPG,3.18,3.18,3.4148006439208984,0.23480064392089828,0.23480064392089828
densenet121,concat_abs_diff,linear,313,81,photos/top_view_images/P3100657.JPG,photos/side_view_images/P3101011.JPG,4.24,4.24,3.9342081546783447,-0.3057918453216555,0.3057918453216555
densenet121,concat_abs_diff,linear,314,82,photos/top_view_images/P3120658.JPG,photos/side_view_images/P3121012.JPG,1.06,1.06,1.433875322341919,0.3738753223419189,0.3738753223419189
densenet121,concat_abs_diff,linear,315,82,photos/top_view_images/P3120659.JPG,photos/side_view_images/P3121013.JPG,2.12,2.12,2.5014796257019043,0.3814796257019042,0.3814796257019042
densenet121,concat_abs_diff,linear,316,82,photos/top_view_images/P3120660.JPG,photos/side_view_images/P3121014.JPG,3.18,3.18,3.3411412239074707,0.16114122390747054,0.16114122390747054
densenet121,concat_abs_diff,linear,317,82,photos/top_view_images/P3120661.JPG,photos/side_view_images/P3121015.JPG,4.24,4.24,3.806748390197754,-0.4332516098022463,0.4332516098022463
densenet121,concat_abs_diff,linear,318,83,photos/top_view_images/P3120662.JPG,photos/side_view_images/P3121016.JPG,1.06,1.06,1.3793929815292358,0.3193929815292358,0.3193929815292358
densenet121,concat_abs_diff,linear,319,83,photos/top_view_images/P3120663.JPG,photos/side_view_images/P3121017.JPG,2.12,2.12,2.264679431915283,0.1446794319152831,0.1446794319152831
densenet121,concat_abs_diff,linear,320,83,photos/top_view_images/P3120664.JPG,photos/side_view_images/P3121018.JPG,3.18,3.18,3.5587830543518066,0.3787830543518065,0.3787830543518065
densenet121,concat_abs_diff,linear,321,83,photos/top_view_images/P3120665.JPG,photos/side_view_images/P3121019.JPG,4.24,4.24,4.074251174926758,-0.1657488250732424,0.1657488250732424
densenet121,concat_abs_diff,linear,322,84,photos/top_view_images/P3120666.JPG,photos/side_view_images/P3121020.JPG,1.06,1.06,1.3065478801727295,0.24654788017272944,0.24654788017272944
densenet121,concat_abs_diff,linear,323,84,photos/top_view_images/P3120667.JPG,photos/side_view_images/P3121021.JPG,2.12,2.12,2.5165367126464844,0.39653671264648427,0.39653671264648427
densenet121,concat_abs_diff,linear,324,84,photos/top_view_images/P3120668.JPG,photos/side_view_images/P3121022.JPG,3.18,3.18,3.35467529296875,0.17467529296874984,0.17467529296874984
densenet121,concat_abs_diff,linear,325,84,photos/top_view_images/P3120669.JPG,photos/side_view_images/P3121023.JPG,4.24,4.24,3.9251532554626465,-0.31484674453735373,0.31484674453735373
densenet121,concat_abs_diff,linear,326,85,photos/top_view_images/P3120670.JPG,photos/side_view_images/P3121024.JPG,1.06,1.06,1.361743450164795,0.30174345016479487,0.30174345016479487
densenet121,concat_abs_diff,linear,327,85,photos/top_view_images/P3120671.JPG,photos/side_view_images/P3121025.JPG,2.12,2.12,2.4384114742279053,0.31841147422790517,0.31841147422790517
densenet121,concat_abs_diff,linear,328,85,photos/top_view_images/P3120672.JPG,photos/side_view_images/P3121026.JPG,3.18,3.18,3.6831717491149902,0.5031717491149901,0.5031717491149901
densenet121,concat_abs_diff,linear,329,85,photos/top_view_images/P3120673.JPG,photos/side_view_images/P3121027.JPG,4.24,4.24,3.2557618618011475,-0.9842381381988528,0.9842381381988528
densenet121,concat_abs_diff,linear,330,86,photos/top_view_images/P3120674.JPG,photos/side_view_images/P3121028.JPG,1.06,1.06,1.320953369140625,0.26095336914062495,0.26095336914062495
densenet121,concat_abs_diff,linear,331,86,photos/top_view_images/P3120675.JPG,photos/side_view_images/P3121029.JPG,2.12,2.12,1.935402274131775,-0.1845977258682252,0.1845977258682252
densenet121,concat_abs_diff,linear,332,86,photos/top_view_images/P3120676.JPG,photos/side_view_images/P3121030.JPG,3.18,3.18,2.95192551612854,-0.22807448387146012,0.22807448387146012
densenet121,concat_abs_diff,linear,333,86,photos/top_view_images/P3120677.JPG,photos/side_view_images/P3121031.JPG,4.24,4.24,3.220432758331299,-1.0195672416687014,1.0195672416687014
densenet121,concat_abs_diff,linear,334,87,photos/top_view_images/P3120678.JPG,photos/side_view_images/P3121032.JPG,1.06,1.06,1.3742125034332275,0.3142125034332275,0.3142125034332275
densenet121,concat_abs_diff,linear,335,87,photos/top_view_images/P3120679.JPG,photos/side_view_images/P3121033.JPG,2.12,2.12,2.133024215698242,0.013024215698242081,0.013024215698242081
densenet121,concat_abs_diff,linear,336,87,photos/top_view_images/P3120680.JPG,photos/side_view_images/P3121034.JPG,3.18,3.18,3.707353115081787,0.527353115081787,0.527353115081787
densenet121,concat_abs_diff,linear,337,87,photos/top_view_images/P3120681.JPG,photos/side_view_images/P3121035.JPG,4.24,4.24,3.7928686141967773,-0.44713138580322287,0.44713138580322287
densenet121,concat_abs_diff,linear,338,88,photos/top_view_images/P3120682.JPG,photos/side_view_images/P3121036.JPG,1.06,1.06,1.5053375959396362,0.4453375959396362,0.4453375959396362
densenet121,concat_abs_diff,linear,339,88,photos/top_view_images/P3120683.JPG,photos/side_view_images/P3121037.JPG,2.12,2.12,1.7966866493225098,-0.32331335067749034,0.32331335067749034
densenet121,concat_abs_diff,linear,340,88,photos/top_view_images/P3120684.JPG,photos/side_view_images/P3121038.JPG,3.18,3.18,3.250398874282837,0.07039887428283675,0.07039887428283675
densenet121,concat_abs_diff,linear,341,88,photos/top_view_images/P3120685.JPG,photos/side_view_images/P3121039.JPG,4.24,4.24,3.777186393737793,-0.46281360626220724,0.46281360626220724
densenet121,concat_abs_diff,linear,342,89,photos/top_view_images/P3120686.JPG,photos/side_view_images/P3121040.JPG,1.06,1.06,1.5358470678329468,0.4758470678329467,0.4758470678329467
densenet121,concat_abs_diff,linear,343,89,photos/top_view_images/P3120687.JPG,photos/side_view_images/P3121041.JPG,2.12,2.12,1.9036214351654053,-0.21637856483459483,0.21637856483459483
densenet121,concat_abs_diff,linear,344,89,photos/top_view_images/P3120688.JPG,photos/side_view_images/P3121042.JPG,3.18,3.18,3.4954748153686523,0.3154748153686522,0.3154748153686522
densenet121,concat_abs_diff,linear,345,89,photos/top_view_images/P3120689.JPG,photos/side_view_images/P3121043.JPG,4.24,4.24,3.8162713050842285,-0.4237286949157717,0.4237286949157717
densenet121,concat_abs_diff,linear,346,90,photos/top_view_images/P3120690.JPG,photos/side_view_images/P3121044.JPG,1.06,1.06,1.383172869682312,0.32317286968231196,0.32317286968231196
densenet121,concat_abs_diff,linear,347,90,photos/top_view_images/P3120691.JPG,photos/side_view_images/P3121045.JPG,2.12,2.12,2.059927463531494,-0.060072536468505966,0.060072536468505966
densenet121,concat_abs_diff,linear,348,90,photos/top_view_images/P3120692.JPG,photos/side_view_images/P3121046.JPG,3.18,3.18,3.298743486404419,0.11874348640441879,0.11874348640441879
densenet121,concat_abs_diff,linear,349,90,photos/top_view_images/P3120693.JPG,photos/side_view_images/P3121047.JPG,4.24,4.24,3.86417555809021,-0.37582444190979025,0.37582444190979025
densenet121,concat_abs_diff,linear,350,91,photos/top_view_images/P3120694.JPG,photos/side_view_images/P3121048.JPG,1.06,1.06,1.4745819568634033,0.41458195686340327,0.41458195686340327
densenet121,concat_abs_diff,linear,351,91,photos/top_view_images/P3120695.JPG,photos/side_view_images/P3121049.JPG,2.12,2.12,1.3964635133743286,-0.7235364866256715,0.7235364866256715
densenet121,concat_abs_diff,linear,352,91,photos/top_view_images/P3120696.JPG,photos/side_view_images/P3121050.JPG,3.18,3.18,3.3467280864715576,0.16672808647155746,0.16672808647155746
densenet121,concat_abs_diff,linear,353,91,photos/top_view_images/P3120697.JPG,photos/side_view_images/P3121051.JPG,4.24,4.24,3.652012825012207,-0.5879871749877932,0.5879871749877932
densenet121,concat_abs_diff,linear,354,92,photos/top_view_images/P3120698.JPG,photos/side_view_images/P3121052.JPG,1.06,1.06,1.5815556049346924,0.5215556049346923,0.5215556049346923
densenet121,concat_abs_diff,linear,355,92,photos/top_view_images/P3120699.JPG,photos/side_view_images/P3121053.JPG,2.12,2.12,2.416344165802002,0.29634416580200185,0.29634416580200185
densenet121,concat_abs_diff,linear,356,92,photos/top_view_images/P3120700.JPG,photos/side_view_images/P3121054.JPG,3.18,3.18,3.2700235843658447,0.09002358436584457,0.09002358436584457
densenet121,concat_abs_diff,linear,357,92,photos/top_view_images/P3120701.JPG,photos/side_view_images/P3121055.JPG,4.24,4.24,4.001776695251465,-0.23822330474853537,0.23822330474853537
densenet121,concat_abs_diff,linear,358,93,photos/top_view_images/P3120702.JPG,photos/side_view_images/P3121056.JPG,1.06,1.06,1.7525792121887207,0.6925792121887206,0.6925792121887206
densenet121,concat_abs_diff,linear,359,93,photos/top_view_images/P3120703.JPG,photos/side_view_images/P3121057.JPG,2.12,2.12,2.0757715702056885,-0.04422842979431163,0.04422842979431163
densenet121,concat_abs_diff,linear,360,93,photos/top_view_images/P3120704.JPG,photos/side_view_images/P3121058.JPG,3.18,3.18,3.1380982398986816,-0.04190176010131852,0.04190176010131852
densenet121,concat_abs_diff,linear,361,93,photos/top_view_images/P3120705.JPG,photos/side_view_images/P3121059.JPG,4.24,4.24,3.8863935470581055,-0.35360645294189474,0.35360645294189474
densenet121,concat_abs_diff,linear,362,94,photos/top_view_images/P3120706.JPG,photos/side_view_images/P3121060.JPG,1.06,1.06,1.669930100440979,0.609930100440979,0.609930100440979
densenet121,concat_abs_diff,linear,363,94,photos/top_view_images/P3120707.JPG,photos/side_view_images/P3121061.JPG,2.12,2.12,1.8685071468353271,-0.25149285316467296,0.25149285316467296
densenet121,concat_abs_diff,linear,364,94,photos/top_view_images/P3120708.JPG,photos/side_view_images/P3121062.JPG,3.18,3.18,3.22406005859375,0.04406005859374984,0.04406005859374984
densenet121,concat_abs_diff,linear,365,94,photos/top_view_images/P3120709.JPG,photos/side_view_images/P3121063.JPG,4.24,4.24,3.7748875617980957,-0.4651124382019045,0.4651124382019045
densenet121,concat_abs_diff,linear,366,95,photos/top_view_images/P3120710.JPG,photos/side_view_images/P3121064.JPG,1.06,1.06,1.4059898853302002,0.34598988533020014,0.34598988533020014
densenet121,concat_abs_diff,linear,367,95,photos/top_view_images/P3120711.JPG,photos/side_view_images/P3121065.JPG,2.12,2.12,2.0920305252075195,-0.027969474792480575,0.027969474792480575
densenet121,concat_abs_diff,linear,368,95,photos/top_view_images/P3120712.JPG,photos/side_view_images/P3121066.JPG,3.18,3.18,3.396474599838257,0.21647459983825668,0.21647459983825668
densenet121,concat_abs_diff,linear,369,95,photos/top_view_images/P3120713.JPG,photos/side_view_images/P3121067.JPG,4.24,4.24,4.203825950622559,-0.03617404937744162,0.03617404937744162
densenet121,concat_abs_diff,linear,370,96,photos/top_view_images/P3130714.JPG,photos/side_view_images/P3131068.JPG,1.06,1.06,1.5508828163146973,0.4908828163146972,0.4908828163146972
densenet121,concat_abs_diff,linear,371,96,photos/top_view_images/P3130715.JPG,photos/side_view_images/P3131069.JPG,2.12,2.12,2.047722101211548,-0.07227789878845226,0.07227789878845226
densenet121,concat_abs_diff,linear,372,96,photos/top_view_images/P3130716.JPG,photos/side_view_images/P3131070.JPG,3.18,3.18,3.191054344177246,0.011054344177245934,0.011054344177245934
densenet121,concat_abs_diff,linear,373,96,photos/top_view_images/P3130717.JPG,photos/side_view_images/P3131071.JPG,4.24,4.24,4.356842041015625,0.11684204101562479,0.11684204101562479
densenet121,concat_abs_diff,linear,374,97,photos/top_view_images/P3130718.JPG,photos/side_view_images/P3131072.JPG,1.06,1.06,1.4366047382354736,0.3766047382354736,0.3766047382354736
densenet121,concat_abs_diff,linear,375,97,photos/top_view_images/P3130719.JPG,photos/side_view_images/P3131073.JPG,2.12,2.12,2.119567394256592,-0.0004326057434083097,0.0004326057434083097
densenet121,concat_abs_diff,linear,376,97,photos/top_view_images/P3130720.JPG,photos/side_view_images/P3131074.JPG,3.18,3.18,3.743424892425537,0.563424892425537,0.563424892425537
densenet121,concat_abs_diff,linear,377,97,photos/top_view_images/P3130721.JPG,photos/side_view_images/P3131075.JPG,4.24,4.24,3.7027428150177,-0.5372571849823,0.5372571849823
densenet121,concat_abs_diff,linear,378,98,photos/top_view_images/P3130722.JPG,photos/side_view_images/P3131076.JPG,1.06,1.06,1.3261520862579346,0.2661520862579345,0.2661520862579345
densenet121,concat_abs_diff,linear,379,98,photos/top_view_images/P3130723.JPG,photos/side_view_images/P3131077.JPG,2.12,2.12,2.050389289855957,-0.06961071014404308,0.06961071014404308
densenet121,concat_abs_diff,linear,380,98,photos/top_view_images/P3130724.JPG,photos/side_view_images/P3131078.JPG,3.18,3.18,2.739260673522949,-0.44073932647705094,0.44073932647705094
densenet121,concat_abs_diff,linear,381,98,photos/top_view_images/P3130725.JPG,photos/side_view_images/P3131079.JPG,4.24,4.24,3.6946053504943848,-0.5453946495056154,0.5453946495056154
densenet121,concat_abs_diff,linear,382,99,photos/top_view_images/P3130726.JPG,photos/side_view_images/P3131080.JPG,1.06,1.06,1.4514572620391846,0.3914572620391845,0.3914572620391845
densenet121,concat_abs_diff,linear,383,99,photos/top_view_images/P3130727.JPG,photos/side_view_images/P3131081.JPG,2.12,2.12,2.181333065032959,0.06133306503295888,0.06133306503295888
densenet121,concat_abs_diff,linear,384,99,photos/top_view_images/P3130728.JPG,photos/side_view_images/P3131082.JPG,3.18,3.18,3.164729595184326,-0.015270404815673988,0.015270404815673988
densenet121,concat_abs_diff,linear,385,99,photos/top_view_images/P3130729.JPG,photos/side_view_images/P3131083.JPG,4.24,4.24,3.8744378089904785,-0.3655621910095217,0.3655621910095217
densenet121,concat_abs_diff,linear,386,100,photos/top_view_images/P3130730.JPG,photos/side_view_images/P3131084.JPG,1.06,1.06,0.6458582878112793,-0.41414171218872076,0.41414171218872076
densenet121,concat_abs_diff,linear,387,100,photos/top_view_images/P3130731.JPG,photos/side_view_images/P3131085.JPG,2.12,2.12,2.1387133598327637,0.018713359832763565,0.018713359832763565
densenet121,concat_abs_diff,linear,388,100,photos/top_view_images/P3130732.JPG,photos/side_view_images/P3131086.JPG,3.18,3.18,3.417785406112671,0.23778540611267074,0.23778540611267074
densenet121,concat_abs_diff,linear,389,100,photos/top_view_images/P3130733.JPG,photos/side_view_images/P3131087.JPG,4.24,4.24,3.6955835819244385,-0.5444164180755617,0.5444164180755617
densenet121,concat_abs_diff,linear,390,101,photos/top_view_images/P3130734.JPG,photos/side_view_images/P3131088.JPG,1.06,1.06,0.9769809246063232,-0.08301907539367681,0.08301907539367681
densenet121,concat_abs_diff,linear,391,101,photos/top_view_images/P3130735.JPG,photos/side_view_images/P3131089.JPG,2.12,2.12,2.216179847717285,0.09617984771728505,0.09617984771728505
densenet121,concat_abs_diff,linear,392,101,photos/top_view_images/P3130736.JPG,photos/side_view_images/P3131090.JPG,3.18,3.18,3.2181546688079834,0.03815466880798324,0.03815466880798324
densenet121,concat_abs_diff,linear,393,102,photos/top_view_images/P3130737.JPG,photos/side_view_images/P3131091.JPG,1.06,1.06,1.384972333908081,0.324972333908081,0.324972333908081
densenet121,concat_abs_diff,linear,394,102,photos/top_view_images/P3130738.JPG,photos/side_view_images/P3131092.JPG,2.12,2.12,2.0646376609802246,-0.0553623390197755,0.0553623390197755
densenet121,concat_abs_diff,linear,395,102,photos/top_view_images/P3130739.JPG,photos/side_view_images/P3131093.JPG,3.18,3.18,3.080179452896118,-0.099820547103882,0.099820547103882
densenet121,concat_abs_diff,linear,396,102,photos/top_view_images/P3130740.JPG,photos/side_view_images/P3131094.JPG,4.24,4.24,3.702374219894409,-0.537625780105591,0.537625780105591
densenet121,concat_abs_diff,linear,397,103,photos/top_view_images/P3130741.JPG,photos/side_view_images/P3131095.JPG,1.06,1.06,1.389985203742981,0.3299852037429809,0.3299852037429809
densenet121,concat_abs_diff,linear,398,103,photos/top_view_images/P3130742.JPG,photos/side_view_images/P3131096.JPG,2.12,2.12,1.6198279857635498,-0.5001720142364503,0.5001720142364503
densenet121,concat_abs_diff,linear,399,103,photos/top_view_images/P3130743.JPG,photos/side_view_images/P3131097.JPG,3.18,3.18,3.175372838973999,-0.0046271610260011364,0.0046271610260011364
densenet121,concat_abs_diff,linear,400,103,photos/top_view_images/P3130744.JPG,photos/side_view_images/P3131098.JPG,4.24,4.24,4.120764255523682,-0.11923574447631857,0.11923574447631857
densenet121,concat_abs_diff,linear,401,104,photos/top_view_images/P3130745.JPG,photos/side_view_images/P3131099.JPG,1.06,1.06,0.7460207939147949,-0.31397920608520513,0.31397920608520513
densenet121,concat_abs_diff,linear,402,104,photos/top_view_images/P3130746.JPG,photos/side_view_images/P3131100.JPG,2.12,2.12,2.0924787521362305,-0.027521247863769638,0.027521247863769638
densenet121,concat_abs_diff,linear,403,104,photos/top_view_images/P3130747.JPG,photos/side_view_images/P3131101.JPG,3.18,3.18,3.245668411254883,0.06566841125488265,0.06566841125488265
densenet121,concat_abs_diff,linear,404,104,photos/top_view_images/P3130748.JPG,photos/side_view_images/P3131102.JPG,4.24,4.24,3.634016990661621,-0.6059830093383791,0.6059830093383791
densenet121,concat_abs_diff,linear,405,105,photos/top_view_images/P3130749.JPG,photos/side_view_images/P3131103.JPG,1.06,1.06,1.3035531044006348,0.2435531044006347,0.2435531044006347
densenet121,concat_abs_diff,linear,406,105,photos/top_view_images/P3130750.JPG,photos/side_view_images/P3131104.JPG,2.12,2.12,2.3883275985717773,0.26832759857177724,0.26832759857177724
densenet121,concat_abs_diff,linear,407,105,photos/top_view_images/P3130751.JPG,photos/side_view_images/P3131105.JPG,3.18,3.18,3.276618242263794,0.09661824226379379,0.09661824226379379
densenet121,concat_abs_diff,linear,408,105,photos/top_view_images/P3130752.JPG,photos/side_view_images/P3131106.JPG,4.24,4.24,3.8575351238250732,-0.38246487617492697,0.38246487617492697
densenet121,concat_abs_diff,linear,409,106,photos/top_view_images/P3130753.JPG,photos/side_view_images/P3131107.JPG,1.06,1.06,1.0610053539276123,0.0010053539276122514,0.0010053539276122514
densenet121,concat_abs_diff,linear,410,106,photos/top_view_images/P3130754.JPG,photos/side_view_images/P3131108.JPG,2.12,2.12,2.3970282077789307,0.27702820777893056,0.27702820777893056
densenet121,concat_abs_diff,linear,411,106,photos/top_view_images/P3130755.JPG,photos/side_view_images/P3131109.JPG,3.18,3.18,2.9191317558288574,-0.26086824417114274,0.26086824417114274
densenet121,concat_abs_diff,linear,412,106,photos/top_view_images/P3130756.JPG,photos/side_view_images/P3131110.JPG,4.24,4.24,4.192154407501221,-0.04784559249877951,0.04784559249877951
densenet121,concat_abs_diff,linear,413,107,photos/top_view_images/P3130757.JPG,photos/side_view_images/P3131111.JPG,1.06,1.06,1.2945330142974854,0.2345330142974853,0.2345330142974853
densenet121,concat_abs_diff,linear,414,107,photos/top_view_images/P3130758.JPG,photos/side_view_images/P3131112.JPG,2.12,2.12,2.140702247619629,0.0207022476196288,0.0207022476196288
densenet121,concat_abs_diff,linear,415,107,photos/top_view_images/P3130759.JPG,photos/side_view_images/P3131113.JPG,3.18,3.18,3.5115652084350586,0.33156520843505843,0.33156520843505843
densenet121,concat_abs_diff,linear,416,107,photos/top_view_images/P3130760.JPG,photos/side_view_images/P3131114.JPG,4.24,4.24,3.823822498321533,-0.416177501678467,0.416177501678467
densenet121,concat_abs_diff,linear,417,108,photos/top_view_images/P2090065.JPG,photos/side_view_images/P2090150.JPG,0.0,0.0,0.6284418106079102,0.6284418106079102,0.6284418106079102
densenet121,concat_abs_diff,linear,418,109,photos/top_view_images/P2160216.JPG,photos/side_view_images/P2160516.JPG,0.0,0.0,0.6191856861114502,0.6191856861114502,0.6191856861114502
densenet121,concat_abs_diff,linear,419,110,photos/top_view_images/P3100642.JPG,photos/side_view_images/P2020002.JPG,0.0,0.0,0.5336270332336426,0.5336270332336426,0.5336270332336426
densenet121,concat_abs_diff,ridge,0,1,photos/top_view_images/P2260331.JPG,photos/side_view_images/P2260685.JPG,1.06,1.06,1.287013292312622,0.22701329231262202,0.22701329231262202
densenet121,concat_abs_diff,ridge,1,1,photos/top_view_images/P2260332.JPG,photos/side_view_images/P2260686.JPG,2.12,2.12,2.2933294773101807,0.17332947731018056,0.17332947731018056
densenet121,concat_abs_diff,ridge,2,1,photos/top_view_images/P2260333.JPG,photos/side_view_images/P2260687.JPG,3.18,3.18,3.300175905227661,0.12017590522766097,0.12017590522766097
densenet121,concat_abs_diff,ridge,3,1,photos/top_view_images/P2260334.JPG,photos/side_view_images/P2260688.JPG,4.24,4.24,3.7508044242858887,-0.48919557571411154,0.48919557571411154
densenet121,concat_abs_diff,ridge,4,2,photos/top_view_images/P2260335.JPG,photos/side_view_images/P2260689.JPG,1.06,1.06,1.049036979675293,-0.010963020324707085,0.010963020324707085
densenet121,concat_abs_diff,ridge,5,2,photos/top_view_images/P2260336.JPG,photos/side_view_images/P2260690.JPG,2.12,2.12,2.088383674621582,-0.031616325378418075,0.031616325378418075
densenet121,concat_abs_diff,ridge,6,2,photos/top_view_images/P2260337.JPG,photos/side_view_images/P2260692.JPG,3.18,3.18,3.4833531379699707,0.30335313796997054,0.30335313796997054
densenet121,concat_abs_diff,ridge,7,2,photos/top_view_images/P2260339.JPG,photos/side_view_images/P2260693.JPG,4.24,4.24,3.802778959274292,-0.4372210407257082,0.4372210407257082
densenet121,concat_abs_diff,ridge,8,3,photos/top_view_images/P2260340.JPG,photos/side_view_images/P2260694.JPG,1.06,1.06,1.0372951030731201,-0.022704896926879936,0.022704896926879936
densenet121,concat_abs_diff,ridge,9,3,photos/top_view_images/P2260341.JPG,photos/side_view_images/P2260695.JPG,2.12,2.12,2.2751991748809814,0.15519917488098134,0.15519917488098134
densenet121,concat_abs_diff,ridge,10,3,photos/top_view_images/P2260342.JPG,photos/side_view_images/P2260696.JPG,3.18,3.18,3.031919240951538,-0.14808075904846207,0.14808075904846207
densenet121,concat_abs_diff,ridge,11,3,photos/top_view_images/P2260343.JPG,photos/side_view_images/P2260697.JPG,4.24,4.24,4.046209812164307,-0.19379018783569357,0.19379018783569357
densenet121,concat_abs_diff,ridge,12,4,photos/top_view_images/P2260345.JPG,photos/side_view_images/P2260699.JPG,1.06,1.06,1.034020185470581,-0.025979814529419,0.025979814529419
densenet121,concat_abs_diff,ridge,13,4,photos/top_view_images/P2260346.JPG,photos/side_view_images/P2260700.JPG,2.12,2.12,1.9616694450378418,-0.1583305549621583,0.1583305549621583
densenet121,concat_abs_diff,ridge,14,4,photos/top_view_images/P2260347.JPG,photos/side_view_images/P2260701.JPG,3.18,3.18,2.996410608291626,-0.18358939170837418,0.18358939170837418
densenet121,concat_abs_diff,ridge,15,4,photos/top_view_images/P2260348.JPG,photos/side_view_images/P2260702.JPG,4.24,4.24,3.795614004135132,-0.4443859958648684,0.4443859958648684
densenet121,concat_abs_diff,ridge,16,5,photos/top_view_images/P2260349.JPG,photos/side_view_images/P2260703.JPG,1.06,1.06,1.4025700092315674,0.34257000923156733,0.34257000923156733
densenet121,concat_abs_diff,ridge,17,5,photos/top_view_images/P2260350.JPG,photos/side_view_images/P2260704.JPG,2.12,2.12,1.655320167541504,-0.4646798324584962,0.4646798324584962
densenet121,concat_abs_diff,ridge,18,5,photos/top_view_images/P2260351.JPG,photos/side_view_images/P2260705.JPG,3.18,3.18,3.4246973991394043,0.24469739913940414,0.24469739913940414
densenet121,concat_abs_diff,ridge,19,5,photos/top_view_images/P2260352.JPG,photos/side_view_images/P2260706.JPG,4.24,4.24,4.195143699645996,-0.04485630035400412,0.04485630035400412
densenet121,concat_abs_diff,ridge,20,6,photos/top_view_images/P2270353.JPG,photos/side_view_images/P2270707.JPG,1.06,1.06,1.3748854398727417,0.31488543987274165,0.31488543987274165
densenet121,concat_abs_diff,ridge,21,6,photos/top_view_images/P2270354.JPG,photos/side_view_images/P2270708.JPG,2.12,2.12,2.2394237518310547,0.11942375183105458,0.11942375183105458
densenet121,concat_abs_diff,ridge,22,6,photos/top_view_images/P2270355.JPG,photos/side_view_images/P2270709.JPG,3.18,3.18,3.2563371658325195,0.07633716583251937,0.07633716583251937
densenet121,concat_abs_diff,ridge,23,6,photos/top_view_images/P2270356.JPG,photos/side_view_images/P2270710.JPG,4.24,4.24,4.109292984008789,-0.13070701599121115,0.13070701599121115
densenet121,concat_abs_diff,ridge,24,7,photos/top_view_images/P2270357.JPG,photos/side_view_images/P2270712.JPG,1.06,1.06,0.8891987800598145,-0.1708012199401856,0.1708012199401856
densenet121,concat_abs_diff,ridge,25,7,photos/top_view_images/P2270358.JPG,photos/side_view_images/P2270713.JPG,2.12,2.12,2.742731809616089,0.6227318096160888,0.6227318096160888
densenet121,concat_abs_diff,ridge,26,7,photos/top_view_images/P2270359.JPG,photos/side_view_images/P2270714.JPG,3.18,3.18,2.9924120903015137,-0.1875879096984865,0.1875879096984865
densenet121,concat_abs_diff,ridge,27,7,photos/top_view_images/P2270360.JPG,photos/side_view_images/P2270715.JPG,4.24,4.24,4.121579647064209,-0.11842035293579123,0.11842035293579123
densenet121,concat_abs_diff,ridge,28,8,photos/top_view_images/P2270361.JPG,photos/side_view_images/P2270716.JPG,1.06,1.06,1.0610744953155518,0.0010744953155517045,0.0010744953155517045
densenet121,concat_abs_diff,ridge,29,8,photos/top_view_images/P2270362.JPG,photos/side_view_images/P2270717.JPG,2.12,2.12,2.0035414695739746,-0.1164585304260255,0.1164585304260255
densenet121,concat_abs_diff,ridge,30,8,photos/top_view_images/P2270363.JPG,photos/side_view_images/P2270718.JPG,3.18,3.18,3.0261270999908447,-0.15387290000915543,0.15387290000915543
densenet121,concat_abs_diff,ridge,31,8,photos/top_view_images/P2270364.JPG,photos/side_view_images/P2270719.JPG,4.24,4.24,3.3183512687683105,-0.9216487312316897,0.9216487312316897
densenet121,concat_abs_diff,ridge,32,9,photos/top_view_images/P2270365.JPG,photos/side_view_images/P2270720.JPG,1.06,1.06,1.2273579835891724,0.1673579835891723,0.1673579835891723
densenet121,concat_abs_diff,ridge,33,9,photos/top_view_images/P2270366.JPG,photos/side_view_images/P2270721.JPG,2.12,2.12,2.034536838531494,-0.08546316146850597,0.08546316146850597
densenet121,concat_abs_diff,ridge,34,9,photos/top_view_images/P2270367.JPG,photos/side_view_images/P2270722.JPG,3.18,3.18,3.392406463623047,0.21240646362304672,0.21240646362304672
densenet121,concat_abs_diff,ridge,35,9,photos/top_view_images/P2270368.JPG,photos/side_view_images/P2270723.JPG,4.24,4.24,3.5759329795837402,-0.66406702041626,0.66406702041626
densenet121,concat_abs_diff,ridge,36,10,photos/top_view_images/P2270369.JPG,photos/side_view_images/P2270724.JPG,1.06,1.06,1.3300504684448242,0.27005046844482417,0.27005046844482417
densenet121,concat_abs_diff,ridge,37,10,photos/top_view_images/P2270370.JPG,photos/side_view_images/P2270725.JPG,2.12,2.12,2.094071388244629,-0.0259286117553712,0.0259286117553712
densenet121,concat_abs_diff,ridge,38,10,photos/top_view_images/P2270371.JPG,photos/side_view_images/P2270726.JPG,3.18,3.18,3.0576086044311523,-0.12239139556884782,0.12239139556884782
densenet121,concat_abs_diff,ridge,39,10,photos/top_view_images/P2270372.JPG,photos/side_view_images/P2270727.JPG,4.24,4.24,3.926267147064209,-0.31373285293579123,0.31373285293579123
densenet121,concat_abs_diff,ridge,40,11,photos/top_view_images/P2270373.JPG,photos/side_view_images/P2270728.JPG,1.06,1.06,1.2119576930999756,0.15195769309997553,0.15195769309997553
densenet121,concat_abs_diff,ridge,41,11,photos/top_view_images/P2270374.JPG,photos/side_view_images/P2270729.JPG,2.12,2.12,2.058504581451416,-0.06149541854858409,0.06149541854858409
densenet121,concat_abs_diff,ridge,42,11,photos/top_view_images/P2270375.JPG,photos/side_view_images/P2270730.JPG,3.18,3.18,3.3786587715148926,0.19865877151489242,0.19865877151489242
densenet121,concat_abs_diff,ridge,43,11,photos/top_view_images/P2270376.JPG,photos/side_view_images/P2270731.JPG,4.24,4.24,3.435858726501465,-0.8041412734985354,0.8041412734985354
densenet121,concat_abs_diff,ridge,44,12,photos/top_view_images/P2270377.JPG,photos/side_view_images/P2270732.JPG,1.06,1.06,1.2630152702331543,0.20301527023315424,0.20301527023315424
densenet121,concat_abs_diff,ridge,45,12,photos/top_view_images/P2270378.JPG,photos/side_view_images/P2270733.JPG,2.12,2.12,2.245354652404785,0.12535465240478505,0.12535465240478505
densenet121,concat_abs_diff,ridge,46,12,photos/top_view_images/P2270379.JPG,photos/side_view_images/P2270734.JPG,3.18,3.18,3.4152019023895264,0.2352019023895262,0.2352019023895262
densenet121,concat_abs_diff,ridge,47,12,photos/top_view_images/P2270381.JPG,photos/side_view_images/P2270736.JPG,4.24,4.24,3.97377347946167,-0.2662265205383303,0.2662265205383303
densenet121,concat_abs_diff,ridge,48,13,photos/top_view_images/P2270383.JPG,photos/side_view_images/P2270737.JPG,1.06,1.06,1.2455244064331055,0.18552440643310542,0.18552440643310542
densenet121,concat_abs_diff,ridge,49,13,photos/top_view_images/P2270384.JPG,photos/side_view_images/P2270738.JPG,2.12,2.12,1.9822561740875244,-0.1377438259124757,0.1377438259124757
densenet121,concat_abs_diff,ridge,50,13,photos/top_view_images/P2270385.JPG,photos/side_view_images/P2270739.JPG,3.18,3.18,2.7908663749694824,-0.38913362503051774,0.38913362503051774
densenet121,concat_abs_diff,ridge,51,14,photos/top_view_images/P3020386.JPG,photos/side_view_images/P3020741.JPG,1.06,1.06,1.2200751304626465,0.16007513046264643,0.16007513046264643
densenet121,concat_abs_diff,ridge,52,14,photos/top_view_images/P3020387.JPG,photos/side_view_images/P3020742.JPG,2.12,2.12,1.9475921392440796,-0.17240786075592052,0.17240786075592052
densenet121,concat_abs_diff,ridge,53,14,photos/top_view_images/P3020388.JPG,photos/side_view_images/P3020743.JPG,3.18,3.18,3.297060251235962,0.11706025123596175,0.11706025123596175
densenet121,concat_abs_diff,ridge,54,14,photos/top_view_images/P3020389.JPG,photos/side_view_images/P3020744.JPG,4.24,4.24,3.9567418098449707,-0.2832581901550295,0.2832581901550295
densenet121,concat_abs_diff,ridge,55,15,photos/top_view_images/P3020390.JPG,photos/side_view_images/P3020745.JPG,1.06,1.06,1.4005935192108154,0.3405935192108154,0.3405935192108154
densenet121,concat_abs_diff,ridge,56,15,photos/top_view_images/P3020391.JPG,photos/side_view_images/P3020746.JPG,2.12,2.12,2.3921382427215576,0.2721382427215575,0.2721382427215575
densenet121,concat_abs_diff,ridge,57,15,photos/top_view_images/P3020392.JPG,photos/side_view_images/P3020747.JPG,3.18,3.18,3.4339582920074463,0.25395829200744613,0.25395829200744613
densenet121,concat_abs_diff,ridge,58,15,photos/top_view_images/P3020393.JPG,photos/side_view_images/P3020748.JPG,4.24,4.24,3.5302672386169434,-0.7097327613830569,0.7097327613830569
densenet121,concat_abs_diff,ridge,59,16,photos/top_view_images/P3020394.JPG,photos/side_view_images/P3020749.JPG,1.06,1.06,0.9336440563201904,-0.12635594367980962,0.12635594367980962
densenet121,concat_abs_diff,ridge,60,16,photos/top_view_images/P3020395.JPG,photos/side_view_images/P3020750.JPG,2.12,2.12,2.2571167945861816,0.13711679458618153,0.13711679458618153
densenet121,concat_abs_diff,ridge,61,16,photos/top_view_images/P3020396.JPG,photos/side_view_images/P3020751.JPG,3.18,3.18,2.477614164352417,-0.7023858356475832,0.7023858356475832
densenet121,concat_abs_diff,ridge,62,16,photos/top_view_images/P3020397.JPG,photos/side_view_images/P3020752.JPG,4.24,4.24,3.835911273956299,-0.4040887260437014,0.4040887260437014
densenet121,concat_abs_diff,ridge,63,17,photos/top_view_images/P3020398.JPG,photos/side_view_images/P3020753.JPG,1.06,1.06,0.8201789855957031,-0.23982101440429693,0.23982101440429693
densenet121,concat_abs_diff,ridge,64,17,photos/top_view_images/P3020399.JPG,photos/side_view_images/P3020754.JPG,2.12,2.12,2.067574977874756,-0.05242502212524425,0.05242502212524425
densenet121,concat_abs_diff,ridge,65,17,photos/top_view_images/P3020400.JPG,photos/side_view_images/P3020755.JPG,3.18,3.18,3.2564501762390137,0.07645017623901351,0.07645017623901351
densenet121,concat_abs_diff,ridge,66,17,photos/top_view_images/P3020401.JPG,photos/side_view_images/P3020756.JPG,4.24,4.24,4.290772438049316,0.05077243804931619,0.05077243804931619
densenet121,concat_abs_diff,ridge,67,18,photos/top_view_images/P3020402.JPG,photos/side_view_images/P3020757.JPG,1.06,1.06,1.4765816926956177,0.4165816926956176,0.4165816926956176
densenet121,concat_abs_diff,ridge,68,18,photos/top_view_images/P3020403.JPG,photos/side_view_images/P3020758.JPG,2.12,2.12,2.2137856483459473,0.09378564834594716,0.09378564834594716
densenet121,concat_abs_diff,ridge,69,18,photos/top_view_images/P3020404.JPG,photos/side_view_images/P3020759.JPG,3.18,3.18,3.071563243865967,-0.10843675613403336,0.10843675613403336
densenet121,concat_abs_diff,ridge,70,18,photos/top_view_images/P3020405.JPG,photos/side_view_images/P3020760.JPG,4.24,4.24,3.774916648864746,-0.4650833511352541,0.4650833511352541
densenet121,concat_abs_diff,ridge,71,19,photos/top_view_images/P3020406.JPG,photos/side_view_images/P3020761.JPG,1.06,1.06,1.2694530487060547,0.20945304870605463,0.20945304870605463
densenet121,concat_abs_diff,ridge,72,19,photos/top_view_images/P3020407.JPG,photos/side_view_images/P3020762.JPG,2.12,2.12,2.1798534393310547,0.05985343933105458,0.05985343933105458
densenet121,concat_abs_diff,ridge,73,19,photos/top_view_images/P3020408.JPG,photos/side_view_images/P3020763.JPG,3.18,3.18,3.292294502258301,0.11229450225830062,0.11229450225830062
densenet121,concat_abs_diff,ridge,74,19,photos/top_view_images/P3020409.JPG,photos/side_view_images/P3020764.JPG,4.24,4.24,4.075931072235107,-0.1640689277648928,0.1640689277648928
densenet121,concat_abs_diff,ridge,75,20,photos/top_view_images/P3020410.JPG,photos/side_view_images/P3020765.JPG,1.06,1.06,1.0289428234100342,-0.031057176589965874,0.031057176589965874
densenet121,concat_abs_diff,ridge,76,20,photos/top_view_images/P3020411.JPG,photos/side_view_images/P3020766.JPG,2.12,2.12,2.269914150238037,0.149914150238037,0.149914150238037
densenet121,concat_abs_diff,ridge,77,20,photos/top_view_images/P3020412.JPG,photos/side_view_images/P3020767.JPG,3.18,3.18,2.9714787006378174,-0.20852129936218278,0.20852129936218278
densenet121,concat_abs_diff,ridge,78,20,photos/top_view_images/P3020413.JPG,photos/side_view_images/P3020768.JPG,4.24,4.24,3.6905312538146973,-0.549468746185303,0.549468746185303
densenet121,concat_abs_diff,ridge,79,21,photos/top_view_images/P3020414.JPG,photos/side_view_images/P3020769.JPG,1.06,1.06,1.3606386184692383,0.30063861846923823,0.30063861846923823
densenet121,concat_abs_diff,ridge,80,21,photos/top_view_images/P3020415.JPG,photos/side_view_images/P3020770.JPG,2.12,2.12,2.6056530475616455,0.4856530475616454,0.4856530475616454
densenet121,concat_abs_diff,ridge,81,21,photos/top_view_images/P3020416.JPG,photos/side_view_images/P3020771.JPG,3.18,3.18,3.164520263671875,-0.01547973632812516,0.01547973632812516
densenet121,concat_abs_diff,ridge,82,21,photos/top_view_images/P3020417.JPG,photos/side_view_images/P3020772.JPG,4.24,4.24,3.517045497894287,-0.7229545021057131,0.7229545021057131
densenet121,concat_abs_diff,ridge,83,22,photos/top_view_images/P3020418.JPG,photos/side_view_images/P3020773.JPG,1.06,1.06,1.0393073558807373,-0.02069264411926275,0.02069264411926275
densenet121,concat_abs_diff,ridge,84,22,photos/top_view_images/P3020419.JPG,photos/side_view_images/P3020774.JPG,2.12,2.12,2.2075164318084717,0.08751643180847157,0.08751643180847157
densenet121,concat_abs_diff,ridge,85,22,photos/top_view_images/P3020420.JPG,photos/side_view_images/P3020775.JPG,3.18,3.18,3.5255534648895264,0.3455534648895262,0.3455534648895262
densenet121,concat_abs_diff,ridge,86,22,photos/top_view_images/P3020421.JPG,photos/side_view_images/P3020776.JPG,4.24,4.24,3.3079123497009277,-0.9320876502990725,0.9320876502990725
densenet121,concat_abs_diff,ridge,87,23,photos/top_view_images/P3020422.JPG,photos/side_view_images/P3020777.JPG,1.06,1.06,1.1049799919128418,0.044979991912841744,0.044979991912841744
densenet121,concat_abs_diff,ridge,88,23,photos/top_view_images/P3020423.JPG,photos/side_view_images/P3020778.JPG,2.12,2.12,2.3854312896728516,0.26543128967285146,0.26543128967285146
densenet121,concat_abs_diff,ridge,89,23,photos/top_view_images/P3020424.JPG,photos/side_view_images/P3020779.JPG,3.18,3.18,3.3821003437042236,0.20210034370422347,0.20210034370422347
densenet121,concat_abs_diff,ridge,90,23,photos/top_view_images/P3020425.JPG,photos/side_view_images/P3020780.JPG,4.24,4.24,3.653630256652832,-0.5863697433471682,0.5863697433471682
densenet121,concat_abs_diff,ridge,91,24,photos/top_view_images/P3020426.JPG,photos/side_view_images/P3020781.JPG,1.06,1.06,1.0175201892852783,-0.04247981071472173,0.04247981071472173
densenet121,concat_abs_diff,ridge,92,24,photos/top_view_images/P3020427.JPG,photos/side_view_images/P3020782.JPG,2.12,2.12,2.1567678451538086,0.03676784515380849,0.03676784515380849
densenet121,concat_abs_diff,ridge,93,24,photos/top_view_images/P3020428.JPG,photos/side_view_images/P3020783.JPG,3.18,3.18,3.473876714706421,0.29387671470642074,0.29387671470642074
densenet121,concat_abs_diff,ridge,94,24,photos/top_view_images/P3020429.JPG,photos/side_view_images/P3020784.JPG,4.24,4.24,3.8693976402282715,-0.37060235977172873,0.37060235977172873
densenet121,concat_abs_diff,ridge,95,25,photos/top_view_images/P3020430.JPG,photos/side_view_images/P3020785.JPG,1.06,1.06,1.0507597923278809,-0.009240207672119194,0.009240207672119194
densenet121,concat_abs_diff,ridge,96,25,photos/top_view_images/P3020431.JPG,photos/side_view_images/P3020786.JPG,2.12,2.12,2.2774171829223633,0.15741718292236317,0.15741718292236317
densenet121,concat_abs_diff,ridge,97,25,photos/top_view_images/P3020432.JPG,photos/side_view_images/P3020787.JPG,3.18,3.18,2.9888458251953125,-0.19115417480468766,0.19115417480468766
densenet121,concat_abs_diff,ridge,98,25,photos/top_view_images/P3020433.JPG,photos/side_view_images/P3020788.JPG,4.24,4.24,3.4258193969726562,-0.814180603027344,0.814180603027344
densenet121,concat_abs_diff,ridge,99,26,photos/top_view_images/P3020434.JPG,photos/side_view_images/P3020789.JPG,1.06,1.06,1.5174381732940674,0.45743817329406733,0.45743817329406733
densenet121,concat_abs_diff,ridge,100,26,photos/top_view_images/P3020435.JPG,photos/side_view_images/P3020790.JPG,2.12,2.12,2.4117159843444824,0.2917159843444823,0.2917159843444823
densenet121,concat_abs_diff,ridge,101,26,photos/top_view_images/P3020436.JPG,photos/side_view_images/P3020791.JPG,3.18,3.18,3.6497530937194824,0.46975309371948226,0.46975309371948226
densenet121,concat_abs_diff,ridge,102,26,photos/top_view_images/P3020437.JPG,photos/side_view_images/P3020792.JPG,4.24,4.24,4.269758224487305,0.029758224487304474,0.029758224487304474
densenet121,concat_abs_diff,ridge,103,27,photos/top_view_images/P3020438.JPG,photos/side_view_images/P3020793.JPG,1.06,1.06,0.7613813877105713,-0.29861861228942876,0.29861861228942876
densenet121,concat_abs_diff,ridge,104,27,photos/top_view_images/P3020439.JPG,photos/side_view_images/P3020794.JPG,2.12,2.12,2.2022697925567627,0.08226979255676259,0.08226979255676259
densenet121,concat_abs_diff,ridge,105,27,photos/top_view_images/P3020440.JPG,photos/side_view_images/P3020795.JPG,3.18,3.18,3.1694324016571045,-0.010567598342895668,0.010567598342895668
densenet121,concat_abs_diff,ridge,106,27,photos/top_view_images/P3020441.JPG,photos/side_view_images/P3020796.JPG,4.24,4.24,3.9051291942596436,-0.33487080574035666,0.33487080574035666
densenet121,concat_abs_diff,ridge,107,28,photos/top_view_images/P3030442.JPG,photos/side_view_images/P3030797.JPG,1.06,1.06,1.0145347118377686,-0.0454652881622315,0.0454652881622315
densenet121,concat_abs_diff,ridge,108,28,photos/top_view_images/P3030443.JPG,photos/side_view_images/P3030798.JPG,2.12,2.12,2.1964199542999268,0.07641995429992665,0.07641995429992665
densenet121,concat_abs_diff,ridge,109,28,photos/top_view_images/P3030444.JPG,photos/side_view_images/P3030799.JPG,3.18,3.18,3.1852314472198486,0.005231447219848473,0.005231447219848473
densenet121,concat_abs_diff,ridge,110,28,photos/top_view_images/P3030445.JPG,photos/side_view_images/P3030800.JPG,4.24,4.24,3.4024317264556885,-0.8375682735443117,0.8375682735443117
densenet121,concat_abs_diff,ridge,111,29,photos/top_view_images/P3030446.JPG,photos/side_view_images/P3030801.JPG,1.06,1.06,1.3108220100402832,0.25082201004028315,0.25082201004028315
densenet121,concat_abs_diff,ridge,112,29,photos/top_view_images/P3030447.JPG,photos/side_view_images/P3030802.JPG,2.12,2.12,2.0190372467041016,-0.10096275329589854,0.10096275329589854
densenet121,concat_abs_diff,ridge,113,29,photos/top_view_images/P3030448.JPG,photos/side_view_images/P3030803.JPG,3.18,3.18,3.4716858863830566,0.2916858863830565,0.2916858863830565
densenet121,concat_abs_diff,ridge,114,29,photos/top_view_images/P3030449.JPG,photos/side_view_images/P3030804.JPG,4.24,4.24,3.9757463932037354,-0.26425360679626486,0.26425360679626486
densenet121,concat_abs_diff,ridge,115,30,photos/top_view_images/P3030450.JPG,photos/side_view_images/P3030805.JPG,1.06,1.06,1.7155840396881104,0.6555840396881103,0.6555840396881103
densenet121,concat_abs_diff,ridge,116,30,photos/top_view_images/P3030451.JPG,photos/side_view_images/P3030806.JPG,2.12,2.12,2.936185598373413,0.816185598373413,0.816185598373413
densenet121,concat_abs_diff,ridge,117,30,photos/top_view_images/P3030452.JPG,photos/side_view_images/P3030807.JPG,3.18,3.18,3.2539122104644775,0.07391221046447738,0.07391221046447738
densenet121,concat_abs_diff,ridge,118,30,photos/top_view_images/P3030453.JPG,photos/side_view_images/P3030808.JPG,4.24,4.24,3.329684257507324,-0.910315742492676,0.910315742492676
densenet121,concat_abs_diff,ridge,119,31,photos/top_view_images/P3030454.JPG,photos/side_view_images/P3030809.JPG,1.06,1.06,0.9678971767425537,-0.09210282325744634,0.09210282325744634
densenet121,concat_abs_diff,ridge,120,31,photos/top_view_images/P3030455.JPG,photos/side_view_images/P3030810.JPG,2.12,2.12,1.8342041969299316,-0.28579580307006847,0.28579580307006847
densenet121,concat_abs_diff,ridge,121,31,photos/top_view_images/P3030456.JPG,photos/side_view_images/P3030811.JPG,3.18,3.18,3.304532289505005,0.12453228950500472,0.12453228950500472
densenet121,concat_abs_diff,ridge,122,31,photos/top_view_images/P3030457.JPG,photos/side_view_images/P3030812.JPG,4.24,4.24,4.088366508483887,-0.1516334915161135,0.1516334915161135
densenet121,concat_abs_diff,ridge,123,32,photos/top_view_images/P3050458.JPG,photos/side_view_images/P3050813.JPG,1.06,1.06,1.7949771881103516,0.7349771881103515,0.7349771881103515
densenet121,concat_abs_diff,ridge,124,32,photos/top_view_images/P3050459.JPG,photos/side_view_images/P3050814.JPG,2.12,2.12,2.800504207611084,0.6805042076110839,0.6805042076110839
densenet121,concat_abs_diff,ridge,125,32,photos/top_view_images/P3050460.JPG,photos/side_view_images/P3050815.JPG,3.18,3.18,3.432183265686035,0.252183265686035,0.252183265686035
densenet121,concat_abs_diff,ridge,126,32,photos/top_view_images/P3050462.JPG,photos/side_view_images/P3050817.JPG,4.24,4.24,3.5733065605163574,-0.6666934394836428,0.6666934394836428
densenet121,concat_abs_diff,ridge,127,33,photos/top_view_images/P3050463.JPG,photos/side_view_images/P3050818.JPG,1.06,1.06,0.9029858112335205,-0.15701418876647955,0.15701418876647955
densenet121,concat_abs_diff,ridge,128,33,photos/top_view_images/P3050464.JPG,photos/side_view_images/P3050819.JPG,2.12,2.12,1.6963587999343872,-0.4236412000656129,0.4236412000656129
densenet121,concat_abs_diff,ridge,129,34,photos/top_view_images/P3050467.JPG,photos/side_view_images/P3050823.JPG,1.06,1.06,1.1168625354766846,0.05686253547668452,0.05686253547668452
densenet121,concat_abs_diff,ridge,130,34,photos/top_view_images/P3050468.JPG,photos/side_view_images/P3050824.JPG,2.12,2.12,2.631518840789795,0.5115188407897948,0.5115188407897948
densenet121,concat_abs_diff,ridge,131,34,photos/top_view_images/P3050469.JPG,photos/side_view_images/P3050825.JPG,3.18,3.18,3.343930244445801,0.16393024444580062,0.16393024444580062
densenet121,concat_abs_diff,ridge,132,34,photos/top_view_images/P3050470.JPG,photos/side_view_images/P3050826.JPG,4.24,4.24,3.6091902256011963,-0.6308097743988039,0.6308097743988039
densenet121,concat_abs_diff,ridge,133,35,photos/top_view_images/P3050471.JPG,photos/side_view_images/P3050827.JPG,1.06,1.06,0.840404748916626,-0.21959525108337408,0.21959525108337408
densenet121,concat_abs_diff,ridge,134,35,photos/top_view_images/P3050472.JPG,photos/side_view_images/P3050828.JPG,2.12,2.12,1.889814853668213,-0.23018514633178722,0.23018514633178722
densenet121,concat_abs_diff,ridge,135,35,photos/top_view_images/P3050473.JPG,photos/side_view_images/P3050829.JPG,3.18,3.18,2.8994686603546143,-0.2805313396453859,0.2805313396453859
densenet121,concat_abs_diff,ridge,136,35,photos/top_view_images/P3050474.JPG,photos/side_view_images/P3050830.JPG,4.24,4.24,4.005366325378418,-0.23463367462158224,0.23463367462158224
densenet121,concat_abs_diff,ridge,137,36,photos/top_view_images/P3050475.JPG,photos/side_view_images/P3050831.JPG,1.06,1.06,1.1969925165176392,0.1369925165176391,0.1369925165176391
densenet121,concat_abs_diff,ridge,138,36,photos/top_view_images/P3050476.JPG,photos/side_view_images/P3050832.JPG,2.12,2.12,2.4036033153533936,0.28360331535339345,0.28360331535339345
densenet121,concat_abs_diff,ridge,139,36,photos/top_view_images/P3050477.JPG,photos/side_view_images/P3050833.JPG,3.18,3.18,2.9576292037963867,-0.22237079620361344,0.22237079620361344
densenet121,concat_abs_diff,ridge,140,36,photos/top_view_images/P3050478.JPG,photos/side_view_images/P3050834.JPG,4.24,4.24,3.2913718223571777,-0.9486281776428225,0.9486281776428225
densenet121,concat_abs_diff,ridge,141,37,photos/top_view_images/P3050479.JPG,photos/side_view_images/P3050835.JPG,1.06,1.06,0.8258991241455078,-0.23410087585449224,0.23410087585449224
densenet121,concat_abs_diff,ridge,142,37,photos/top_view_images/P3050480.JPG,photos/side_view_images/P3050836.JPG,2.12,2.12,2.250173568725586,0.13017356872558583,0.13017356872558583
densenet121,concat_abs_diff,ridge,143,37,photos/top_view_images/P3050481.JPG,photos/side_view_images/P3050837.JPG,3.18,3.18,2.8450663089752197,-0.33493369102478043,0.33493369102478043
densenet121,concat_abs_diff,ridge,144,37,photos/top_view_images/P3050482.JPG,photos/side_view_images/P3050838.JPG,4.24,4.24,3.738724946975708,-0.5012750530242922,0.5012750530242922
densenet121,concat_abs_diff,ridge,145,38,photos/top_view_images/P3050484.JPG,photos/side_view_images/P3050840.JPG,1.06,1.06,1.0597388744354248,-0.0002611255645752486,0.0002611255645752486
densenet121,concat_abs_diff,ridge,146,38,photos/top_view_images/P3050485.JPG,photos/side_view_images/P3050841.JPG,2.12,2.12,2.0930628776550293,-0.02693712234497081,0.02693712234497081
densenet121,concat_abs_diff,ridge,147,38,photos/top_view_images/P3050486.JPG,photos/side_view_images/P3050842.JPG,3.18,3.18,3.1717617511749268,-0.008238248825073402,0.008238248825073402
densenet121,concat_abs_diff,ridge,148,38,photos/top_view_images/P3050487.JPG,photos/side_view_images/P3050843.JPG,4.24,4.24,3.6646876335144043,-0.5753123664855959,0.5753123664855959
densenet121,concat_abs_diff,ridge,149,39,photos/top_view_images/P3050488.JPG,photos/side_view_images/P3050844.JPG,1.06,1.06,0.8046567440032959,-0.25534325599670415,0.25534325599670415
densenet121,concat_abs_diff,ridge,150,39,photos/top_view_images/P3050489.JPG,photos/side_view_images/P3050845.JPG,2.12,2.12,2.482848644256592,0.3628486442565917,0.3628486442565917
densenet121,concat_abs_diff,ridge,151,39,photos/top_view_images/P3050490.JPG,photos/side_view_images/P3050846.JPG,3.18,3.18,3.5704970359802246,0.39049703598022445,0.39049703598022445
densenet121,concat_abs_diff,ridge,152,39,photos/top_view_images/P3050491.JPG,photos/side_view_images/P3050847.JPG,4.24,4.24,3.810401439666748,-0.42959856033325217,0.42959856033325217
densenet121,concat_abs_diff,ridge,153,40,photos/top_view_images/P3050492.JPG,photos/side_view_images/P3050848.JPG,1.06,1.06,1.3634238243103027,0.3034238243103027,0.3034238243103027
densenet121,concat_abs_diff,ridge,154,40,photos/top_view_images/P3050493.JPG,photos/side_view_images/P3050849.JPG,2.12,2.12,2.07069993019104,-0.04930006980896007,0.04930006980896007
densenet121,concat_abs_diff,ridge,155,40,photos/top_view_images/P3050494.JPG,photos/side_view_images/P3050850.JPG,3.18,3.18,3.4480948448181152,0.2680948448181151,0.2680948448181151
densenet121,concat_abs_diff,ridge,156,40,photos/top_view_images/P3050495.JPG,photos/side_view_images/P3050851.JPG,4.24,4.24,3.582768201828003,-0.6572317981719973,0.6572317981719973
densenet121,concat_abs_diff,ridge,157,41,photos/top_view_images/P3050496.JPG,photos/side_view_images/P3050852.JPG,1.06,1.06,1.1675688028335571,0.10756880283355708,0.10756880283355708
densenet121,concat_abs_diff,ridge,158,41,photos/top_view_images/P3050497.JPG,photos/side_view_images/P3050853.JPG,2.12,2.12,2.2262074947357178,0.10620749473571767,0.10620749473571767
densenet121,concat_abs_diff,ridge,159,41,photos/top_view_images/P3050498.JPG,photos/side_view_images/P3050854.JPG,3.18,3.18,3.2996020317077637,0.11960203170776351,0.11960203170776351
densenet121,concat_abs_diff,ridge,160,41,photos/top_view_images/P3050499.JPG,photos/side_view_images/P3050855.JPG,4.24,4.24,3.7422235012054443,-0.4977764987945559,0.4977764987945559
densenet121,concat_abs_diff,ridge,161,42,photos/top_view_images/P3050500.JPG,photos/side_view_images/P3050857.JPG,2.12,2.12,1.6801526546478271,-0.43984734535217296,0.43984734535217296
densenet121,concat_abs_diff,ridge,162,42,photos/top_view_images/P3050501.JPG,photos/side_view_images/P3050858.JPG,3.18,3.18,3.137096405029297,-0.042903594970703285,0.042903594970703285
densenet121,concat_abs_diff,ridge,163,43,photos/top_view_images/P3060503.JPG,photos/side_view_images/P3060859.JPG,1.06,1.06,0.9490001201629639,-0.11099987983703619,0.11099987983703619
densenet121,concat_abs_diff,ridge,164,43,photos/top_view_images/P3060504.JPG,photos/side_view_images/P3060860.JPG,2.12,2.12,2.414701461791992,0.2947014617919921,0.2947014617919921
densenet121,concat_abs_diff,ridge,165,43,photos/top_view_images/P3060505.JPG,photos/side_view_images/P3060861.JPG,3.18,3.18,3.439404010772705,0.2594040107727049,0.2594040107727049
densenet121,concat_abs_diff,ridge,166,43,photos/top_view_images/P3060506.JPG,photos/side_view_images/P3060862.JPG,4.24,4.24,3.5283658504486084,-0.7116341495513918,0.7116341495513918
densenet121,concat_abs_diff,ridge,167,44,photos/top_view_images/P3060507.JPG,photos/side_view_images/P3060863.JPG,1.06,1.06,1.085357427597046,0.025357427597045845,0.025357427597045845
densenet121,concat_abs_diff,ridge,168,44,photos/top_view_images/P3060508.JPG,photos/side_view_images/P3060864.JPG,2.12,2.12,2.048891544342041,-0.07110845565795909,0.07110845565795909
densenet121,concat_abs_diff,ridge,169,44,photos/top_view_images/P3060509.JPG,photos/side_view_images/P3060865.JPG,3.18,3.18,3.37024188041687,0.19024188041686996,0.19024188041686996
densenet121,concat_abs_diff,ridge,170,44,photos/top_view_images/P3060510.JPG,photos/side_view_images/P3060866.JPG,4.24,4.24,3.543459892272949,-0.696540107727051,0.696540107727051
densenet121,concat_abs_diff,ridge,171,45,photos/top_view_images/P3060511.JPG,photos/side_view_images/P3060867.JPG,1.06,1.06,1.106884241104126,0.04688424110412592,0.04688424110412592
densenet121,concat_abs_diff,ridge,172,45,photos/top_view_images/P3060512.JPG,photos/side_view_images/P3060868.JPG,2.12,2.12,1.938547134399414,-0.18145286560058604,0.18145286560058604
densenet121,concat_abs_diff,ridge,173,45,photos/top_view_images/P3060513.JPG,photos/side_view_images/P3060869.JPG,3.18,3.18,3.250788927078247,0.07078892707824691,0.07078892707824691
densenet121,concat_abs_diff,ridge,174,45,photos/top_view_images/P3060514.JPG,photos/side_view_images/P3060870.JPG,4.24,4.24,3.797865390777588,-0.4421346092224123,0.4421346092224123
densenet121,concat_abs_diff,ridge,175,46,photos/top_view_images/P3060515.JPG,photos/side_view_images/P3060871.JPG,1.06,1.06,1.3430759906768799,0.28307599067687983,0.28307599067687983
densenet121,concat_abs_diff,ridge,176,46,photos/top_view_images/P3060516.JPG,photos/side_view_images/P3060872.JPG,2.12,2.12,2.1190054416656494,-0.0009945583343506925,0.0009945583343506925
densenet121,concat_abs_diff,ridge,177,46,photos/top_view_images/P3060517.JPG,photos/side_view_images/P3060873.JPG,3.18,3.18,3.15543270111084,-0.024567298889160316,0.024567298889160316
densenet121,concat_abs_diff,ridge,178,46,photos/top_view_images/P3060518.JPG,photos/side_view_images/P3060874.JPG,4.24,4.24,3.4050588607788086,-0.8349411392211916,0.8349411392211916
densenet121,concat_abs_diff,ridge,179,47,photos/top_view_images/P3060519.JPG,photos/side_view_images/P3060875.JPG,1.06,1.06,1.2564120292663574,0.19641202926635737,0.19641202926635737
densenet121,concat_abs_diff,ridge,180,47,photos/top_view_images/P3060520.JPG,photos/side_view_images/P3060876.JPG,2.12,2.12,2.785198211669922,0.6651982116699218,0.6651982116699218
densenet121,concat_abs_diff,ridge,181,47,photos/top_view_images/P3060521.JPG,photos/side_view_images/P3060877.JPG,3.18,3.18,2.9290215969085693,-0.2509784030914308,0.2509784030914308
densenet121,concat_abs_diff,ridge,182,47,photos/top_view_images/P3060522.JPG,photos/side_view_images/P3060878.JPG,4.24,4.24,3.267681121826172,-0.9723188781738283,0.9723188781738283
densenet121,concat_abs_diff,ridge,183,48,photos/top_view_images/P3060523.JPG,photos/side_view_images/P3060879.JPG,1.06,1.06,1.5604618787765503,0.5004618787765502,0.5004618787765502
densenet121,concat_abs_diff,ridge,184,48,photos/top_view_images/P3060524.JPG,photos/side_view_images/P3060880.JPG,2.12,2.12,2.276968002319336,0.15696800231933583,0.15696800231933583
densenet121,concat_abs_diff,ridge,185,48,photos/top_view_images/P3060525.JPG,photos/side_view_images/P3060881.JPG,3.18,3.18,2.8423845767974854,-0.3376154232025148,0.3376154232025148
densenet121,concat_abs_diff,ridge,186,48,photos/top_view_images/P3060526.JPG,photos/side_view_images/P3060882.JPG,4.24,4.24,3.166184663772583,-1.0738153362274172,1.0738153362274172
densenet121,concat_abs_diff,ridge,187,49,photos/top_view_images/P3060527.JPG,photos/side_view_images/P3060883.JPG,1.06,1.06,1.3877427577972412,0.32774275779724116,0.32774275779724116
densenet121,concat_abs_diff,ridge,188,49,photos/top_view_images/P3060528.JPG,photos/side_view_images/P3060884.JPG,2.12,2.12,2.5853195190429688,0.46531951904296864,0.46531951904296864
densenet121,concat_abs_diff,ridge,189,49,photos/top_view_images/P3060529.JPG,photos/side_view_images/P3060885.JPG,3.18,3.18,3.550748586654663,0.3707485866546629,0.3707485866546629
densenet121,concat_abs_diff,ridge,190,49,photos/top_view_images/P3060530.JPG,photos/side_view_images/P3060886.JPG,4.24,4.24,3.336484670639038,-0.9035153293609621,0.9035153293609621
densenet121,concat_abs_diff,ridge,191,50,photos/top_view_images/P3060531.JPG,photos/side_view_images/P3060887.JPG,1.06,1.06,1.4874178171157837,0.42741781711578364,0.42741781711578364
densenet121,concat_abs_diff,ridge,192,50,photos/top_view_images/P3060532.JPG,photos/side_view_images/P3060888.JPG,2.12,2.12,2.477774143218994,0.35777414321899403,0.35777414321899403
densenet121,concat_abs_diff,ridge,193,50,photos/top_view_images/P3060533.JPG,photos/side_view_images/P3060889.JPG,3.18,3.18,3.251262664794922,0.07126266479492172,0.07126266479492172
densenet121,concat_abs_diff,ridge,194,50,photos/top_view_images/P3060534.JPG,photos/side_view_images/P3060890.JPG,4.24,4.24,3.6641955375671387,-0.5758044624328615,0.5758044624328615
densenet121,concat_abs_diff,ridge,195,51,photos/top_view_images/P3060535.JPG,photos/side_view_images/P3060891.JPG,1.06,1.06,1.1178717613220215,0.05787176132202143,0.05787176132202143
densenet121,concat_abs_diff,ridge,196,51,photos/top_view_images/P3060536.JPG,photos/side_view_images/P3060892.JPG,2.12,2.12,2.1406779289245605,0.02067792892456044,0.02067792892456044
densenet121,concat_abs_diff,ridge,197,51,photos/top_view_images/P3060537.JPG,photos/side_view_images/P3060893.JPG,3.18,3.18,3.031280279159546,-0.14871972084045426,0.14871972084045426
densenet121,concat_abs_diff,ridge,198,51,photos/top_view_images/P3060538.JPG,photos/side_view_images/P3060894.JPG,4.24,4.24,3.641731023788452,-0.5982689762115481,0.5982689762115481
densenet121,concat_abs_diff,ridge,199,52,photos/top_view_images/P3060539.JPG,photos/side_view_images/P3060895.JPG,1.06,1.06,1.2067633867263794,0.14676338672637934,0.14676338672637934
densenet121,concat_abs_diff,ridge,200,52,photos/top_view_images/P3060540.JPG,photos/side_view_images/P3060896.JPG,2.12,2.12,2.5535659790039062,0.43356597900390614,0.43356597900390614
densenet121,concat_abs_diff,ridge,201,52,photos/top_view_images/P3060541.JPG,photos/side_view_images/P3060897.JPG,3.18,3.18,3.190329074859619,0.01032907485961898,0.01032907485961898
densenet121,concat_abs_diff,ridge,202,52,photos/top_view_images/P3060542.JPG,photos/side_view_images/P3060898.JPG,4.24,4.24,3.609177350997925,-0.6308226490020754,0.6308226490020754
densenet121,concat_abs_diff,ridge,203,53,photos/top_view_images/P3060543.JPG,photos/side_view_images/P3060899.JPG,1.06,1.06,0.7880537509918213,-0.27194624900817876,0.27194624900817876
densenet121,concat_abs_diff,ridge,204,53,photos/top_view_images/P3060544.JPG,photos/side_view_images/P3060900.JPG,2.12,2.12,2.1644821166992188,0.04448211669921864,0.04448211669921864
densenet121,concat_abs_diff,ridge,205,53,photos/top_view_images/P3060545.JPG,photos/side_view_images/P3060901.JPG,3.18,3.18,3.409053325653076,0.229053325653076,0.229053325653076
densenet121,concat_abs_diff,ridge,206,53,photos/top_view_images/P3060546.JPG,photos/side_view_images/P3060902.JPG,4.24,4.24,3.3449268341064453,-0.8950731658935549,0.8950731658935549
densenet121,concat_abs_diff,ridge,207,54,photos/top_view_images/P3060547.JPG,photos/side_view_images/P3060903.JPG,1.06,1.06,1.3887782096862793,0.32877820968627924,0.32877820968627924
densenet121,concat_abs_diff,ridge,208,54,photos/top_view_images/P3060548.JPG,photos/side_view_images/P3060904.JPG,2.12,2.12,2.533792734146118,0.41379273414611806,0.41379273414611806
densenet121,concat_abs_diff,ridge,209,54,photos/top_view_images/P3060549.JPG,photos/side_view_images/P3060905.JPG,3.18,3.18,3.377880811691284,0.19788081169128402,0.19788081169128402
densenet121,concat_abs_diff,ridge,210,55,photos/top_view_images/P3060550.JPG,photos/side_view_images/P3060906.JPG,1.06,1.06,1.2096883058547974,0.1496883058547973,0.1496883058547973
densenet121,concat_abs_diff,ridge,211,55,photos/top_view_images/P3060551.JPG,photos/side_view_images/P3060907.JPG,2.12,2.12,2.484272003173828,0.364272003173828,0.364272003173828
densenet121,concat_abs_diff,ridge,212,55,photos/top_view_images/P3060552.JPG,photos/side_view_images/P3060908.JPG,3.18,3.18,3.0311219692230225,-0.1488780307769777,0.1488780307769777
densenet121,concat_abs_diff,ridge,213,55,photos/top_view_images/P3060553.JPG,photos/side_view_images/P3060909.JPG,4.24,4.24,3.3445210456848145,-0.8954789543151858,0.8954789543151858
densenet121,concat_abs_diff,ridge,214,56,photos/top_view_images/P3060554.JPG,photos/side_view_images/P3060910.JPG,1.06,1.06,0.941162109375,-0.11883789062500005,0.11883789062500005
densenet121,concat_abs_diff,ridge,215,56,photos/top_view_images/P3060555.JPG,photos/side_view_images/P3060911.JPG,2.12,2.12,2.4793524742126465,0.3593524742126464,0.3593524742126464
densenet121,concat_abs_diff,ridge,216,56,photos/top_view_images/P3060556.JPG,photos/side_view_images/P3060912.JPG,3.18,3.18,3.1233441829681396,-0.05665581703186051,0.05665581703186051
densenet121,concat_abs_diff,ridge,217,57,photos/top_view_images/P3090558.JPG,photos/side_view_images/P3090914.JPG,1.06,1.06,1.39402437210083,0.33402437210083,0.33402437210083
densenet121,concat_abs_diff,ridge,218,57,photos/top_view_images/P3090559.JPG,photos/side_view_images/P3090915.JPG,2.12,2.12,2.122859477996826,0.0028594779968260653,0.0028594779968260653
densenet121,concat_abs_diff,ridge,219,57,photos/top_view_images/P3090560.JPG,photos/side_view_images/P3090916.JPG,3.18,3.18,2.9588730335235596,-0.2211269664764406,0.2211269664764406
densenet121,concat_abs_diff,ridge,220,57,photos/top_view_images/P3090561.JPG,photos/side_view_images/P3090917.JPG,4.24,4.24,3.9608540534973145,-0.27914594650268576,0.27914594650268576
densenet121,concat_abs_diff,ridge,221,58,photos/top_view_images/P3090562.JPG,photos/side_view_images/P3090918.JPG,1.06,1.06,1.2685973644256592,0.20859736442565913,0.20859736442565913
densenet121,concat_abs_diff,ridge,222,58,photos/top_view_images/P3090563.JPG,photos/side_view_images/P3090919.JPG,2.12,2.12,2.2897963523864746,0.1697963523864745,0.1697963523864745
densenet121,concat_abs_diff,ridge,223,58,photos/top_view_images/P3090564.JPG,photos/side_view_images/P3090920.JPG,3.18,3.18,3.2477285861968994,0.06772858619689925,0.06772858619689925
densenet121,concat_abs_diff,ridge,224,58,photos/top_view_images/P3090565.JPG,photos/side_view_images/P3090921.JPG,4.24,4.24,3.6895761489868164,-0.5504238510131838,0.5504238510131838
densenet121,concat_abs_diff,ridge,225,59,photos/top_view_images/P3090566.JPG,photos/side_view_images/P3090922.JPG,1.06,1.06,1.373714566230774,0.3137145662307739,0.3137145662307739
densenet121,concat_abs_diff,ridge,226,59,photos/top_view_images/P3090567.JPG,photos/side_view_images/P3090923.JPG,2.12,2.12,2.0866668224334717,-0.03333317756652843,0.03333317756652843
densenet121,concat_abs_diff,ridge,227,59,photos/top_view_images/P3090568.JPG,photos/side_view_images/P3090924.JPG,3.18,3.18,3.4460341930389404,0.26603419303894027,0.26603419303894027
densenet121,concat_abs_diff,ridge,228,59,photos/top_view_images/P3090569.JPG,photos/side_view_images/P3090925.JPG,4.24,4.24,3.807398796081543,-0.43260120391845724,0.43260120391845724
densenet121,concat_abs_diff,ridge,229,60,photos/top_view_images/P3090570.JPG,photos/side_view_images/P3090926.JPG,1.06,1.06,1.15434730052948,0.09434730052947993,0.09434730052947993
densenet121,concat_abs_diff,ridge,230,60,photos/top_view_images/P3090571.JPG,photos/side_view_images/P3090927.JPG,2.12,2.12,1.823216438293457,-0.2967835617065431,0.2967835617065431
densenet121,concat_abs_diff,ridge,231,60,photos/top_view_images/P3090572.JPG,photos/side_view_images/P3090928.JPG,3.18,3.18,2.703587532043457,-0.47641246795654313,0.47641246795654313
densenet121,concat_abs_diff,ridge,232,60,photos/top_view_images/P3090573.JPG,photos/side_view_images/P3090929.JPG,4.24,4.24,3.959320068359375,-0.2806799316406252,0.2806799316406252
densenet121,concat_abs_diff,ridge,233,61,photos/top_view_images/P3090574.JPG,photos/side_view_images/P3090930.JPG,1.06,1.06,0.827878475189209,-0.23212152481079107,0.23212152481079107
densenet121,concat_abs_diff,ridge,234,61,photos/top_view_images/P3090575.JPG,photos/side_view_images/P3090931.JPG,2.12,2.12,1.8400875329971313,-0.27991246700286876,0.27991246700286876
densenet121,concat_abs_diff,ridge,235,61,photos/top_view_images/P3090576.JPG,photos/side_view_images/P3090932.JPG,3.18,3.18,2.6644418239593506,-0.5155581760406496,0.5155581760406496
densenet121,concat_abs_diff,ridge,236,61,photos/top_view_images/P3090577.JPG,photos/side_view_images/P3090933.JPG,4.24,4.24,3.5754921436309814,-0.6645078563690188,0.6645078563690188
densenet121,concat_abs_diff,ridge,237,62,photos/top_view_images/P3090578.JPG,photos/side_view_images/P3090934.JPG,1.06,1.06,1.5268065929412842,0.4668065929412841,0.4668065929412841
densenet121,concat_abs_diff,ridge,238,62,photos/top_view_images/P3090579.JPG,photos/side_view_images/P3090935.JPG,2.12,2.12,2.4170546531677246,0.2970546531677245,0.2970546531677245
densenet121,concat_abs_diff,ridge,239,62,photos/top_view_images/P3090580.JPG,photos/side_view_images/P3090936.JPG,3.18,3.18,3.2807068824768066,0.10070688247680648,0.10070688247680648
densenet121,concat_abs_diff,ridge,240,62,photos/top_view_images/P3090581.JPG,photos/side_view_images/P3090937.JPG,4.24,4.24,3.913646936416626,-0.32635306358337424,0.32635306358337424
densenet121,concat_abs_diff,ridge,241,63,photos/top_view_images/P3090582.JPG,photos/side_view_images/P3090938.JPG,1.06,1.06,1.3005363941192627,0.24053639411926264,0.24053639411926264
densenet121,concat_abs_diff,ridge,242,63,photos/top_view_images/P3090583.JPG,photos/side_view_images/P3090939.JPG,3.18,3.18,3.126361608505249,-0.053638391494751136,0.053638391494751136
densenet121,concat_abs_diff,ridge,243,63,photos/top_view_images/P3090584.JPG,photos/side_view_images/P3090940.JPG,4.24,4.24,3.530071496963501,-0.7099285030364992,0.7099285030364992
densenet121,concat_abs_diff,ridge,244,64,photos/top_view_images/P3090585.JPG,photos/side_view_images/P3090941.JPG,1.06,1.06,1.8058125972747803,0.7458125972747802,0.7458125972747802
densenet121,concat_abs_diff,ridge,245,64,photos/top_view_images/P3090586.JPG,photos/side_view_images/P3090942.JPG,2.12,2.12,2.240441083908081,0.12044108390808095,0.12044108390808095
densenet121,concat_abs_diff,ridge,246,64,photos/top_view_images/P3090587.JPG,photos/side_view_images/P3090943.JPG,3.18,3.18,3.3109474182128906,0.13094741821289047,0.13094741821289047
densenet121,concat_abs_diff,ridge,247,64,photos/top_view_images/P3090588.JPG,photos/side_view_images/P3090944.JPG,4.24,4.24,3.5157065391540527,-0.7242934608459475,0.7242934608459475
densenet121,concat_abs_diff,ridge,248,65,photos/top_view_images/P3090589.JPG,photos/side_view_images/P3090945.JPG,1.06,1.06,1.1121437549591064,0.05214375495910639,0.05214375495910639
densenet121,concat_abs_diff,ridge,249,65,photos/top_view_images/P3090590.JPG,photos/side_view_images/P3090946.JPG,2.12,2.12,1.80506432056427,-0.3149356794357301,0.3149356794357301
densenet121,concat_abs_diff,ridge,250,65,photos/top_view_images/P3090591.JPG,photos/side_view_images/P3090947.JPG,3.18,3.18,3.1349687576293945,-0.04503124237060563,0.04503124237060563
densenet121,concat_abs_diff,ridge,251,65,photos/top_view_images/P3090592.JPG,photos/side_view_images/P3090948.JPG,4.24,4.24,4.325307369232178,0.08530736923217752,0.08530736923217752
densenet121,concat_abs_diff,ridge,252,66,photos/top_view_images/P3090593.JPG,photos/side_view_images/P3090949.JPG,1.06,1.06,1.5175752639770508,0.45757526397705073,0.45757526397705073
densenet121,concat_abs_diff,ridge,253,66,photos/top_view_images/P3090594.JPG,photos/side_view_images/P3090950.JPG,2.12,2.12,2.4887771606445312,0.36877716064453114,0.36877716064453114
densenet121,concat_abs_diff,ridge,254,66,photos/top_view_images/P3090596.JPG,photos/side_view_images/P3090952.JPG,3.18,3.18,3.1279029846191406,-0.052097015380859535,0.052097015380859535
densenet121,concat_abs_diff,ridge,255,66,photos/top_view_images/P3090597.JPG,photos/side_view_images/P3090953.JPG,4.24,4.24,3.7238879203796387,-0.5161120796203615,0.5161120796203615
densenet121,concat_abs_diff,ridge,256,67,photos/top_view_images/P3090598.JPG,photos/side_view_images/P3090954.JPG,1.06,1.06,1.1229636669158936,0.0629636669158935,0.0629636669158935
densenet121,concat_abs_diff,ridge,257,67,photos/top_view_images/P3090599.JPG,photos/side_view_images/P3090955.JPG,2.12,2.12,2.211418628692627,0.09141862869262685,0.09141862869262685
densenet121,concat_abs_diff,ridge,258,67,photos/top_view_images/P3090600.JPG,photos/side_view_images/P3090956.JPG,3.18,3.18,3.478057861328125,0.29805786132812484,0.29805786132812484
densenet121,concat_abs_diff,ridge,259,67,photos/top_view_images/P3090601.JPG,photos/side_view_images/P3090957.JPG,4.24,4.24,3.6866016387939453,-0.5533983612060549,0.5533983612060549
densenet121,concat_abs_diff,ridge,260,68,photos/top_view_images/P3090602.JPG,photos/side_view_images/P3090958.JPG,1.06,1.06,1.2905032634735107,0.2305032634735107,0.2305032634735107
densenet121,concat_abs_diff,ridge,261,68,photos/top_view_images/P3090603.JPG,photos/side_view_images/P3090959.JPG,2.12,2.12,2.0766468048095703,-0.043353195190429794,0.043353195190429794
densenet121,concat_abs_diff,ridge,262,68,photos/top_view_images/P3090604.JPG,photos/side_view_images/P3090960.JPG,3.18,3.18,3.4171953201293945,0.23719532012939437,0.23719532012939437
densenet121,concat_abs_diff,ridge,263,68,photos/top_view_images/P3090605.JPG,photos/side_view_images/P3090961.JPG,4.24,4.24,3.591634750366211,-0.6483652496337893,0.6483652496337893
densenet121,concat_abs_diff,ridge,264,69,photos/top_view_images/P3090606.JPG,photos/side_view_images/P3090962.JPG,1.06,1.06,1.32240891456604,0.26240891456604,0.26240891456604
densenet121,concat_abs_diff,ridge,265,69,photos/top_view_images/P3090607.JPG,photos/side_view_images/P3090963.JPG,2.12,2.12,1.8666925430297852,-0.25330745697021495,0.25330745697021495
densenet121,concat_abs_diff,ridge,266,69,photos/top_view_images/P3090608.JPG,photos/side_view_images/P3090964.JPG,3.18,3.18,3.2803537845611572,0.10035378456115707,0.10035378456115707
densenet121,concat_abs_diff,ridge,267,69,photos/top_view_images/P3090609.JPG,photos/side_view_images/P3090965.JPG,4.24,4.24,3.71920108795166,-0.5207989120483401,0.5207989120483401
densenet121,concat_abs_diff,ridge,268,70,photos/top_view_images/P3090610.JPG,photos/side_view_images/P3090966.JPG,1.06,1.06,0.9498553276062012,-0.11014467239379888,0.11014467239379888
densenet121,concat_abs_diff,ridge,269,70,photos/top_view_images/P3090612.JPG,photos/side_view_images/P3090967.JPG,2.12,2.12,2.3235557079315186,0.20355570793151845,0.20355570793151845
densenet121,concat_abs_diff,ridge,270,70,photos/top_view_images/P3090613.JPG,photos/side_view_images/P3090968.JPG,3.18,3.18,2.8885653018951416,-0.29143469810485856,0.29143469810485856
densenet121,concat_abs_diff,ridge,271,70,photos/top_view_images/P3090614.JPG,photos/side_view_images/P3090969.JPG,4.24,4.24,3.880173683166504,-0.3598263168334963,0.3598263168334963
densenet121,concat_abs_diff,ridge,272,71,photos/top_view_images/P3090615.JPG,photos/side_view_images/P3090970.JPG,1.06,1.06,1.446735143661499,0.38673514366149897,0.38673514366149897
densenet121,concat_abs_diff,ridge,273,71,photos/top_view_images/P3090616.JPG,photos/side_view_images/P3090971.JPG,2.12,2.12,2.2508442401885986,0.13084424018859853,0.13084424018859853
densenet121,concat_abs_diff,ridge,274,71,photos/top_view_images/P3090617.JPG,photos/side_view_images/P3090972.JPG,3.18,3.18,2.9256186485290527,-0.2543813514709474,0.2543813514709474
densenet121,concat_abs_diff,ridge,275,71,photos/top_view_images/P3090618.JPG,photos/side_view_images/P3090973.JPG,4.24,4.24,4.194033622741699,-0.045966377258300994,0.045966377258300994
densenet121,concat_abs_diff,ridge,276,72,photos/top_view_images/P3090619.JPG,photos/side_view_images/P3090974.JPG,1.06,1.06,1.591294765472412,0.5312947654724121,0.5312947654724121
densenet121,concat_abs_diff,ridge,277,72,photos/top_view_images/P3090620.JPG,photos/side_view_images/P3090975.JPG,2.12,2.12,2.07480525970459,-0.04519474029541026,0.04519474029541026
densenet121,concat_abs_diff,ridge,278,72,photos/top_view_images/P3090621.JPG,photos/side_view_images/P3090976.JPG,3.18,3.18,3.0427393913269043,-0.13726060867309586,0.13726060867309586
densenet121,concat_abs_diff,ridge,279,72,photos/top_view_images/P3090622.JPG,photos/side_view_images/P3090977.JPG,4.24,4.24,3.6310596466064453,-0.6089403533935549,0.6089403533935549
densenet121,concat_abs_diff,ridge,280,73,photos/top_view_images/P3090623.JPG,photos/side_view_images/P3090978.JPG,1.06,1.06,1.6259667873382568,0.5659667873382568,0.5659667873382568
densenet121,concat_abs_diff,ridge,281,73,photos/top_view_images/P3090624.JPG,photos/side_view_images/P3090979.JPG,2.12,2.12,2.2347447872161865,0.11474478721618642,0.11474478721618642
densenet121,concat_abs_diff,ridge,282,73,photos/top_view_images/P3090625.JPG,photos/side_view_images/P3090980.JPG,3.18,3.18,3.1305651664733887,-0.04943483352661149,0.04943483352661149
densenet121,concat_abs_diff,ridge,283,73,photos/top_view_images/P3090626.JPG,photos/side_view_images/P3090981.JPG,4.24,4.24,3.625051975250244,-0.6149480247497561,0.6149480247497561
densenet121,concat_abs_diff,ridge,284,74,photos/top_view_images/P3090627.JPG,photos/side_view_images/P3090982.JPG,1.06,1.06,1.4187482595443726,0.3587482595443725,0.3587482595443725
densenet121,concat_abs_diff,ridge,285,74,photos/top_view_images/P3090628.JPG,photos/side_view_images/P3090983.JPG,2.12,2.12,2.241584300994873,0.12158430099487294,0.12158430099487294
densenet121,concat_abs_diff,ridge,286,74,photos/top_view_images/P3090629.JPG,photos/side_view_images/P3090984.JPG,3.18,3.18,2.9826889038085938,-0.1973110961914064,0.1973110961914064
densenet121,concat_abs_diff,ridge,287,74,photos/top_view_images/P3090630.JPG,photos/side_view_images/P3090985.JPG,4.24,4.24,4.067777633666992,-0.17222236633300803,0.17222236633300803
densenet121,concat_abs_diff,ridge,288,75,photos/top_view_images/P3100631.JPG,photos/side_view_images/P3100986.JPG,1.06,1.06,0.8671278953552246,-0.19287210464477544,0.19287210464477544
densenet121,concat_abs_diff,ridge,289,75,photos/top_view_images/P3100632.JPG,photos/side_view_images/P3100987.JPG,2.12,2.12,2.3841023445129395,0.26410234451293935,0.26410234451293935
densenet121,concat_abs_diff,ridge,290,75,photos/top_view_images/P3100633.JPG,photos/side_view_images/P3100988.JPG,3.18,3.18,3.591459274291992,0.411459274291992,0.411459274291992
densenet121,concat_abs_diff,ridge,291,75,photos/top_view_images/P3100634.JPG,photos/side_view_images/P3100989.JPG,4.24,4.24,3.9037222862243652,-0.336277713775635,0.336277713775635
densenet121,concat_abs_diff,ridge,292,76,photos/top_view_images/P3100635.JPG,photos/side_view_images/P3100990.JPG,1.06,1.06,1.3147764205932617,0.25477642059326167,0.25477642059326167
densenet121,concat_abs_diff,ridge,293,76,photos/top_view_images/P3100636.JPG,photos/side_view_images/P3100991.JPG,2.12,2.12,1.960789442062378,-0.15921055793762218,0.15921055793762218
densenet121,concat_abs_diff,ridge,294,76,photos/top_view_images/P3100637.JPG,photos/side_view_images/P3100992.JPG,3.18,3.18,3.476945400238037,0.29694540023803695,0.29694540023803695
densenet121,concat_abs_diff,ridge,295,76,photos/top_view_images/P3100638.JPG,photos/side_view_images/P3100993.JPG,4.24,4.24,3.8829972743988037,-0.3570027256011965,0.3570027256011965
densenet121,concat_abs_diff,ridge,296,77,photos/top_view_images/P3100639.JPG,photos/side_view_images/P3100994.JPG,1.06,1.06,1.3411865234375,0.28118652343749995,0.28118652343749995
densenet121,concat_abs_diff,ridge,297,77,photos/top_view_images/P3100640.JPG,photos/side_view_images/P3100995.JPG,2.12,2.12,1.816064476966858,-0.3039355230331422,0.3039355230331422
densenet121,concat_abs_diff,ridge,298,77,photos/top_view_images/P3100641.JPG,photos/side_view_images/P3100996.JPG,3.18,3.18,3.6085283756256104,0.4285283756256102,0.4285283756256102
densenet121,concat_abs_diff,ridge,299,78,photos/top_view_images/P3100643.JPG,photos/side_view_images/P3100997.JPG,1.06,1.06,1.3743791580200195,0.3143791580200195,0.3143791580200195
densenet121,concat_abs_diff,ridge,300,78,photos/top_view_images/P3100644.JPG,photos/side_view_images/P3100998.JPG,2.12,2.12,1.9562692642211914,-0.1637307357788087,0.1637307357788087
densenet121,concat_abs_diff,ridge,301,78,photos/top_view_images/P3100645.JPG,photos/side_view_images/P3100999.JPG,3.18,3.18,3.2556474208831787,0.07564742088317855,0.07564742088317855
densenet121,concat_abs_diff,ridge,302,78,photos/top_view_images/P3100646.JPG,photos/side_view_images/P3101000.JPG,4.24,4.24,3.802830696105957,-0.4371693038940432,0.4371693038940432
densenet121,concat_abs_diff,ridge,303,79,photos/top_view_images/P3100647.JPG,photos/side_view_images/P3101001.JPG,1.06,1.06,0.9625442028045654,-0.09745579719543462,0.09745579719543462
densenet121,concat_abs_diff,ridge,304,79,photos/top_view_images/P3100648.JPG,photos/side_view_images/P3101002.JPG,2.12,2.12,2.2514398097991943,0.13143980979919423,0.13143980979919423
densenet121,concat_abs_diff,ridge,305,79,photos/top_view_images/P3100649.JPG,photos/side_view_images/P3101003.JPG,3.18,3.18,3.538092613220215,0.3580926132202147,0.3580926132202147
densenet121,concat_abs_diff,ridge,306,80,photos/top_view_images/P3100650.JPG,photos/side_view_images/P3101004.JPG,1.06,1.06,0.9773292541503906,-0.08267074584960943,0.08267074584960943
densenet121,concat_abs_diff,ridge,307,80,photos/top_view_images/P3100651.JPG,photos/side_view_images/P3101005.JPG,2.12,2.12,2.4393057823181152,0.31930578231811513,0.31930578231811513
densenet121,concat_abs_diff,ridge,308,80,photos/top_view_images/P3100652.JPG,photos/side_view_images/P3101006.JPG,3.18,3.18,3.9039783477783203,0.7239783477783202,0.7239783477783202
densenet121,concat_abs_diff,ridge,309,80,photos/top_view_images/P3100653.JPG,photos/side_view_images/P3101007.JPG,4.24,4.24,3.972571611404419,-0.26742838859558127,0.26742838859558127
densenet121,concat_abs_diff,ridge,310,81,photos/top_view_images/P3100654.JPG,photos/side_view_images/P3101008.JPG,1.06,1.06,0.6725804805755615,-0.38741951942443853,0.38741951942443853
densenet121,concat_abs_diff,ridge,311,81,photos/top_view_images/P3100655.JPG,photos/side_view_images/P3101009.JPG,2.12,2.12,2.190342903137207,0.07034290313720692,0.07034290313720692
densenet121,concat_abs_diff,ridge,312,81,photos/top_view_images/P3100656.JPG,photos/side_view_images/P3101010.JPG,3.18,3.18,3.44758939743042,0.26758939743041976,0.26758939743041976
densenet121,concat_abs_diff,ridge,313,81,photos/top_view_images/P3100657.JPG,photos/side_view_images/P3101011.JPG,4.24,4.24,4.006146430969238,-0.23385356903076193,0.23385356903076193
densenet121,concat_abs_diff,ridge,314,82,photos/top_view_images/P3120658.JPG,photos/side_view_images/P3121012.JPG,1.06,1.06,1.4382550716400146,0.3782550716400146,0.3782550716400146
densenet121,concat_abs_diff,ridge,315,82,photos/top_view_images/P3120659.JPG,photos/side_view_images/P3121013.JPG,2.12,2.12,2.5010149478912354,0.38101494789123524,0.38101494789123524
densenet121,concat_abs_diff,ridge,316,82,photos/top_view_images/P3120660.JPG,photos/side_view_images/P3121014.JPG,3.18,3.18,3.312011241912842,0.13201124191284164,0.13201124191284164
densenet121,concat_abs_diff,ridge,317,82,photos/top_view_images/P3120661.JPG,photos/side_view_images/P3121015.JPG,4.24,4.24,3.7136213779449463,-0.5263786220550539,0.5263786220550539
densenet121,concat_abs_diff,ridge,318,83,photos/top_view_images/P3120662.JPG,photos/side_view_images/P3121016.JPG,1.06,1.06,1.391469955444336,0.3314699554443359,0.3314699554443359
densenet121,concat_abs_diff,ridge,319,83,photos/top_view_images/P3120663.JPG,photos/side_view_images/P3121017.JPG,2.12,2.12,2.290011405944824,0.1700114059448241,0.1700114059448241
densenet121,concat_abs_diff,ridge,320,83,photos/top_view_images/P3120664.JPG,photos/side_view_images/P3121018.JPG,3.18,3.18,3.5544824600219727,0.3744824600219725,0.3744824600219725
densenet121,concat_abs_diff,ridge,321,83,photos/top_view_images/P3120665.JPG,photos/side_view_images/P3121019.JPG,4.24,4.24,4.036182403564453,-0.2038175964355471,0.2038175964355471
densenet121,concat_abs_diff,ridge,322,84,photos/top_view_images/P3120666.JPG,photos/side_view_images/P3121020.JPG,1.06,1.06,1.3454856872558594,0.2854856872558593,0.2854856872558593
densenet121,concat_abs_diff,ridge,323,84,photos/top_view_images/P3120667.JPG,photos/side_view_images/P3121021.JPG,2.12,2.12,2.5646560192108154,0.4446560192108153,0.4446560192108153
densenet121,concat_abs_diff,ridge,324,84,photos/top_view_images/P3120668.JPG,photos/side_view_images/P3121022.JPG,3.18,3.18,3.337794303894043,0.1577943038940428,0.1577943038940428
densenet121,concat_abs_diff,ridge,325,84,photos/top_view_images/P3120669.JPG,photos/side_view_images/P3121023.JPG,4.24,4.24,3.850551128387451,-0.38944887161254904,0.38944887161254904
densenet121,concat_abs_diff,ridge,326,85,photos/top_view_images/P3120670.JPG,photos/side_view_images/P3121024.JPG,1.06,1.06,1.3784587383270264,0.3184587383270263,0.3184587383270263
densenet121,concat_abs_diff,ridge,327,85,photos/top_view_images/P3120671.JPG,photos/side_view_images/P3121025.JPG,2.12,2.12,2.4842402935028076,0.3642402935028075,0.3642402935028075
densenet121,concat_abs_diff,ridge,328,85,photos/top_view_images/P3120672.JPG,photos/side_view_images/P3121026.JPG,3.18,3.18,3.6895718574523926,0.5095718574523924,0.5095718574523924
densenet121,concat_abs_diff,ridge,329,85,photos/top_view_images/P3120673.JPG,photos/side_view_images/P3121027.JPG,4.24,4.24,3.2335593700408936,-1.0064406299591067,1.0064406299591067
densenet121,concat_abs_diff,ridge,330,86,photos/top_view_images/P3120674.JPG,photos/side_view_images/P3121028.JPG,1.06,1.06,1.3062604665756226,0.2462604665756225,0.2462604665756225
densenet121,concat_abs_diff,ridge,331,86,photos/top_view_images/P3120675.JPG,photos/side_view_images/P3121029.JPG,2.12,2.12,1.9155640602111816,-0.20443593978881847,0.20443593978881847
densenet121,concat_abs_diff,ridge,332,86,photos/top_view_images/P3120676.JPG,photos/side_view_images/P3121030.JPG,3.18,3.18,2.9386541843414307,-0.2413458156585695,0.2413458156585695
densenet121,concat_abs_diff,ridge,333,86,photos/top_view_images/P3120677.JPG,photos/side_view_images/P3121031.JPG,4.24,4.24,2.9492549896240234,-1.2907450103759768,1.2907450103759768
densenet121,concat_abs_diff,ridge,334,87,photos/top_view_images/P3120678.JPG,photos/side_view_images/P3121032.JPG,1.06,1.06,1.3778034448623657,0.31780344486236567,0.31780344486236567
densenet121,concat_abs_diff,ridge,335,87,photos/top_view_images/P3120679.JPG,photos/side_view_images/P3121033.JPG,2.12,2.12,2.164463996887207,0.044463996887206925,0.044463996887206925
densenet121,concat_abs_diff,ridge,336,87,photos/top_view_images/P3120680.JPG,photos/side_view_images/P3121034.JPG,3.18,3.18,3.6924948692321777,0.5124948692321776,0.5124948692321776
densenet121,concat_abs_diff,ridge,337,87,photos/top_view_images/P3120681.JPG,photos/side_view_images/P3121035.JPG,4.24,4.24,3.6114118099212646,-0.6285881900787356,0.6285881900787356
densenet121,concat_abs_diff,ridge,338,88,photos/top_view_images/P3120682.JPG,photos/side_view_images/P3121036.JPG,1.06,1.06,1.5002903938293457,0.44029039382934565,0.44029039382934565
densenet121,concat_abs_diff,ridge,339,88,photos/top_view_images/P3120683.JPG,photos/side_view_images/P3121037.JPG,2.12,2.12,1.7855018377304077,-0.3344981622695924,0.3344981622695924
densenet121,concat_abs_diff,ridge,340,88,photos/top_view_images/P3120684.JPG,photos/side_view_images/P3121038.JPG,3.18,3.18,3.235947608947754,0.055947608947753746,0.055947608947753746
densenet121,concat_abs_diff,ridge,341,88,photos/top_view_images/P3120685.JPG,photos/side_view_images/P3121039.JPG,4.24,4.24,3.657208204269409,-0.582791795730591,0.582791795730591
densenet121,concat_abs_diff,ridge,342,89,photos/top_view_images/P3120686.JPG,photos/side_view_images/P3121040.JPG,1.06,1.06,1.543893814086914,0.483893814086914,0.483893814086914
densenet121,concat_abs_diff,ridge,343,89,photos/top_view_images/P3120687.JPG,photos/side_view_images/P3121041.JPG,2.12,2.12,1.9193153381347656,-0.20068466186523448,0.20068466186523448
densenet121,concat_abs_diff,ridge,344,89,photos/top_view_images/P3120688.JPG,photos/side_view_images/P3121042.JPG,3.18,3.18,3.493574619293213,0.31357461929321273,0.31357461929321273
densenet121,concat_abs_diff,ridge,345,89,photos/top_view_images/P3120689.JPG,photos/side_view_images/P3121043.JPG,4.24,4.24,3.780522108078003,-0.4594778919219973,0.4594778919219973
densenet121,concat_abs_diff,ridge,346,90,photos/top_view_images/P3120690.JPG,photos/side_view_images/P3121044.JPG,1.06,1.06,1.372419834136963,0.31241983413696284,0.31241983413696284
densenet121,concat_abs_diff,ridge,347,90,photos/top_view_images/P3120691.JPG,photos/side_view_images/P3121045.JPG,2.12,2.12,2.068253517150879,-0.0517464828491212,0.0517464828491212
densenet121,concat_abs_diff,ridge,348,90,photos/top_view_images/P3120692.JPG,photos/side_view_images/P3121046.JPG,3.18,3.18,3.3233745098114014,0.1433745098114012,0.1433745098114012
densenet121,concat_abs_diff,ridge,349,90,photos/top_view_images/P3120693.JPG,photos/side_view_images/P3121047.JPG,4.24,4.24,3.865571975708008,-0.3744280242919924,0.3744280242919924
densenet121,concat_abs_diff,ridge,350,91,photos/top_view_images/P3120694.JPG,photos/side_view_images/P3121048.JPG,1.06,1.06,1.4747065305709839,0.41470653057098383,0.41470653057098383
densenet121,concat_abs_diff,ridge,351,91,photos/top_view_images/P3120695.JPG,photos/side_view_images/P3121049.JPG,2.12,2.12,1.4573317766189575,-0.6626682233810426,0.6626682233810426
densenet121,concat_abs_diff,ridge,352,91,photos/top_view_images/P3120696.JPG,photos/side_view_images/P3121050.JPG,3.18,3.18,3.311190366744995,0.13119036674499496,0.13119036674499496
densenet121,concat_abs_diff,ridge,353,91,photos/top_view_images/P3120697.JPG,photos/side_view_images/P3121051.JPG,4.24,4.24,3.5114097595214844,-0.7285902404785158,0.7285902404785158
densenet121,concat_abs_diff,ridge,354,92,photos/top_view_images/P3120698.JPG,photos/side_view_images/P3121052.JPG,1.06,1.06,1.6035034656524658,0.5435034656524658,0.5435034656524658
densenet121,concat_abs_diff,ridge,355,92,photos/top_view_images/P3120699.JPG,photos/side_view_images/P3121053.JPG,2.12,2.12,2.451537609100342,0.3315376091003417,0.3315376091003417
densenet121,concat_abs_diff,ridge,356,92,photos/top_view_images/P3120700.JPG,photos/side_view_images/P3121054.JPG,3.18,3.18,3.3132972717285156,0.13329727172851547,0.13329727172851547
densenet121,concat_abs_diff,ridge,357,92,photos/top_view_images/P3120701.JPG,photos/side_view_images/P3121055.JPG,4.24,4.24,3.794394016265869,-0.4456059837341311,0.4456059837341311
densenet121,concat_abs_diff,ridge,358,93,photos/top_view_images/P3120702.JPG,photos/side_view_images/P3121056.JPG,1.06,1.06,1.7657268047332764,0.7057268047332763,0.7057268047332763
densenet121,concat_abs_diff,ridge,359,93,photos/top_view_images/P3120703.JPG,photos/side_view_images/P3121057.JPG,2.12,2.12,2.108060836791992,-0.011939163208007919,0.011939163208007919
densenet121,concat_abs_diff,ridge,360,93,photos/top_view_images/P3120704.JPG,photos/side_view_images/P3121058.JPG,3.18,3.18,3.1454179286956787,-0.03458207130432145,0.03458207130432145
densenet121,concat_abs_diff,ridge,361,93,photos/top_view_images/P3120705.JPG,photos/side_view_images/P3121059.JPG,4.24,4.24,3.7440242767333984,-0.4959757232666018,0.4959757232666018
densenet121,concat_abs_diff,ridge,362,94,photos/top_view_images/P3120706.JPG,photos/side_view_images/P3121060.JPG,1.06,1.06,1.6742818355560303,0.6142818355560302,0.6142818355560302
densenet121,concat_abs_diff,ridge,363,94,photos/top_view_images/P3120707.JPG,photos/side_view_images/P3121061.JPG,2.12,2.12,1.884035348892212,-0.2359646511077882,0.2359646511077882
densenet121,concat_abs_diff,ridge,364,94,photos/top_view_images/P3120708.JPG,photos/side_view_images/P3121062.JPG,3.18,3.18,3.182339668273926,0.0023396682739256214,0.0023396682739256214
densenet121,concat_abs_diff,ridge,365,94,photos/top_view_images/P3120709.JPG,photos/side_view_images/P3121063.JPG,4.24,4.24,3.6408238410949707,-0.5991761589050295,0.5991761589050295
densenet121,concat_abs_diff,ridge,366,95,photos/top_view_images/P3120710.JPG,photos/side_view_images/P3121064.JPG,1.06,1.06,1.4325995445251465,0.37259954452514643,0.37259954452514643
densenet121,concat_abs_diff,ridge,367,95,photos/top_view_images/P3120711.JPG,photos/side_view_images/P3121065.JPG,2.12,2.12,2.1009938716888428,-0.019006128311157333,0.019006128311157333
densenet121,concat_abs_diff,ridge,368,95,photos/top_view_images/P3120712.JPG,photos/side_view_images/P3121066.JPG,3.18,3.18,3.400855541229248,0.2208555412292479,0.2208555412292479
densenet121,concat_abs_diff,ridge,369,95,photos/top_view_images/P3120713.JPG,photos/side_view_images/P3121067.JPG,4.24,4.24,3.98152756690979,-0.2584724330902102,0.2584724330902102
densenet121,concat_abs_diff,ridge,370,96,photos/top_view_images/P3130714.JPG,photos/side_view_images/P3131068.JPG,1.06,1.06,1.5609689950942993,0.5009689950942993,0.5009689950942993
densenet121,concat_abs_diff,ridge,371,96,photos/top_view_images/P3130715.JPG,photos/side_view_images/P3131069.JPG,2.12,2.12,2.0267210006713867,-0.09327899932861339,0.09327899932861339
densenet121,concat_abs_diff,ridge,372,96,photos/top_view_images/P3130716.JPG,photos/side_view_images/P3131070.JPG,3.18,3.18,3.2222816944122314,0.042281694412231285,0.042281694412231285
densenet121,concat_abs_diff,ridge,373,96,photos/top_view_images/P3130717.JPG,photos/side_view_images/P3131071.JPG,4.24,4.24,4.181971549987793,-0.058028450012207244,0.058028450012207244
densenet121,concat_abs_diff,ridge,374,97,photos/top_view_images/P3130718.JPG,photos/side_view_images/P3131072.JPG,1.06,1.06,1.461071252822876,0.4010712528228759,0.4010712528228759
densenet121,concat_abs_diff,ridge,375,97,photos/top_view_images/P3130719.JPG,photos/side_view_images/P3131073.JPG,2.12,2.12,2.1451191902160645,0.025119190216064347,0.025119190216064347
densenet121,concat_abs_diff,ridge,376,97,photos/top_view_images/P3130720.JPG,photos/side_view_images/P3131074.JPG,3.18,3.18,3.7240991592407227,0.5440991592407225,0.5440991592407225
densenet121,concat_abs_diff,ridge,377,97,photos/top_view_images/P3130721.JPG,photos/side_view_images/P3131075.JPG,4.24,4.24,3.6872243881225586,-0.5527756118774416,0.5527756118774416
densenet121,concat_abs_diff,ridge,378,98,photos/top_view_images/P3130722.JPG,photos/side_view_images/P3131076.JPG,1.06,1.06,1.3312689065933228,0.2712689065933227,0.2712689065933227
densenet121,concat_abs_diff,ridge,379,98,photos/top_view_images/P3130723.JPG,photos/side_view_images/P3131077.JPG,2.12,2.12,2.038510799407959,-0.08148920059204112,0.08148920059204112
densenet121,concat_abs_diff,ridge,380,98,photos/top_view_images/P3130724.JPG,photos/side_view_images/P3131078.JPG,3.18,3.18,2.7391433715820312,-0.4408566284179689,0.4408566284179689
densenet121,concat_abs_diff,ridge,381,98,photos/top_view_images/P3130725.JPG,photos/side_view_images/P3131079.JPG,4.24,4.24,3.3281989097595215,-0.9118010902404787,0.9118010902404787
densenet121,concat_abs_diff,ridge,382,99,photos/top_view_images/P3130726.JPG,photos/side_view_images/P3131080.JPG,1.06,1.06,1.437558650970459,0.37755865097045893,0.37755865097045893
densenet121,concat_abs_diff,ridge,383,99,photos/top_view_images/P3130727.JPG,photos/side_view_images/P3131081.JPG,2.12,2.12,2.213348865509033,0.0933488655090331,0.0933488655090331
densenet121,concat_abs_diff,ridge,384,99,photos/top_view_images/P3130728.JPG,photos/side_view_images/P3131082.JPG,3.18,3.18,3.1470184326171875,-0.03298156738281266,0.03298156738281266
densenet121,concat_abs_diff,ridge,385,99,photos/top_view_images/P3130729.JPG,photos/side_view_images/P3131083.JPG,4.24,4.24,3.6245696544647217,-0.6154303455352785,0.6154303455352785
densenet121,concat_abs_diff,ridge,386,100,photos/top_view_images/P3130730.JPG,photos/side_view_images/P3131084.JPG,1.06,1.06,0.6882555484771729,-0.3717444515228272,0.3717444515228272
densenet121,concat_abs_diff,ridge,387,100,photos/top_view_images/P3130731.JPG,photos/side_view_images/P3131085.JPG,2.12,2.12,2.1179733276367188,-0.0020266723632813566,0.0020266723632813566
densenet121,concat_abs_diff,ridge,388,100,photos/top_view_images/P3130732.JPG,photos/side_view_images/P3131086.JPG,3.18,3.18,3.4278364181518555,0.2478364181518553,0.2478364181518553
densenet121,concat_abs_diff,ridge,389,100,photos/top_view_images/P3130733.JPG,photos/side_view_images/P3131087.JPG,4.24,4.24,3.620901107788086,-0.6190988922119143,0.6190988922119143
densenet121,concat_abs_diff,ridge,390,101,photos/top_view_images/P3130734.JPG,photos/side_view_images/P3131088.JPG,1.06,1.06,1.0180015563964844,-0.04199844360351568,0.04199844360351568
densenet121,concat_abs_diff,ridge,391,101,photos/top_view_images/P3130735.JPG,photos/side_view_images/P3131089.JPG,2.12,2.12,2.2622952461242676,0.14229524612426747,0.14229524612426747
densenet121,concat_abs_diff,ridge,392,101,photos/top_view_images/P3130736.JPG,photos/side_view_images/P3131090.JPG,3.18,3.18,3.2106494903564453,0.030649490356445153,0.030649490356445153
densenet121,concat_abs_diff,ridge,393,102,photos/top_view_images/P3130737.JPG,photos/side_view_images/P3131091.JPG,1.06,1.06,1.392029047012329,0.33202904701232905,0.33202904701232905
densenet121,concat_abs_diff,ridge,394,102,photos/top_view_images/P3130738.JPG,photos/side_view_images/P3131092.JPG,2.12,2.12,2.090460777282715,-0.029539222717285263,0.029539222717285263
densenet121,concat_abs_diff,ridge,395,102,photos/top_view_images/P3130739.JPG,photos/side_view_images/P3131093.JPG,3.18,3.18,3.043581485748291,-0.13641851425170914,0.13641851425170914
densenet121,concat_abs_diff,ridge,396,102,photos/top_view_images/P3130740.JPG,photos/side_view_images/P3131094.JPG,4.24,4.24,3.6308181285858154,-0.6091818714141848,0.6091818714141848
densenet121,concat_abs_diff,ridge,397,103,photos/top_view_images/P3130741.JPG,photos/side_view_images/P3131095.JPG,1.06,1.06,1.3866541385650635,0.3266541385650634,0.3266541385650634
densenet121,concat_abs_diff,ridge,398,103,photos/top_view_images/P3130742.JPG,photos/side_view_images/P3131096.JPG,2.12,2.12,1.652632236480713,-0.4673677635192872,0.4673677635192872
densenet121,concat_abs_diff,ridge,399,103,photos/top_view_images/P3130743.JPG,photos/side_view_images/P3131097.JPG,3.18,3.18,3.156153678894043,-0.02384632110595719,0.02384632110595719
densenet121,concat_abs_diff,ridge,400,103,photos/top_view_images/P3130744.JPG,photos/side_view_images/P3131098.JPG,4.24,4.24,3.879728317260742,-0.360271682739258,0.360271682739258
densenet121,concat_abs_diff,ridge,401,104,photos/top_view_images/P3130745.JPG,photos/side_view_images/P3131099.JPG,1.06,1.06,0.7805006504058838,-0.27949934959411626,0.27949934959411626
densenet121,concat_abs_diff,ridge,402,104,photos/top_view_images/P3130746.JPG,photos/side_view_images/P3131100.JPG,2.12,2.12,2.0743653774261475,-0.045634622573852646,0.045634622573852646
densenet121,concat_abs_diff,ridge,403,104,photos/top_view_images/P3130747.JPG,photos/side_view_images/P3131101.JPG,3.18,3.18,3.224417209625244,0.04441720962524398,0.04441720962524398
densenet121,concat_abs_diff,ridge,404,104,photos/top_view_images/P3130748.JPG,photos/side_view_images/P3131102.JPG,4.24,4.24,3.5051522254943848,-0.7348477745056154,0.7348477745056154
densenet121,concat_abs_diff,ridge,405,105,photos/top_view_images/P3130749.JPG,photos/side_view_images/P3131103.JPG,1.06,1.06,1.3393762111663818,0.2793762111663818,0.2793762111663818
densenet121,concat_abs_diff,ridge,406,105,photos/top_view_images/P3130750.JPG,photos/side_view_images/P3131104.JPG,2.12,2.12,2.40006947517395,0.2800694751739501,0.2800694751739501
densenet121,concat_abs_diff,ridge,407,105,photos/top_view_images/P3130751.JPG,photos/side_view_images/P3131105.JPG,3.18,3.18,3.2722361087799072,0.09223610877990707,0.09223610877990707
densenet121,concat_abs_diff,ridge,408,105,photos/top_view_images/P3130752.JPG,photos/side_view_images/P3131106.JPG,4.24,4.24,3.701220750808716,-0.5387792491912844,0.5387792491912844
densenet121,concat_abs_diff,ridge,409,106,photos/top_view_images/P3130753.JPG,photos/side_view_images/P3131107.JPG,1.06,1.06,1.0957894325256348,0.03578943252563471,0.03578943252563471
densenet121,concat_abs_diff,ridge,410,106,photos/top_view_images/P3130754.JPG,photos/side_view_images/P3131108.JPG,2.12,2.12,2.3917555809020996,0.2717555809020995,0.2717555809020995
densenet121,concat_abs_diff,ridge,411,106,photos/top_view_images/P3130755.JPG,photos/side_view_images/P3131109.JPG,3.18,3.18,2.9582509994506836,-0.22174900054931657,0.22174900054931657
densenet121,concat_abs_diff,ridge,412,106,photos/top_view_images/P3130756.JPG,photos/side_view_images/P3131110.JPG,4.24,4.24,3.9190332889556885,-0.32096671104431174,0.32096671104431174
densenet121,concat_abs_diff,ridge,413,107,photos/top_view_images/P3130757.JPG,photos/side_view_images/P3131111.JPG,1.06,1.06,1.3091356754302979,0.2491356754302978,0.2491356754302978
densenet121,concat_abs_diff,ridge,414,107,photos/top_view_images/P3130758.JPG,photos/side_view_images/P3131112.JPG,2.12,2.12,2.169118881225586,0.04911888122558583,0.04911888122558583
densenet121,concat_abs_diff,ridge,415,107,photos/top_view_images/P3130759.JPG,photos/side_view_images/P3131113.JPG,3.18,3.18,3.489319324493408,0.30931932449340804,0.30931932449340804
densenet121,concat_abs_diff,ridge,416,107,photos/top_view_images/P3130760.JPG,photos/side_view_images/P3131114.JPG,4.24,4.24,3.7088711261749268,-0.5311288738250735,0.5311288738250735
densenet121,concat_abs_diff,ridge,417,108,photos/top_view_images/P2090065.JPG,photos/side_view_images/P2090150.JPG,0.0,0.0,0.7224996089935303,0.7224996089935303,0.7224996089935303
densenet121,concat_abs_diff,ridge,418,109,photos/top_view_images/P2160216.JPG,photos/side_view_images/P2160516.JPG,0.0,0.0,0.42839741706848145,0.42839741706848145,0.42839741706848145
densenet121,concat_abs_diff,ridge,419,110,photos/top_view_images/P3100642.JPG,photos/side_view_images/P2020002.JPG,0.0,0.0,0.44127607345581055,0.44127607345581055,0.44127607345581055
densenet121,concat_abs_diff,elasticnet,0,1,photos/top_view_images/P2260331.JPG,photos/side_view_images/P2260685.JPG,1.06,1.06,1.539709448814392,0.47970944881439204,0.47970944881439204
densenet121,concat_abs_diff,elasticnet,1,1,photos/top_view_images/P2260332.JPG,photos/side_view_images/P2260686.JPG,2.12,2.12,2.2546486854553223,0.13464868545532216,0.13464868545532216
densenet121,concat_abs_diff,elasticnet,2,1,photos/top_view_images/P2260333.JPG,photos/side_view_images/P2260687.JPG,3.18,3.18,3.107623815536499,-0.07237618446350114,0.07237618446350114
densenet121,concat_abs_diff,elasticnet,3,1,photos/top_view_images/P2260334.JPG,photos/side_view_images/P2260688.JPG,4.24,4.24,3.744450092315674,-0.4955499076843264,0.4955499076843264
densenet121,concat_abs_diff,elasticnet,4,2,photos/top_view_images/P2260335.JPG,photos/side_view_images/P2260689.JPG,1.06,1.06,1.1016833782196045,0.04168337821960444,0.04168337821960444
densenet121,concat_abs_diff,elasticnet,5,2,photos/top_view_images/P2260336.JPG,photos/side_view_images/P2260690.JPG,2.12,2.12,1.9265532493591309,-0.19344675064086925,0.19344675064086925
densenet121,concat_abs_diff,elasticnet,6,2,photos/top_view_images/P2260337.JPG,photos/side_view_images/P2260692.JPG,3.18,3.18,3.454352378845215,0.2743523788452147,0.2743523788452147
densenet121,concat_abs_diff,elasticnet,7,2,photos/top_view_images/P2260339.JPG,photos/side_view_images/P2260693.JPG,4.24,4.24,3.8913800716400146,-0.34861992835998556,0.34861992835998556
densenet121,concat_abs_diff,elasticnet,8,3,photos/top_view_images/P2260340.JPG,photos/side_view_images/P2260694.JPG,1.06,1.06,1.185708999633789,0.125708999633789,0.125708999633789
densenet121,concat_abs_diff,elasticnet,9,3,photos/top_view_images/P2260341.JPG,photos/side_view_images/P2260695.JPG,2.12,2.12,2.3953139781951904,0.2753139781951903,0.2753139781951903
densenet121,concat_abs_diff,elasticnet,10,3,photos/top_view_images/P2260342.JPG,photos/side_view_images/P2260696.JPG,3.18,3.18,3.1299431324005127,-0.050056867599487465,0.050056867599487465
densenet121,concat_abs_diff,elasticnet,11,3,photos/top_view_images/P2260343.JPG,photos/side_view_images/P2260697.JPG,4.24,4.24,3.800974130630493,-0.43902586936950705,0.43902586936950705
densenet121,concat_abs_diff,elasticnet,12,4,photos/top_view_images/P2260345.JPG,photos/side_view_images/P2260699.JPG,1.06,1.06,0.9662878513336182,-0.09371214866638189,0.09371214866638189
densenet121,concat_abs_diff,elasticnet,13,4,photos/top_view_images/P2260346.JPG,photos/side_view_images/P2260700.JPG,2.12,2.12,1.9223532676696777,-0.19764673233032237,0.19764673233032237
densenet121,concat_abs_diff,elasticnet,14,4,photos/top_view_images/P2260347.JPG,photos/side_view_images/P2260701.JPG,3.18,3.18,3.166506290435791,-0.013493709564209144,0.013493709564209144
densenet121,concat_abs_diff,elasticnet,15,4,photos/top_view_images/P2260348.JPG,photos/side_view_images/P2260702.JPG,4.24,4.24,3.794355869293213,-0.4456441307067873,0.4456441307067873
densenet121,concat_abs_diff,elasticnet,16,5,photos/top_view_images/P2260349.JPG,photos/side_view_images/P2260703.JPG,1.06,1.06,1.3012564182281494,0.24125641822814936,0.24125641822814936
densenet121,concat_abs_diff,elasticnet,17,5,photos/top_view_images/P2260350.JPG,photos/side_view_images/P2260704.JPG,2.12,2.12,1.6314845085144043,-0.4885154914855958,0.4885154914855958
densenet121,concat_abs_diff,elasticnet,18,5,photos/top_view_images/P2260351.JPG,photos/side_view_images/P2260705.JPG,3.18,3.18,3.2566308975219727,0.0766308975219725,0.0766308975219725
densenet121,concat_abs_diff,elasticnet,19,5,photos/top_view_images/P2260352.JPG,photos/side_view_images/P2260706.JPG,4.24,4.24,4.22659969329834,-0.01340030670166037,0.01340030670166037
densenet121,concat_abs_diff,elasticnet,20,6,photos/top_view_images/P2270353.JPG,photos/side_view_images/P2270707.JPG,1.06,1.06,1.5217735767364502,0.46177357673645014,0.46177357673645014
densenet121,concat_abs_diff,elasticnet,21,6,photos/top_view_images/P2270354.JPG,photos/side_view_images/P2270708.JPG,2.12,2.12,2.296851873397827,0.17685187339782704,0.17685187339782704
densenet121,concat_abs_diff,elasticnet,22,6,photos/top_view_images/P2270355.JPG,photos/side_view_images/P2270709.JPG,3.18,3.18,3.257936477661133,0.07793647766113265,0.07793647766113265
densenet121,concat_abs_diff,elasticnet,23,6,photos/top_view_images/P2270356.JPG,photos/side_view_images/P2270710.JPG,4.24,4.24,4.090821266174316,-0.1491787338256838,0.1491787338256838
densenet121,concat_abs_diff,elasticnet,24,7,photos/top_view_images/P2270357.JPG,photos/side_view_images/P2270712.JPG,1.06,1.06,0.8828637599945068,-0.17713624000549322,0.17713624000549322
densenet121,concat_abs_diff,elasticnet,25,7,photos/top_view_images/P2270358.JPG,photos/side_view_images/P2270713.JPG,2.12,2.12,2.5678024291992188,0.44780242919921864,0.44780242919921864
densenet121,concat_abs_diff,elasticnet,26,7,photos/top_view_images/P2270359.JPG,photos/side_view_images/P2270714.JPG,3.18,3.18,2.8558168411254883,-0.3241831588745119,0.3241831588745119
densenet121,concat_abs_diff,elasticnet,27,7,photos/top_view_images/P2270360.JPG,photos/side_view_images/P2270715.JPG,4.24,4.24,4.2834062576293945,0.04340625762939432,0.04340625762939432
densenet121,concat_abs_diff,elasticnet,28,8,photos/top_view_images/P2270361.JPG,photos/side_view_images/P2270716.JPG,1.06,1.06,1.2119710445404053,0.15197104454040522,0.15197104454040522
densenet121,concat_abs_diff,elasticnet,29,8,photos/top_view_images/P2270362.JPG,photos/side_view_images/P2270717.JPG,2.12,2.12,1.9541091918945312,-0.16589080810546886,0.16589080810546886
densenet121,concat_abs_diff,elasticnet,30,8,photos/top_view_images/P2270363.JPG,photos/side_view_images/P2270718.JPG,3.18,3.18,3.0375404357910156,-0.14245956420898453,0.14245956420898453
densenet121,concat_abs_diff,elasticnet,31,8,photos/top_view_images/P2270364.JPG,photos/side_view_images/P2270719.JPG,4.24,4.24,3.4429798126220703,-0.7970201873779299,0.7970201873779299
densenet121,concat_abs_diff,elasticnet,32,9,photos/top_view_images/P2270365.JPG,photos/side_view_images/P2270720.JPG,1.06,1.06,1.1255464553833008,0.06554645538330073,0.06554645538330073
densenet121,concat_abs_diff,elasticnet,33,9,photos/top_view_images/P2270366.JPG,photos/side_view_images/P2270721.JPG,2.12,2.12,2.13010573387146,0.010105733871459854,0.010105733871459854
densenet121,concat_abs_diff,elasticnet,34,9,photos/top_view_images/P2270367.JPG,photos/side_view_images/P2270722.JPG,3.18,3.18,3.201218843460083,0.021218843460082848,0.021218843460082848
densenet121,concat_abs_diff,elasticnet,35,9,photos/top_view_images/P2270368.JPG,photos/side_view_images/P2270723.JPG,4.24,4.24,3.700486898422241,-0.539513101577759,0.539513101577759
densenet121,concat_abs_diff,elasticnet,36,10,photos/top_view_images/P2270369.JPG,photos/side_view_images/P2270724.JPG,1.06,1.06,1.2480943202972412,0.18809432029724116,0.18809432029724116
densenet121,concat_abs_diff,elasticnet,37,10,photos/top_view_images/P2270370.JPG,photos/side_view_images/P2270725.JPG,2.12,2.12,1.998646855354309,-0.12135314464569102,0.12135314464569102
densenet121,concat_abs_diff,elasticnet,38,10,photos/top_view_images/P2270371.JPG,photos/side_view_images/P2270726.JPG,3.18,3.18,2.912457227706909,-0.267542772293091,0.267542772293091
densenet121,concat_abs_diff,elasticnet,39,10,photos/top_view_images/P2270372.JPG,photos/side_view_images/P2270727.JPG,4.24,4.24,4.072096824645996,-0.16790317535400412,0.16790317535400412
densenet121,concat_abs_diff,elasticnet,40,11,photos/top_view_images/P2270373.JPG,photos/side_view_images/P2270728.JPG,1.06,1.06,1.244478464126587,0.18447846412658686,0.18447846412658686
densenet121,concat_abs_diff,elasticnet,41,11,photos/top_view_images/P2270374.JPG,photos/side_view_images/P2270729.JPG,2.12,2.12,2.222066640853882,0.10206664085388173,0.10206664085388173
densenet121,concat_abs_diff,elasticnet,42,11,photos/top_view_images/P2270375.JPG,photos/side_view_images/P2270730.JPG,3.18,3.18,3.057512044906616,-0.12248795509338395,0.12248795509338395
densenet121,concat_abs_diff,elasticnet,43,11,photos/top_view_images/P2270376.JPG,photos/side_view_images/P2270731.JPG,4.24,4.24,3.501923084259033,-0.738076915740967,0.738076915740967
densenet121,concat_abs_diff,elasticnet,44,12,photos/top_view_images/P2270377.JPG,photos/side_view_images/P2270732.JPG,1.06,1.06,1.4192192554473877,0.35921925544738764,0.35921925544738764
densenet121,concat_abs_diff,elasticnet,45,12,photos/top_view_images/P2270378.JPG,photos/side_view_images/P2270733.JPG,2.12,2.12,2.4665448665618896,0.34654486656188954,0.34654486656188954
densenet121,concat_abs_diff,elasticnet,46,12,photos/top_view_images/P2270379.JPG,photos/side_view_images/P2270734.JPG,3.18,3.18,3.477058172225952,0.297058172225952,0.297058172225952
densenet121,concat_abs_diff,elasticnet,47,12,photos/top_view_images/P2270381.JPG,photos/side_view_images/P2270736.JPG,4.24,4.24,3.8999149799346924,-0.34008502006530783,0.34008502006530783
densenet121,concat_abs_diff,elasticnet,48,13,photos/top_view_images/P2270383.JPG,photos/side_view_images/P2270737.JPG,1.06,1.06,1.1680787801742554,0.10807878017425532,0.10807878017425532
densenet121,concat_abs_diff,elasticnet,49,13,photos/top_view_images/P2270384.JPG,photos/side_view_images/P2270738.JPG,2.12,2.12,2.0486340522766113,-0.07136594772338878,0.07136594772338878
densenet121,concat_abs_diff,elasticnet,50,13,photos/top_view_images/P2270385.JPG,photos/side_view_images/P2270739.JPG,3.18,3.18,2.9780473709106445,-0.20195262908935563,0.20195262908935563
densenet121,concat_abs_diff,elasticnet,51,14,photos/top_view_images/P3020386.JPG,photos/side_view_images/P3020741.JPG,1.06,1.06,1.3586623668670654,0.2986623668670654,0.2986623668670654
densenet121,concat_abs_diff,elasticnet,52,14,photos/top_view_images/P3020387.JPG,photos/side_view_images/P3020742.JPG,2.12,2.12,1.906882643699646,-0.2131173563003541,0.2131173563003541
densenet121,concat_abs_diff,elasticnet,53,14,photos/top_view_images/P3020388.JPG,photos/side_view_images/P3020743.JPG,3.18,3.18,3.397339344024658,0.21733934402465804,0.21733934402465804
densenet121,concat_abs_diff,elasticnet,54,14,photos/top_view_images/P3020389.JPG,photos/side_view_images/P3020744.JPG,4.24,4.24,3.965683937072754,-0.2743160629272463,0.2743160629272463
densenet121,concat_abs_diff,elasticnet,55,15,photos/top_view_images/P3020390.JPG,photos/side_view_images/P3020745.JPG,1.06,1.06,1.6256022453308105,0.5656022453308105,0.5656022453308105
densenet121,concat_abs_diff,elasticnet,56,15,photos/top_view_images/P3020391.JPG,photos/side_view_images/P3020746.JPG,2.12,2.12,2.3314061164855957,0.2114061164855956,0.2114061164855956
densenet121,concat_abs_diff,elasticnet,57,15,photos/top_view_images/P3020392.JPG,photos/side_view_images/P3020747.JPG,3.18,3.18,3.4814529418945312,0.3014529418945311,0.3014529418945311
densenet121,concat_abs_diff,elasticnet,58,15,photos/top_view_images/P3020393.JPG,photos/side_view_images/P3020748.JPG,4.24,4.24,3.4570047855377197,-0.7829952144622805,0.7829952144622805
densenet121,concat_abs_diff,elasticnet,59,16,photos/top_view_images/P3020394.JPG,photos/side_view_images/P3020749.JPG,1.06,1.06,1.0617406368255615,0.0017406368255614701,0.0017406368255614701
densenet121,concat_abs_diff,elasticnet,60,16,photos/top_view_images/P3020395.JPG,photos/side_view_images/P3020750.JPG,2.12,2.12,2.064804792404175,-0.0551952075958253,0.0551952075958253
densenet121,concat_abs_diff,elasticnet,61,16,photos/top_view_images/P3020396.JPG,photos/side_view_images/P3020751.JPG,3.18,3.18,2.7151522636413574,-0.46484773635864274,0.46484773635864274
densenet121,concat_abs_diff,elasticnet,62,16,photos/top_view_images/P3020397.JPG,photos/side_view_images/P3020752.JPG,4.24,4.24,3.9585022926330566,-0.2814977073669436,0.2814977073669436
densenet121,concat_abs_diff,elasticnet,63,17,photos/top_view_images/P3020398.JPG,photos/side_view_images/P3020753.JPG,1.06,1.06,0.9943211078643799,-0.06567889213562017,0.06567889213562017
densenet121,concat_abs_diff,elasticnet,64,17,photos/top_view_images/P3020399.JPG,photos/side_view_images/P3020754.JPG,2.12,2.12,1.970170497894287,-0.149829502105713,0.149829502105713
densenet121,concat_abs_diff,elasticnet,65,17,photos/top_view_images/P3020400.JPG,photos/side_view_images/P3020755.JPG,3.18,3.18,3.3795032501220703,0.19950325012207015,0.19950325012207015
densenet121,concat_abs_diff,elasticnet,66,17,photos/top_view_images/P3020401.JPG,photos/side_view_images/P3020756.JPG,4.24,4.24,4.064519882202148,-0.17548011779785178,0.17548011779785178
densenet121,concat_abs_diff,elasticnet,67,18,photos/top_view_images/P3020402.JPG,photos/side_view_images/P3020757.JPG,1.06,1.06,1.4862146377563477,0.4262146377563476,0.4262146377563476
densenet121,concat_abs_diff,elasticnet,68,18,photos/top_view_images/P3020403.JPG,photos/side_view_images/P3020758.JPG,2.12,2.12,2.2660675048828125,0.1460675048828124,0.1460675048828124
densenet121,concat_abs_diff,elasticnet,69,18,photos/top_view_images/P3020404.JPG,photos/side_view_images/P3020759.JPG,3.18,3.18,2.980916738510132,-0.19908326148986832,0.19908326148986832
densenet121,concat_abs_diff,elasticnet,70,18,photos/top_view_images/P3020405.JPG,photos/side_view_images/P3020760.JPG,4.24,4.24,3.5975821018218994,-0.6424178981781008,0.6424178981781008
densenet121,concat_abs_diff,elasticnet,71,19,photos/top_view_images/P3020406.JPG,photos/side_view_images/P3020761.JPG,1.06,1.06,1.2151248455047607,0.1551248455047607,0.1551248455047607
densenet121,concat_abs_diff,elasticnet,72,19,photos/top_view_images/P3020407.JPG,photos/side_view_images/P3020762.JPG,2.12,2.12,2.1583752632141113,0.03837526321411122,0.03837526321411122
densenet121,concat_abs_diff,elasticnet,73,19,photos/top_view_images/P3020408.JPG,photos/side_view_images/P3020763.JPG,3.18,3.18,3.4393844604492188,0.2593844604492186,0.2593844604492186
densenet121,concat_abs_diff,elasticnet,74,19,photos/top_view_images/P3020409.JPG,photos/side_view_images/P3020764.JPG,4.24,4.24,4.074960231781006,-0.16503976821899435,0.16503976821899435
densenet121,concat_abs_diff,elasticnet,75,20,photos/top_view_images/P3020410.JPG,photos/side_view_images/P3020765.JPG,1.06,1.06,1.1780165433883667,0.11801654338836665,0.11801654338836665
densenet121,concat_abs_diff,elasticnet,76,20,photos/top_view_images/P3020411.JPG,photos/side_view_images/P3020766.JPG,2.12,2.12,2.3705363273620605,0.25053632736206044,0.25053632736206044
densenet121,concat_abs_diff,elasticnet,77,20,photos/top_view_images/P3020412.JPG,photos/side_view_images/P3020767.JPG,3.18,3.18,2.9620509147644043,-0.21794908523559586,0.21794908523559586
densenet121,concat_abs_diff,elasticnet,78,20,photos/top_view_images/P3020413.JPG,photos/side_view_images/P3020768.JPG,4.24,4.24,3.7573089599609375,-0.4826910400390627,0.4826910400390627
densenet121,concat_abs_diff,elasticnet,79,21,photos/top_view_images/P3020414.JPG,photos/side_view_images/P3020769.JPG,1.06,1.06,1.2971471548080444,0.23714715480804438,0.23714715480804438
densenet121,concat_abs_diff,elasticnet,80,21,photos/top_view_images/P3020415.JPG,photos/side_view_images/P3020770.JPG,2.12,2.12,2.737339496612549,0.6173394966125487,0.6173394966125487
densenet121,concat_abs_diff,elasticnet,81,21,photos/top_view_images/P3020416.JPG,photos/side_view_images/P3020771.JPG,3.18,3.18,3.2933268547058105,0.11332685470581039,0.11332685470581039
densenet121,concat_abs_diff,elasticnet,82,21,photos/top_view_images/P3020417.JPG,photos/side_view_images/P3020772.JPG,4.24,4.24,3.3671531677246094,-0.8728468322753908,0.8728468322753908
densenet121,concat_abs_diff,elasticnet,83,22,photos/top_view_images/P3020418.JPG,photos/side_view_images/P3020773.JPG,1.06,1.06,0.9765746593475342,-0.08342534065246587,0.08342534065246587
densenet121,concat_abs_diff,elasticnet,84,22,photos/top_view_images/P3020419.JPG,photos/side_view_images/P3020774.JPG,2.12,2.12,1.8587098121643066,-0.26129018783569347,0.26129018783569347
densenet121,concat_abs_diff,elasticnet,85,22,photos/top_view_images/P3020420.JPG,photos/side_view_images/P3020775.JPG,3.18,3.18,3.435471534729004,0.25547153472900375,0.25547153472900375
densenet121,concat_abs_diff,elasticnet,86,22,photos/top_view_images/P3020421.JPG,photos/side_view_images/P3020776.JPG,4.24,4.24,3.473921298980713,-0.7660787010192873,0.7660787010192873
densenet121,concat_abs_diff,elasticnet,87,23,photos/top_view_images/P3020422.JPG,photos/side_view_images/P3020777.JPG,1.06,1.06,1.3511302471160889,0.2911302471160888,0.2911302471160888
densenet121,concat_abs_diff,elasticnet,88,23,photos/top_view_images/P3020423.JPG,photos/side_view_images/P3020778.JPG,2.12,2.12,2.2909905910491943,0.17099059104919423,0.17099059104919423
densenet121,concat_abs_diff,elasticnet,89,23,photos/top_view_images/P3020424.JPG,photos/side_view_images/P3020779.JPG,3.18,3.18,3.4110770225524902,0.23107702255249007,0.23107702255249007
densenet121,concat_abs_diff,elasticnet,90,23,photos/top_view_images/P3020425.JPG,photos/side_view_images/P3020780.JPG,4.24,4.24,3.630638599395752,-0.6093614006042483,0.6093614006042483
densenet121,concat_abs_diff,elasticnet,91,24,photos/top_view_images/P3020426.JPG,photos/side_view_images/P3020781.JPG,1.06,1.06,1.2513502836227417,0.19135028362274165,0.19135028362274165
densenet121,concat_abs_diff,elasticnet,92,24,photos/top_view_images/P3020427.JPG,photos/side_view_images/P3020782.JPG,2.12,2.12,2.1915721893310547,0.07157218933105458,0.07157218933105458
densenet121,concat_abs_diff,elasticnet,93,24,photos/top_view_images/P3020428.JPG,photos/side_view_images/P3020783.JPG,3.18,3.18,3.1235122680664062,-0.05648773193359391,0.05648773193359391
densenet121,concat_abs_diff,elasticnet,94,24,photos/top_view_images/P3020429.JPG,photos/side_view_images/P3020784.JPG,4.24,4.24,3.7627902030944824,-0.4772097969055178,0.4772097969055178
densenet121,concat_abs_diff,elasticnet,95,25,photos/top_view_images/P3020430.JPG,photos/side_view_images/P3020785.JPG,1.06,1.06,1.0880310535430908,0.028031053543090767,0.028031053543090767
densenet121,concat_abs_diff,elasticnet,96,25,photos/top_view_images/P3020431.JPG,photos/side_view_images/P3020786.JPG,2.12,2.12,2.1674957275390625,0.04749572753906239,0.04749572753906239
densenet121,concat_abs_diff,elasticnet,97,25,photos/top_view_images/P3020432.JPG,photos/side_view_images/P3020787.JPG,3.18,3.18,2.9145824909210205,-0.26541750907897965,0.26541750907897965
densenet121,concat_abs_diff,elasticnet,98,25,photos/top_view_images/P3020433.JPG,photos/side_view_images/P3020788.JPG,4.24,4.24,3.4776906967163086,-0.7623093032836916,0.7623093032836916
densenet121,concat_abs_diff,elasticnet,99,26,photos/top_view_images/P3020434.JPG,photos/side_view_images/P3020789.JPG,1.06,1.06,1.6259756088256836,0.5659756088256835,0.5659756088256835
densenet121,concat_abs_diff,elasticnet,100,26,photos/top_view_images/P3020435.JPG,photos/side_view_images/P3020790.JPG,2.12,2.12,2.306194543838501,0.18619454383850087,0.18619454383850087
densenet121,concat_abs_diff,elasticnet,101,26,photos/top_view_images/P3020436.JPG,photos/side_view_images/P3020791.JPG,3.18,3.18,3.8325047492980957,0.6525047492980955,0.6525047492980955
densenet121,concat_abs_diff,elasticnet,102,26,photos/top_view_images/P3020437.JPG,photos/side_view_images/P3020792.JPG,4.24,4.24,4.513940811157227,0.27394081115722635,0.27394081115722635
densenet121,concat_abs_diff,elasticnet,103,27,photos/top_view_images/P3020438.JPG,photos/side_view_images/P3020793.JPG,1.06,1.06,0.9651844501495361,-0.09481554985046392,0.09481554985046392
densenet121,concat_abs_diff,elasticnet,104,27,photos/top_view_images/P3020439.JPG,photos/side_view_images/P3020794.JPG,2.12,2.12,2.292451858520508,0.1724518585205077,0.1724518585205077
densenet121,concat_abs_diff,elasticnet,105,27,photos/top_view_images/P3020440.JPG,photos/side_view_images/P3020795.JPG,3.18,3.18,3.2940688133239746,0.11406881332397445,0.11406881332397445
densenet121,concat_abs_diff,elasticnet,106,27,photos/top_view_images/P3020441.JPG,photos/side_view_images/P3020796.JPG,4.24,4.24,4.03904914855957,-0.2009508514404299,0.2009508514404299
densenet121,concat_abs_diff,elasticnet,107,28,photos/top_view_images/P3030442.JPG,photos/side_view_images/P3030797.JPG,1.06,1.06,1.245595097541809,0.18559509754180903,0.18559509754180903
densenet121,concat_abs_diff,elasticnet,108,28,photos/top_view_images/P3030443.JPG,photos/side_view_images/P3030798.JPG,2.12,2.12,2.179720401763916,0.05972040176391591,0.05972040176391591
densenet121,concat_abs_diff,elasticnet,109,28,photos/top_view_images/P3030444.JPG,photos/side_view_images/P3030799.JPG,3.18,3.18,2.9883484840393066,-0.19165151596069352,0.19165151596069352
densenet121,concat_abs_diff,elasticnet,110,28,photos/top_view_images/P3030445.JPG,photos/side_view_images/P3030800.JPG,4.24,4.24,3.5274765491485596,-0.7125234508514406,0.7125234508514406
densenet121,concat_abs_diff,elasticnet,111,29,photos/top_view_images/P3030446.JPG,photos/side_view_images/P3030801.JPG,1.06,1.06,1.3961868286132812,0.3361868286132812,0.3361868286132812
densenet121,concat_abs_diff,elasticnet,112,29,photos/top_view_images/P3030447.JPG,photos/side_view_images/P3030802.JPG,2.12,2.12,1.8655169010162354,-0.25448309898376476,0.25448309898376476
densenet121,concat_abs_diff,elasticnet,113,29,photos/top_view_images/P3030448.JPG,photos/side_view_images/P3030803.JPG,3.18,3.18,3.522696018218994,0.342696018218994,0.342696018218994
densenet121,concat_abs_diff,elasticnet,114,29,photos/top_view_images/P3030449.JPG,photos/side_view_images/P3030804.JPG,4.24,4.24,4.112155914306641,-0.1278440856933596,0.1278440856933596
densenet121,concat_abs_diff,elasticnet,115,30,photos/top_view_images/P3030450.JPG,photos/side_view_images/P3030805.JPG,1.06,1.06,1.5869454145431519,0.5269454145431518,0.5269454145431518
densenet121,concat_abs_diff,elasticnet,116,30,photos/top_view_images/P3030451.JPG,photos/side_view_images/P3030806.JPG,2.12,2.12,2.939007520675659,0.8190075206756591,0.8190075206756591
densenet121,concat_abs_diff,elasticnet,117,30,photos/top_view_images/P3030452.JPG,photos/side_view_images/P3030807.JPG,3.18,3.18,3.089566946029663,-0.09043305397033707,0.09043305397033707
densenet121,concat_abs_diff,elasticnet,118,30,photos/top_view_images/P3030453.JPG,photos/side_view_images/P3030808.JPG,4.24,4.24,3.3761675357818604,-0.8638324642181399,0.8638324642181399
densenet121,concat_abs_diff,elasticnet,119,31,photos/top_view_images/P3030454.JPG,photos/side_view_images/P3030809.JPG,1.06,1.06,0.9840044975280762,-0.07599550247192388,0.07599550247192388
densenet121,concat_abs_diff,elasticnet,120,31,photos/top_view_images/P3030455.JPG,photos/side_view_images/P3030810.JPG,2.12,2.12,1.6501410007476807,-0.46985899925231944,0.46985899925231944
densenet121,concat_abs_diff,elasticnet,121,31,photos/top_view_images/P3030456.JPG,photos/side_view_images/P3030811.JPG,3.18,3.18,3.1656317710876465,-0.014368228912353675,0.014368228912353675
densenet121,concat_abs_diff,elasticnet,122,31,photos/top_view_images/P3030457.JPG,photos/side_view_images/P3030812.JPG,4.24,4.24,3.984107255935669,-0.25589274406433127,0.25589274406433127
densenet121,concat_abs_diff,elasticnet,123,32,photos/top_view_images/P3050458.JPG,photos/side_view_images/P3050813.JPG,1.06,1.06,1.7076539993286133,0.6476539993286132,0.6476539993286132
densenet121,concat_abs_diff,elasticnet,124,32,photos/top_view_images/P3050459.JPG,photos/side_view_images/P3050814.JPG,2.12,2.12,2.7146546840667725,0.5946546840667724,0.5946546840667724
densenet121,concat_abs_diff,elasticnet,125,32,photos/top_view_images/P3050460.JPG,photos/side_view_images/P3050815.JPG,3.18,3.18,3.6118412017822266,0.4318412017822264,0.4318412017822264
densenet121,concat_abs_diff,elasticnet,126,32,photos/top_view_images/P3050462.JPG,photos/side_view_images/P3050817.JPG,4.24,4.24,3.6323158740997314,-0.6076841259002688,0.6076841259002688
densenet121,concat_abs_diff,elasticnet,127,33,photos/top_view_images/P3050463.JPG,photos/side_view_images/P3050818.JPG,1.06,1.06,1.1827671527862549,0.12276715278625483,0.12276715278625483
densenet121,concat_abs_diff,elasticnet,128,33,photos/top_view_images/P3050464.JPG,photos/side_view_images/P3050819.JPG,2.12,2.12,2.116323947906494,-0.003676052093505966,0.003676052093505966
densenet121,concat_abs_diff,elasticnet,129,34,photos/top_view_images/P3050467.JPG,photos/side_view_images/P3050823.JPG,1.06,1.06,1.317716121673584,0.25771612167358393,0.25771612167358393
densenet121,concat_abs_diff,elasticnet,130,34,photos/top_view_images/P3050468.JPG,photos/side_view_images/P3050824.JPG,2.12,2.12,2.822840452194214,0.7028404521942138,0.7028404521942138
densenet121,concat_abs_diff,elasticnet,131,34,photos/top_view_images/P3050469.JPG,photos/side_view_images/P3050825.JPG,3.18,3.18,3.6513843536376953,0.47138435363769515,0.47138435363769515
densenet121,concat_abs_diff,elasticnet,132,34,photos/top_view_images/P3050470.JPG,photos/side_view_images/P3050826.JPG,4.24,4.24,3.7019500732421875,-0.5380499267578127,0.5380499267578127
densenet121,concat_abs_diff,elasticnet,133,35,photos/top_view_images/P3050471.JPG,photos/side_view_images/P3050827.JPG,1.06,1.06,1.1039140224456787,0.04391402244567866,0.04391402244567866
densenet121,concat_abs_diff,elasticnet,134,35,photos/top_view_images/P3050472.JPG,photos/side_view_images/P3050828.JPG,2.12,2.12,2.0721051692962646,-0.04789483070373546,0.04789483070373546
densenet121,concat_abs_diff,elasticnet,135,35,photos/top_view_images/P3050473.JPG,photos/side_view_images/P3050829.JPG,3.18,3.18,2.8411808013916016,-0.3388191986083986,0.3388191986083986
densenet121,concat_abs_diff,elasticnet,136,35,photos/top_view_images/P3050474.JPG,photos/side_view_images/P3050830.JPG,4.24,4.24,4.082396984100342,-0.15760301589965842,0.15760301589965842
densenet121,concat_abs_diff,elasticnet,137,36,photos/top_view_images/P3050475.JPG,photos/side_view_images/P3050831.JPG,1.06,1.06,1.2692253589630127,0.20922535896301264,0.20922535896301264
densenet121,concat_abs_diff,elasticnet,138,36,photos/top_view_images/P3050476.JPG,photos/side_view_images/P3050832.JPG,2.12,2.12,2.500269889831543,0.38026988983154286,0.38026988983154286
densenet121,concat_abs_diff,elasticnet,139,36,photos/top_view_images/P3050477.JPG,photos/side_view_images/P3050833.JPG,3.18,3.18,2.583188533782959,-0.5968114662170412,0.5968114662170412
densenet121,concat_abs_diff,elasticnet,140,36,photos/top_view_images/P3050478.JPG,photos/side_view_images/P3050834.JPG,4.24,4.24,3.1803431510925293,-1.059656848907471,1.059656848907471
densenet121,concat_abs_diff,elasticnet,141,37,photos/top_view_images/P3050479.JPG,photos/side_view_images/P3050835.JPG,1.06,1.06,1.0247645378112793,-0.035235462188720756,0.035235462188720756
densenet121,concat_abs_diff,elasticnet,142,37,photos/top_view_images/P3050480.JPG,photos/side_view_images/P3050836.JPG,2.12,2.12,2.172852039337158,0.0528520393371581,0.0528520393371581
densenet121,concat_abs_diff,elasticnet,143,37,photos/top_view_images/P3050481.JPG,photos/side_view_images/P3050837.JPG,3.18,3.18,2.988736391067505,-0.19126360893249528,0.19126360893249528
densenet121,concat_abs_diff,elasticnet,144,37,photos/top_view_images/P3050482.JPG,photos/side_view_images/P3050838.JPG,4.24,4.24,3.981624126434326,-0.25837587356567404,0.25837587356567404
densenet121,concat_abs_diff,elasticnet,145,38,photos/top_view_images/P3050484.JPG,photos/side_view_images/P3050840.JPG,1.06,1.06,1.1919615268707275,0.13196152687072749,0.13196152687072749
densenet121,concat_abs_diff,elasticnet,146,38,photos/top_view_images/P3050485.JPG,photos/side_view_images/P3050841.JPG,2.12,2.12,2.1859564781188965,0.06595647811889638,0.06595647811889638
densenet121,concat_abs_diff,elasticnet,147,38,photos/top_view_images/P3050486.JPG,photos/side_view_images/P3050842.JPG,3.18,3.18,2.8916072845458984,-0.2883927154541017,0.2883927154541017
densenet121,concat_abs_diff,elasticnet,148,38,photos/top_view_images/P3050487.JPG,photos/side_view_images/P3050843.JPG,4.24,4.24,3.711315870285034,-0.528684129714966,0.528684129714966
densenet121,concat_abs_diff,elasticnet,149,39,photos/top_view_images/P3050488.JPG,photos/side_view_images/P3050844.JPG,1.06,1.06,0.9097445011138916,-0.15025549888610845,0.15025549888610845
densenet121,concat_abs_diff,elasticnet,150,39,photos/top_view_images/P3050489.JPG,photos/side_view_images/P3050845.JPG,2.12,2.12,2.6336419582366943,0.5136419582366942,0.5136419582366942
densenet121,concat_abs_diff,elasticnet,151,39,photos/top_view_images/P3050490.JPG,photos/side_view_images/P3050846.JPG,3.18,3.18,3.6437761783599854,0.4637761783599852,0.4637761783599852
densenet121,concat_abs_diff,elasticnet,152,39,photos/top_view_images/P3050491.JPG,photos/side_view_images/P3050847.JPG,4.24,4.24,3.989327907562256,-0.25067209243774435,0.25067209243774435
densenet121,concat_abs_diff,elasticnet,153,40,photos/top_view_images/P3050492.JPG,photos/side_view_images/P3050848.JPG,1.06,1.06,1.5930063724517822,0.5330063724517822,0.5330063724517822
densenet121,concat_abs_diff,elasticnet,154,40,photos/top_view_images/P3050493.JPG,photos/side_view_images/P3050849.JPG,2.12,2.12,2.151972770690918,0.03197277069091786,0.03197277069091786
densenet121,concat_abs_diff,elasticnet,155,40,photos/top_view_images/P3050494.JPG,photos/side_view_images/P3050850.JPG,3.18,3.18,3.2003121376037598,0.020312137603759606,0.020312137603759606
densenet121,concat_abs_diff,elasticnet,156,40,photos/top_view_images/P3050495.JPG,photos/side_view_images/P3050851.JPG,4.24,4.24,3.6939172744750977,-0.5460827255249026,0.5460827255249026
densenet121,concat_abs_diff,elasticnet,157,41,photos/top_view_images/P3050496.JPG,photos/side_view_images/P3050852.JPG,1.06,1.06,1.195127010345459,0.13512701034545893,0.13512701034545893
densenet121,concat_abs_diff,elasticnet,158,41,photos/top_view_images/P3050497.JPG,photos/side_view_images/P3050853.JPG,2.12,2.12,2.3105180263519287,0.1905180263519286,0.1905180263519286
densenet121,concat_abs_diff,elasticnet,159,41,photos/top_view_images/P3050498.JPG,photos/side_view_images/P3050854.JPG,3.18,3.18,3.131190538406372,-0.04880946159362809,0.04880946159362809
densenet121,concat_abs_diff,elasticnet,160,41,photos/top_view_images/P3050499.JPG,photos/side_view_images/P3050855.JPG,4.24,4.24,3.990248441696167,-0.24975155830383322,0.24975155830383322
densenet121,concat_abs_diff,elasticnet,161,42,photos/top_view_images/P3050500.JPG,photos/side_view_images/P3050857.JPG,2.12,2.12,1.749446153640747,-0.37055384635925304,0.37055384635925304
densenet121,concat_abs_diff,elasticnet,162,42,photos/top_view_images/P3050501.JPG,photos/side_view_images/P3050858.JPG,3.18,3.18,2.8625872135162354,-0.3174127864837648,0.3174127864837648
densenet121,concat_abs_diff,elasticnet,163,43,photos/top_view_images/P3060503.JPG,photos/side_view_images/P3060859.JPG,1.06,1.06,1.0237438678741455,-0.036256132125854545,0.036256132125854545
densenet121,concat_abs_diff,elasticnet,164,43,photos/top_view_images/P3060504.JPG,photos/side_view_images/P3060860.JPG,2.12,2.12,2.432208299636841,0.3122082996368407,0.3122082996368407
densenet121,concat_abs_diff,elasticnet,165,43,photos/top_view_images/P3060505.JPG,photos/side_view_images/P3060861.JPG,3.18,3.18,3.2279605865478516,0.0479605865478514,0.0479605865478514
densenet121,concat_abs_diff,elasticnet,166,43,photos/top_view_images/P3060506.JPG,photos/side_view_images/P3060862.JPG,4.24,4.24,3.438411235809326,-0.801588764190674,0.801588764190674
densenet121,concat_abs_diff,elasticnet,167,44,photos/top_view_images/P3060507.JPG,photos/side_view_images/P3060863.JPG,1.06,1.06,1.0774028301239014,0.017402830123901314,0.017402830123901314
densenet121,concat_abs_diff,elasticnet,168,44,photos/top_view_images/P3060508.JPG,photos/side_view_images/P3060864.JPG,2.12,2.12,1.9704344272613525,-0.14956557273864757,0.14956557273864757
densenet121,concat_abs_diff,elasticnet,169,44,photos/top_view_images/P3060509.JPG,photos/side_view_images/P3060865.JPG,3.18,3.18,3.2315704822540283,0.05157048225402816,0.05157048225402816
densenet121,concat_abs_diff,elasticnet,170,44,photos/top_view_images/P3060510.JPG,photos/side_view_images/P3060866.JPG,4.24,4.24,3.605902910232544,-0.6340970897674563,0.6340970897674563
densenet121,concat_abs_diff,elasticnet,171,45,photos/top_view_images/P3060511.JPG,photos/side_view_images/P3060867.JPG,1.06,1.06,1.2174403667449951,0.15744036674499506,0.15744036674499506
densenet121,concat_abs_diff,elasticnet,172,45,photos/top_view_images/P3060512.JPG,photos/side_view_images/P3060868.JPG,2.12,2.12,1.9472275972366333,-0.1727724027633668,0.1727724027633668
densenet121,concat_abs_diff,elasticnet,173,45,photos/top_view_images/P3060513.JPG,photos/side_view_images/P3060869.JPG,3.18,3.18,3.1109910011291504,-0.06900899887084977,0.06900899887084977
densenet121,concat_abs_diff,elasticnet,174,45,photos/top_view_images/P3060514.JPG,photos/side_view_images/P3060870.JPG,4.24,4.24,3.9552066326141357,-0.28479336738586447,0.28479336738586447
densenet121,concat_abs_diff,elasticnet,175,46,photos/top_view_images/P3060515.JPG,photos/side_view_images/P3060871.JPG,1.06,1.06,1.3627647161483765,0.3027647161483764,0.3027647161483764
densenet121,concat_abs_diff,elasticnet,176,46,photos/top_view_images/P3060516.JPG,photos/side_view_images/P3060872.JPG,2.12,2.12,2.1512699127197266,0.031269912719726456,0.031269912719726456
densenet121,concat_abs_diff,elasticnet,177,46,photos/top_view_images/P3060517.JPG,photos/side_view_images/P3060873.JPG,3.18,3.18,3.2876272201538086,0.10762722015380843,0.10762722015380843
densenet121,concat_abs_diff,elasticnet,178,46,photos/top_view_images/P3060518.JPG,photos/side_view_images/P3060874.JPG,4.24,4.24,3.581409454345703,-0.6585905456542971,0.6585905456542971
densenet121,concat_abs_diff,elasticnet,179,47,photos/top_view_images/P3060519.JPG,photos/side_view_images/P3060875.JPG,1.06,1.06,1.4178296327590942,0.3578296327590942,0.3578296327590942
densenet121,concat_abs_diff,elasticnet,180,47,photos/top_view_images/P3060520.JPG,photos/side_view_images/P3060876.JPG,2.12,2.12,2.887526273727417,0.7675262737274169,0.7675262737274169
densenet121,concat_abs_diff,elasticnet,181,47,photos/top_view_images/P3060521.JPG,photos/side_view_images/P3060877.JPG,3.18,3.18,2.802328109741211,-0.3776718902587892,0.3776718902587892
densenet121,concat_abs_diff,elasticnet,182,47,photos/top_view_images/P3060522.JPG,photos/side_view_images/P3060878.JPG,4.24,4.24,3.319889783859253,-0.9201102161407473,0.9201102161407473
densenet121,concat_abs_diff,elasticnet,183,48,photos/top_view_images/P3060523.JPG,photos/side_view_images/P3060879.JPG,1.06,1.06,1.546351671218872,0.486351671218872,0.486351671218872
densenet121,concat_abs_diff,elasticnet,184,48,photos/top_view_images/P3060524.JPG,photos/side_view_images/P3060880.JPG,2.12,2.12,2.258948564529419,0.13894856452941884,0.13894856452941884
densenet121,concat_abs_diff,elasticnet,185,48,photos/top_view_images/P3060525.JPG,photos/side_view_images/P3060881.JPG,3.18,3.18,3.0278663635253906,-0.15213363647460953,0.15213363647460953
densenet121,concat_abs_diff,elasticnet,186,48,photos/top_view_images/P3060526.JPG,photos/side_view_images/P3060882.JPG,4.24,4.24,3.3417954444885254,-0.8982045555114748,0.8982045555114748
densenet121,concat_abs_diff,elasticnet,187,49,photos/top_view_images/P3060527.JPG,photos/side_view_images/P3060883.JPG,1.06,1.06,1.3077521324157715,0.24775213241577143,0.24775213241577143
densenet121,concat_abs_diff,elasticnet,188,49,photos/top_view_images/P3060528.JPG,photos/side_view_images/P3060884.JPG,2.12,2.12,2.823822021484375,0.7038220214843749,0.7038220214843749
densenet121,concat_abs_diff,elasticnet,189,49,photos/top_view_images/P3060529.JPG,photos/side_view_images/P3060885.JPG,3.18,3.18,3.425532341003418,0.2455323410034178,0.2455323410034178
densenet121,concat_abs_diff,elasticnet,190,49,photos/top_view_images/P3060530.JPG,photos/side_view_images/P3060886.JPG,4.24,4.24,3.2290074825286865,-1.0109925174713137,1.0109925174713137
densenet121,concat_abs_diff,elasticnet,191,50,photos/top_view_images/P3060531.JPG,photos/side_view_images/P3060887.JPG,1.06,1.06,1.386056661605835,0.3260566616058349,0.3260566616058349
densenet121,concat_abs_diff,elasticnet,192,50,photos/top_view_images/P3060532.JPG,photos/side_view_images/P3060888.JPG,2.12,2.12,2.3892369270324707,0.2692369270324706,0.2692369270324706
densenet121,concat_abs_diff,elasticnet,193,50,photos/top_view_images/P3060533.JPG,photos/side_view_images/P3060889.JPG,3.18,3.18,3.5670833587646484,0.3870833587646483,0.3870833587646483
densenet121,concat_abs_diff,elasticnet,194,50,photos/top_view_images/P3060534.JPG,photos/side_view_images/P3060890.JPG,4.24,4.24,3.833214282989502,-0.40678571701049826,0.40678571701049826
densenet121,concat_abs_diff,elasticnet,195,51,photos/top_view_images/P3060535.JPG,photos/side_view_images/P3060891.JPG,1.06,1.06,1.1825580596923828,0.12255805969238276,0.12255805969238276
densenet121,concat_abs_diff,elasticnet,196,51,photos/top_view_images/P3060536.JPG,photos/side_view_images/P3060892.JPG,2.12,2.12,2.295689105987549,0.17568910598754872,0.17568910598754872
densenet121,concat_abs_diff,elasticnet,197,51,photos/top_view_images/P3060537.JPG,photos/side_view_images/P3060893.JPG,3.18,3.18,2.8917102813720703,-0.28828971862792985,0.28828971862792985
densenet121,concat_abs_diff,elasticnet,198,51,photos/top_view_images/P3060538.JPG,photos/side_view_images/P3060894.JPG,4.24,4.24,3.616424560546875,-0.6235754394531252,0.6235754394531252
densenet121,concat_abs_diff,elasticnet,199,52,photos/top_view_images/P3060539.JPG,photos/side_view_images/P3060895.JPG,1.06,1.06,1.2362747192382812,0.1762747192382812,0.1762747192382812
densenet121,concat_abs_diff,elasticnet,200,52,photos/top_view_images/P3060540.JPG,photos/side_view_images/P3060896.JPG,2.12,2.12,2.7013027667999268,0.5813027667999267,0.5813027667999267
densenet121,concat_abs_diff,elasticnet,201,52,photos/top_view_images/P3060541.JPG,photos/side_view_images/P3060897.JPG,3.18,3.18,3.173440456390381,-0.0065595436096193005,0.0065595436096193005
densenet121,concat_abs_diff,elasticnet,202,52,photos/top_view_images/P3060542.JPG,photos/side_view_images/P3060898.JPG,4.24,4.24,3.5384116172790527,-0.7015883827209475,0.7015883827209475
densenet121,concat_abs_diff,elasticnet,203,53,photos/top_view_images/P3060543.JPG,photos/side_view_images/P3060899.JPG,1.06,1.06,1.129220962524414,0.06922096252441401,0.06922096252441401
densenet121,concat_abs_diff,elasticnet,204,53,photos/top_view_images/P3060544.JPG,photos/side_view_images/P3060900.JPG,2.12,2.12,2.188650131225586,0.06865013122558583,0.06865013122558583
densenet121,concat_abs_diff,elasticnet,205,53,photos/top_view_images/P3060545.JPG,photos/side_view_images/P3060901.JPG,3.18,3.18,3.012935161590576,-0.167064838409424,0.167064838409424
densenet121,concat_abs_diff,elasticnet,206,53,photos/top_view_images/P3060546.JPG,photos/side_view_images/P3060902.JPG,4.24,4.24,3.3051819801330566,-0.9348180198669436,0.9348180198669436
densenet121,concat_abs_diff,elasticnet,207,54,photos/top_view_images/P3060547.JPG,photos/side_view_images/P3060903.JPG,1.06,1.06,1.5185942649841309,0.4585942649841308,0.4585942649841308
densenet121,concat_abs_diff,elasticnet,208,54,photos/top_view_images/P3060548.JPG,photos/side_view_images/P3060904.JPG,2.12,2.12,2.7654218673706055,0.6454218673706054,0.6454218673706054
densenet121,concat_abs_diff,elasticnet,209,54,photos/top_view_images/P3060549.JPG,photos/side_view_images/P3060905.JPG,3.18,3.18,3.4240896701812744,0.24408967018127425,0.24408967018127425
densenet121,concat_abs_diff,elasticnet,210,55,photos/top_view_images/P3060550.JPG,photos/side_view_images/P3060906.JPG,1.06,1.06,1.4807146787643433,0.4207146787643432,0.4207146787643432
densenet121,concat_abs_diff,elasticnet,211,55,photos/top_view_images/P3060551.JPG,photos/side_view_images/P3060907.JPG,2.12,2.12,2.7161097526550293,0.5961097526550292,0.5961097526550292
densenet121,concat_abs_diff,elasticnet,212,55,photos/top_view_images/P3060552.JPG,photos/side_view_images/P3060908.JPG,3.18,3.18,3.062112331390381,-0.1178876686096193,0.1178876686096193
densenet121,concat_abs_diff,elasticnet,213,55,photos/top_view_images/P3060553.JPG,photos/side_view_images/P3060909.JPG,4.24,4.24,3.558189868927002,-0.6818101310729983,0.6818101310729983
densenet121,concat_abs_diff,elasticnet,214,56,photos/top_view_images/P3060554.JPG,photos/side_view_images/P3060910.JPG,1.06,1.06,1.1689989566802979,0.1089989566802978,0.1089989566802978
densenet121,concat_abs_diff,elasticnet,215,56,photos/top_view_images/P3060555.JPG,photos/side_view_images/P3060911.JPG,2.12,2.12,2.3481972217559814,0.22819722175598134,0.22819722175598134
densenet121,concat_abs_diff,elasticnet,216,56,photos/top_view_images/P3060556.JPG,photos/side_view_images/P3060912.JPG,3.18,3.18,2.933366298675537,-0.24663370132446305,0.24663370132446305
densenet121,concat_abs_diff,elasticnet,217,57,photos/top_view_images/P3090558.JPG,photos/side_view_images/P3090914.JPG,1.06,1.06,1.1916673183441162,0.13166731834411616,0.13166731834411616
densenet121,concat_abs_diff,elasticnet,218,57,photos/top_view_images/P3090559.JPG,photos/side_view_images/P3090915.JPG,2.12,2.12,2.1684794425964355,0.04847944259643544,0.04847944259643544
densenet121,concat_abs_diff,elasticnet,219,57,photos/top_view_images/P3090560.JPG,photos/side_view_images/P3090916.JPG,3.18,3.18,2.834076166152954,-0.34592383384704606,0.34592383384704606
densenet121,concat_abs_diff,elasticnet,220,57,photos/top_view_images/P3090561.JPG,photos/side_view_images/P3090917.JPG,4.24,4.24,4.021656036376953,-0.2183439636230471,0.2183439636230471
densenet121,concat_abs_diff,elasticnet,221,58,photos/top_view_images/P3090562.JPG,photos/side_view_images/P3090918.JPG,1.06,1.06,1.379652500152588,0.31965250015258784,0.31965250015258784
densenet121,concat_abs_diff,elasticnet,222,58,photos/top_view_images/P3090563.JPG,photos/side_view_images/P3090919.JPG,2.12,2.12,2.247539520263672,0.12753952026367177,0.12753952026367177
densenet121,concat_abs_diff,elasticnet,223,58,photos/top_view_images/P3090564.JPG,photos/side_view_images/P3090920.JPG,3.18,3.18,3.243541717529297,0.06354171752929672,0.06354171752929672
densenet121,concat_abs_diff,elasticnet,224,58,photos/top_view_images/P3090565.JPG,photos/side_view_images/P3090921.JPG,4.24,4.24,3.750699520111084,-0.48930047988891623,0.48930047988891623
densenet121,concat_abs_diff,elasticnet,225,59,photos/top_view_images/P3090566.JPG,photos/side_view_images/P3090922.JPG,1.06,1.06,1.372277021408081,0.312277021408081,0.312277021408081
densenet121,concat_abs_diff,elasticnet,226,59,photos/top_view_images/P3090567.JPG,photos/side_view_images/P3090923.JPG,2.12,2.12,2.215369701385498,0.09536970138549794,0.09536970138549794
densenet121,concat_abs_diff,elasticnet,227,59,photos/top_view_images/P3090568.JPG,photos/side_view_images/P3090924.JPG,3.18,3.18,3.3120059967041016,0.1320059967041014,0.1320059967041014
densenet121,concat_abs_diff,elasticnet,228,59,photos/top_view_images/P3090569.JPG,photos/side_view_images/P3090925.JPG,4.24,4.24,3.705989360809326,-0.534010639190674,0.534010639190674
densenet121,concat_abs_diff,elasticnet,229,60,photos/top_view_images/P3090570.JPG,photos/side_view_images/P3090926.JPG,1.06,1.06,1.1811398267745972,0.12113982677459711,0.12113982677459711
densenet121,concat_abs_diff,elasticnet,230,60,photos/top_view_images/P3090571.JPG,photos/side_view_images/P3090927.JPG,2.12,2.12,1.9275918006896973,-0.19240819931030284,0.19240819931030284
densenet121,concat_abs_diff,elasticnet,231,60,photos/top_view_images/P3090572.JPG,photos/side_view_images/P3090928.JPG,3.18,3.18,2.6229310035705566,-0.5570689964294435,0.5570689964294435
densenet121,concat_abs_diff,elasticnet,232,60,photos/top_view_images/P3090573.JPG,photos/side_view_images/P3090929.JPG,4.24,4.24,3.938638925552368,-0.30136107444763205,0.30136107444763205
densenet121,concat_abs_diff,elasticnet,233,61,photos/top_view_images/P3090574.JPG,photos/side_view_images/P3090930.JPG,1.06,1.06,0.9420788288116455,-0.11792117118835455,0.11792117118835455
densenet121,concat_abs_diff,elasticnet,234,61,photos/top_view_images/P3090575.JPG,photos/side_view_images/P3090931.JPG,2.12,2.12,2.1233272552490234,0.003327255249023331,0.003327255249023331
densenet121,concat_abs_diff,elasticnet,235,61,photos/top_view_images/P3090576.JPG,photos/side_view_images/P3090932.JPG,3.18,3.18,2.8748891353607178,-0.3051108646392824,0.3051108646392824
densenet121,concat_abs_diff,elasticnet,236,61,photos/top_view_images/P3090577.JPG,photos/side_view_images/P3090933.JPG,4.24,4.24,3.4534122943878174,-0.7865877056121828,0.7865877056121828
densenet121,concat_abs_diff,elasticnet,237,62,photos/top_view_images/P3090578.JPG,photos/side_view_images/P3090934.JPG,1.06,1.06,1.7205607891082764,0.6605607891082763,0.6605607891082763
densenet121,concat_abs_diff,elasticnet,238,62,photos/top_view_images/P3090579.JPG,photos/side_view_images/P3090935.JPG,2.12,2.12,2.4215662479400635,0.30156624794006337,0.30156624794006337
densenet121,concat_abs_diff,elasticnet,239,62,photos/top_view_images/P3090580.JPG,photos/side_view_images/P3090936.JPG,3.18,3.18,3.506427764892578,0.32642776489257797,0.32642776489257797
densenet121,concat_abs_diff,elasticnet,240,62,photos/top_view_images/P3090581.JPG,photos/side_view_images/P3090937.JPG,4.24,4.24,3.9389586448669434,-0.30104135513305685,0.30104135513305685
densenet121,concat_abs_diff,elasticnet,241,63,photos/top_view_images/P3090582.JPG,photos/side_view_images/P3090938.JPG,1.06,1.06,1.3045194149017334,0.24451941490173335,0.24451941490173335
densenet121,concat_abs_diff,elasticnet,242,63,photos/top_view_images/P3090583.JPG,photos/side_view_images/P3090939.JPG,3.18,3.18,3.5872654914855957,0.40726549148559554,0.40726549148559554
densenet121,concat_abs_diff,elasticnet,243,63,photos/top_view_images/P3090584.JPG,photos/side_view_images/P3090940.JPG,4.24,4.24,3.470832109451294,-0.7691678905487063,0.7691678905487063
densenet121,concat_abs_diff,elasticnet,244,64,photos/top_view_images/P3090585.JPG,photos/side_view_images/P3090941.JPG,1.06,1.06,2.035080671310425,0.9750806713104248,0.9750806713104248
densenet121,concat_abs_diff,elasticnet,245,64,photos/top_view_images/P3090586.JPG,photos/side_view_images/P3090942.JPG,2.12,2.12,2.408345937728882,0.28834593772888173,0.28834593772888173
densenet121,concat_abs_diff,elasticnet,246,64,photos/top_view_images/P3090587.JPG,photos/side_view_images/P3090943.JPG,3.18,3.18,3.420084238052368,0.240084238052368,0.240084238052368
densenet121,concat_abs_diff,elasticnet,247,64,photos/top_view_images/P3090588.JPG,photos/side_view_images/P3090944.JPG,4.24,4.24,3.584258556365967,-0.6557414436340334,0.6557414436340334
densenet121,concat_abs_diff,elasticnet,248,65,photos/top_view_images/P3090589.JPG,photos/side_view_images/P3090945.JPG,1.06,1.06,0.9390068054199219,-0.12099319458007818,0.12099319458007818
densenet121,concat_abs_diff,elasticnet,249,65,photos/top_view_images/P3090590.JPG,photos/side_view_images/P3090946.JPG,2.12,2.12,1.9275262355804443,-0.19247376441955577,0.19247376441955577
densenet121,concat_abs_diff,elasticnet,250,65,photos/top_view_images/P3090591.JPG,photos/side_view_images/P3090947.JPG,3.18,3.18,3.1360511779785156,-0.043948822021484535,0.043948822021484535
densenet121,concat_abs_diff,elasticnet,251,65,photos/top_view_images/P3090592.JPG,photos/side_view_images/P3090948.JPG,4.24,4.24,4.2847514152526855,0.044751415252685334,0.044751415252685334
densenet121,concat_abs_diff,elasticnet,252,66,photos/top_view_images/P3090593.JPG,photos/side_view_images/P3090949.JPG,1.06,1.06,1.4023404121398926,0.3423404121398925,0.3423404121398925
densenet121,concat_abs_diff,elasticnet,253,66,photos/top_view_images/P3090594.JPG,photos/side_view_images/P3090950.JPG,2.12,2.12,2.426741600036621,0.306741600036621,0.306741600036621
densenet121,concat_abs_diff,elasticnet,254,66,photos/top_view_images/P3090596.JPG,photos/side_view_images/P3090952.JPG,3.18,3.18,2.999784231185913,-0.18021576881408707,0.18021576881408707
densenet121,concat_abs_diff,elasticnet,255,66,photos/top_view_images/P3090597.JPG,photos/side_view_images/P3090953.JPG,4.24,4.24,3.9818689823150635,-0.25813101768493674,0.25813101768493674
densenet121,concat_abs_diff,elasticnet,256,67,photos/top_view_images/P3090598.JPG,photos/side_view_images/P3090954.JPG,1.06,1.06,1.3091713190078735,0.24917131900787348,0.24917131900787348
densenet121,concat_abs_diff,elasticnet,257,67,photos/top_view_images/P3090599.JPG,photos/side_view_images/P3090955.JPG,2.12,2.12,2.297363519668579,0.177363519668579,0.177363519668579
densenet121,concat_abs_diff,elasticnet,258,67,photos/top_view_images/P3090600.JPG,photos/side_view_images/P3090956.JPG,3.18,3.18,3.2250611782073975,0.0450611782073973,0.0450611782073973
densenet121,concat_abs_diff,elasticnet,259,67,photos/top_view_images/P3090601.JPG,photos/side_view_images/P3090957.JPG,4.24,4.24,3.7588534355163574,-0.4811465644836428,0.4811465644836428
densenet121,concat_abs_diff,elasticnet,260,68,photos/top_view_images/P3090602.JPG,photos/side_view_images/P3090958.JPG,1.06,1.06,1.5162816047668457,0.45628160476684565,0.45628160476684565
densenet121,concat_abs_diff,elasticnet,261,68,photos/top_view_images/P3090603.JPG,photos/side_view_images/P3090959.JPG,2.12,2.12,2.3078556060791016,0.18785560607910146,0.18785560607910146
densenet121,concat_abs_diff,elasticnet,262,68,photos/top_view_images/P3090604.JPG,photos/side_view_images/P3090960.JPG,3.18,3.18,3.4131510257720947,0.23315102577209457,0.23315102577209457
densenet121,concat_abs_diff,elasticnet,263,68,photos/top_view_images/P3090605.JPG,photos/side_view_images/P3090961.JPG,4.24,4.24,3.6035521030426025,-0.6364478969573977,0.6364478969573977
densenet121,concat_abs_diff,elasticnet,264,69,photos/top_view_images/P3090606.JPG,photos/side_view_images/P3090962.JPG,1.06,1.06,1.539567470550537,0.47956747055053706,0.47956747055053706
densenet121,concat_abs_diff,elasticnet,265,69,photos/top_view_images/P3090607.JPG,photos/side_view_images/P3090963.JPG,2.12,2.12,2.046201705932617,-0.07379829406738292,0.07379829406738292
densenet121,concat_abs_diff,elasticnet,266,69,photos/top_view_images/P3090608.JPG,photos/side_view_images/P3090964.JPG,3.18,3.18,3.1647520065307617,-0.015247993469238441,0.015247993469238441
densenet121,concat_abs_diff,elasticnet,267,69,photos/top_view_images/P3090609.JPG,photos/side_view_images/P3090965.JPG,4.24,4.24,3.4834651947021484,-0.7565348052978518,0.7565348052978518
densenet121,concat_abs_diff,elasticnet,268,70,photos/top_view_images/P3090610.JPG,photos/side_view_images/P3090966.JPG,1.06,1.06,1.0723021030426025,0.012302103042602486,0.012302103042602486
densenet121,concat_abs_diff,elasticnet,269,70,photos/top_view_images/P3090612.JPG,photos/side_view_images/P3090967.JPG,2.12,2.12,2.381099224090576,0.26109922409057607,0.26109922409057607
densenet121,concat_abs_diff,elasticnet,270,70,photos/top_view_images/P3090613.JPG,photos/side_view_images/P3090968.JPG,3.18,3.18,2.7638585567474365,-0.41614144325256364,0.41614144325256364
densenet121,concat_abs_diff,elasticnet,271,70,photos/top_view_images/P3090614.JPG,photos/side_view_images/P3090969.JPG,4.24,4.24,4.030068397521973,-0.20993160247802756,0.20993160247802756
densenet121,concat_abs_diff,elasticnet,272,71,photos/top_view_images/P3090615.JPG,photos/side_view_images/P3090970.JPG,1.06,1.06,1.6663836240768433,0.6063836240768432,0.6063836240768432
densenet121,concat_abs_diff,elasticnet,273,71,photos/top_view_images/P3090616.JPG,photos/side_view_images/P3090971.JPG,2.12,2.12,2.144338369369507,0.02433836936950673,0.02433836936950673
densenet121,concat_abs_diff,elasticnet,274,71,photos/top_view_images/P3090617.JPG,photos/side_view_images/P3090972.JPG,3.18,3.18,3.202282190322876,0.022282190322875817,0.022282190322875817
densenet121,concat_abs_diff,elasticnet,275,71,photos/top_view_images/P3090618.JPG,photos/side_view_images/P3090973.JPG,4.24,4.24,3.8854916095733643,-0.35450839042663596,0.35450839042663596
densenet121,concat_abs_diff,elasticnet,276,72,photos/top_view_images/P3090619.JPG,photos/side_view_images/P3090974.JPG,1.06,1.06,1.4821710586547852,0.4221710586547851,0.4221710586547851
densenet121,concat_abs_diff,elasticnet,277,72,photos/top_view_images/P3090620.JPG,photos/side_view_images/P3090975.JPG,2.12,2.12,1.9008530378341675,-0.21914696216583263,0.21914696216583263
densenet121,concat_abs_diff,elasticnet,278,72,photos/top_view_images/P3090621.JPG,photos/side_view_images/P3090976.JPG,3.18,3.18,2.9018983840942383,-0.2781016159057619,0.2781016159057619
densenet121,concat_abs_diff,elasticnet,279,72,photos/top_view_images/P3090622.JPG,photos/side_view_images/P3090977.JPG,4.24,4.24,3.7877652645111084,-0.4522347354888918,0.4522347354888918
densenet121,concat_abs_diff,elasticnet,280,73,photos/top_view_images/P3090623.JPG,photos/side_view_images/P3090978.JPG,1.06,1.06,1.5971958637237549,0.5371958637237548,0.5371958637237548
densenet121,concat_abs_diff,elasticnet,281,73,photos/top_view_images/P3090624.JPG,photos/side_view_images/P3090979.JPG,2.12,2.12,2.0577785968780518,-0.06222140312194835,0.06222140312194835
densenet121,concat_abs_diff,elasticnet,282,73,photos/top_view_images/P3090625.JPG,photos/side_view_images/P3090980.JPG,3.18,3.18,3.2176194190979004,0.03761941909790023,0.03761941909790023
densenet121,concat_abs_diff,elasticnet,283,73,photos/top_view_images/P3090626.JPG,photos/side_view_images/P3090981.JPG,4.24,4.24,3.635409116744995,-0.6045908832550051,0.6045908832550051
densenet121,concat_abs_diff,elasticnet,284,74,photos/top_view_images/P3090627.JPG,photos/side_view_images/P3090982.JPG,1.06,1.06,1.3003313541412354,0.2403313541412353,0.2403313541412353
densenet121,concat_abs_diff,elasticnet,285,74,photos/top_view_images/P3090628.JPG,photos/side_view_images/P3090983.JPG,2.12,2.12,2.2107253074645996,0.0907253074645995,0.0907253074645995
densenet121,concat_abs_diff,elasticnet,286,74,photos/top_view_images/P3090629.JPG,photos/side_view_images/P3090984.JPG,3.18,3.18,3.4845614433288574,0.30456144332885726,0.30456144332885726
densenet121,concat_abs_diff,elasticnet,287,74,photos/top_view_images/P3090630.JPG,photos/side_view_images/P3090985.JPG,4.24,4.24,4.076942443847656,-0.16305755615234396,0.16305755615234396
densenet121,concat_abs_diff,elasticnet,288,75,photos/top_view_images/P3100631.JPG,photos/side_view_images/P3100986.JPG,1.06,1.06,0.8441078662872314,-0.2158921337127686,0.2158921337127686
densenet121,concat_abs_diff,elasticnet,289,75,photos/top_view_images/P3100632.JPG,photos/side_view_images/P3100987.JPG,2.12,2.12,2.2789411544799805,0.15894115447998036,0.15894115447998036
densenet121,concat_abs_diff,elasticnet,290,75,photos/top_view_images/P3100633.JPG,photos/side_view_images/P3100988.JPG,3.18,3.18,3.5319015979766846,0.3519015979766844,0.3519015979766844
densenet121,concat_abs_diff,elasticnet,291,75,photos/top_view_images/P3100634.JPG,photos/side_view_images/P3100989.JPG,4.24,4.24,3.852163076400757,-0.3878369235992434,0.3878369235992434
densenet121,concat_abs_diff,elasticnet,292,76,photos/top_view_images/P3100635.JPG,photos/side_view_images/P3100990.JPG,1.06,1.06,1.4004464149475098,0.3404464149475097,0.3404464149475097
densenet121,concat_abs_diff,elasticnet,293,76,photos/top_view_images/P3100636.JPG,photos/side_view_images/P3100991.JPG,2.12,2.12,1.859807014465332,-0.2601929855346681,0.2601929855346681
densenet121,concat_abs_diff,elasticnet,294,76,photos/top_view_images/P3100637.JPG,photos/side_view_images/P3100992.JPG,3.18,3.18,3.43807053565979,0.2580705356597899,0.2580705356597899
densenet121,concat_abs_diff,elasticnet,295,76,photos/top_view_images/P3100638.JPG,photos/side_view_images/P3100993.JPG,4.24,4.24,3.9691991806030273,-0.27080081939697287,0.27080081939697287
densenet121,concat_abs_diff,elasticnet,296,77,photos/top_view_images/P3100639.JPG,photos/side_view_images/P3100994.JPG,1.06,1.06,1.2848085165023804,0.22480851650238032,0.22480851650238032
densenet121,concat_abs_diff,elasticnet,297,77,photos/top_view_images/P3100640.JPG,photos/side_view_images/P3100995.JPG,2.12,2.12,1.6387041807174683,-0.48129581928253184,0.48129581928253184
densenet121,concat_abs_diff,elasticnet,298,77,photos/top_view_images/P3100641.JPG,photos/side_view_images/P3100996.JPG,3.18,3.18,3.595531940460205,0.4155319404602049,0.4155319404602049
densenet121,concat_abs_diff,elasticnet,299,78,photos/top_view_images/P3100643.JPG,photos/side_view_images/P3100997.JPG,1.06,1.06,1.2353404760360718,0.17534047603607172,0.17534047603607172
densenet121,concat_abs_diff,elasticnet,300,78,photos/top_view_images/P3100644.JPG,photos/side_view_images/P3100998.JPG,2.12,2.12,1.9078776836395264,-0.21212231636047374,0.21212231636047374
densenet121,concat_abs_diff,elasticnet,301,78,photos/top_view_images/P3100645.JPG,photos/side_view_images/P3100999.JPG,3.18,3.18,3.077484369277954,-0.10251563072204606,0.10251563072204606
densenet121,concat_abs_diff,elasticnet,302,78,photos/top_view_images/P3100646.JPG,photos/side_view_images/P3101000.JPG,4.24,4.24,3.8434932231903076,-0.3965067768096926,0.3965067768096926
densenet121,concat_abs_diff,elasticnet,303,79,photos/top_view_images/P3100647.JPG,photos/side_view_images/P3101001.JPG,1.06,1.06,1.0836975574493408,0.023697557449340767,0.023697557449340767
densenet121,concat_abs_diff,elasticnet,304,79,photos/top_view_images/P3100648.JPG,photos/side_view_images/P3101002.JPG,2.12,2.12,2.2719624042510986,0.15196240425109853,0.15196240425109853
densenet121,concat_abs_diff,elasticnet,305,79,photos/top_view_images/P3100649.JPG,photos/side_view_images/P3101003.JPG,3.18,3.18,3.7647695541381836,0.5847695541381834,0.5847695541381834
densenet121,concat_abs_diff,elasticnet,306,80,photos/top_view_images/P3100650.JPG,photos/side_view_images/P3101004.JPG,1.06,1.06,1.3848724365234375,0.32487243652343745,0.32487243652343745
densenet121,concat_abs_diff,elasticnet,307,80,photos/top_view_images/P3100651.JPG,photos/side_view_images/P3101005.JPG,2.12,2.12,2.4604909420013428,0.34049094200134267,0.34049094200134267
densenet121,concat_abs_diff,elasticnet,308,80,photos/top_view_images/P3100652.JPG,photos/side_view_images/P3101006.JPG,3.18,3.18,3.8712711334228516,0.6912711334228514,0.6912711334228514
densenet121,concat_abs_diff,elasticnet,309,80,photos/top_view_images/P3100653.JPG,photos/side_view_images/P3101007.JPG,4.24,4.24,4.066318511962891,-0.1736814880371096,0.1736814880371096
densenet121,concat_abs_diff,elasticnet,310,81,photos/top_view_images/P3100654.JPG,photos/side_view_images/P3101008.JPG,1.06,1.06,0.691819429397583,-0.36818057060241705,0.36818057060241705
densenet121,concat_abs_diff,elasticnet,311,81,photos/top_view_images/P3100655.JPG,photos/side_view_images/P3101009.JPG,2.12,2.12,2.391183376312256,0.27118337631225575,0.27118337631225575
densenet121,concat_abs_diff,elasticnet,312,81,photos/top_view_images/P3100656.JPG,photos/side_view_images/P3101010.JPG,3.18,3.18,3.4143991470336914,0.23439914703369125,0.23439914703369125
densenet121,concat_abs_diff,elasticnet,313,81,photos/top_view_images/P3100657.JPG,photos/side_view_images/P3101011.JPG,4.24,4.24,3.8380391597747803,-0.40196084022521994,0.40196084022521994
densenet121,concat_abs_diff,elasticnet,314,82,photos/top_view_images/P3120658.JPG,photos/side_view_images/P3121012.JPG,1.06,1.06,1.4330226182937622,0.37302261829376215,0.37302261829376215
densenet121,concat_abs_diff,elasticnet,315,82,photos/top_view_images/P3120659.JPG,photos/side_view_images/P3121013.JPG,2.12,2.12,2.766054153442383,0.6460541534423827,0.6460541534423827
densenet121,concat_abs_diff,elasticnet,316,82,photos/top_view_images/P3120660.JPG,photos/side_view_images/P3121014.JPG,3.18,3.18,3.163773536682129,-0.016226463317871254,0.016226463317871254
densenet121,concat_abs_diff,elasticnet,317,82,photos/top_view_images/P3120661.JPG,photos/side_view_images/P3121015.JPG,4.24,4.24,3.8454298973083496,-0.3945701026916506,0.3945701026916506
densenet121,concat_abs_diff,elasticnet,318,83,photos/top_view_images/P3120662.JPG,photos/side_view_images/P3121016.JPG,1.06,1.06,1.4139108657836914,0.35391086578369135,0.35391086578369135
densenet121,concat_abs_diff,elasticnet,319,83,photos/top_view_images/P3120663.JPG,photos/side_view_images/P3121017.JPG,2.12,2.12,2.2757086753845215,0.15570867538452138,0.15570867538452138
densenet121,concat_abs_diff,elasticnet,320,83,photos/top_view_images/P3120664.JPG,photos/side_view_images/P3121018.JPG,3.18,3.18,3.5584301948547363,0.37843019485473617,0.37843019485473617
densenet121,concat_abs_diff,elasticnet,321,83,photos/top_view_images/P3120665.JPG,photos/side_view_images/P3121019.JPG,4.24,4.24,4.145134449005127,-0.09486555099487326,0.09486555099487326
densenet121,concat_abs_diff,elasticnet,322,84,photos/top_view_images/P3120666.JPG,photos/side_view_images/P3121020.JPG,1.06,1.06,1.4682397842407227,0.4082397842407226,0.4082397842407226
densenet121,concat_abs_diff,elasticnet,323,84,photos/top_view_images/P3120667.JPG,photos/side_view_images/P3121021.JPG,2.12,2.12,2.564338207244873,0.44433820724487294,0.44433820724487294
densenet121,concat_abs_diff,elasticnet,324,84,photos/top_view_images/P3120668.JPG,photos/side_view_images/P3121022.JPG,3.18,3.18,3.2449560165405273,0.06495601654052718,0.06495601654052718
densenet121,concat_abs_diff,elasticnet,325,84,photos/top_view_images/P3120669.JPG,photos/side_view_images/P3121023.JPG,4.24,4.24,3.8529999256134033,-0.3870000743865969,0.3870000743865969
densenet121,concat_abs_diff,elasticnet,326,85,photos/top_view_images/P3120670.JPG,photos/side_view_images/P3121024.JPG,1.06,1.06,1.6232891082763672,0.5632891082763671,0.5632891082763671
densenet121,concat_abs_diff,elasticnet,327,85,photos/top_view_images/P3120671.JPG,photos/side_view_images/P3121025.JPG,2.12,2.12,2.4510271549224854,0.33102715492248524,0.33102715492248524
densenet121,concat_abs_diff,elasticnet,328,85,photos/top_view_images/P3120672.JPG,photos/side_view_images/P3121026.JPG,3.18,3.18,3.768193006515503,0.5881930065155028,0.5881930065155028
densenet121,concat_abs_diff,elasticnet,329,85,photos/top_view_images/P3120673.JPG,photos/side_view_images/P3121027.JPG,4.24,4.24,3.1963250637054443,-1.0436749362945559,1.0436749362945559
densenet121,concat_abs_diff,elasticnet,330,86,photos/top_view_images/P3120674.JPG,photos/side_view_images/P3121028.JPG,1.06,1.06,1.0020949840545654,-0.057905015945434624,0.057905015945434624
densenet121,concat_abs_diff,elasticnet,331,86,photos/top_view_images/P3120675.JPG,photos/side_view_images/P3121029.JPG,2.12,2.12,1.9763762950897217,-0.14362370491027843,0.14362370491027843
densenet121,concat_abs_diff,elasticnet,332,86,photos/top_view_images/P3120676.JPG,photos/side_view_images/P3121030.JPG,3.18,3.18,2.6701509952545166,-0.5098490047454836,0.5098490047454836
densenet121,concat_abs_diff,elasticnet,333,86,photos/top_view_images/P3120677.JPG,photos/side_view_images/P3121031.JPG,4.24,4.24,3.209653854370117,-1.030346145629883,1.030346145629883
densenet121,concat_abs_diff,elasticnet,334,87,photos/top_view_images/P3120678.JPG,photos/side_view_images/P3121032.JPG,1.06,1.06,1.4141645431518555,0.3541645431518554,0.3541645431518554
densenet121,concat_abs_diff,elasticnet,335,87,photos/top_view_images/P3120679.JPG,photos/side_view_images/P3121033.JPG,2.12,2.12,2.2031049728393555,0.08310497283935536,0.08310497283935536
densenet121,concat_abs_diff,elasticnet,336,87,photos/top_view_images/P3120680.JPG,photos/side_view_images/P3121034.JPG,3.18,3.18,3.6505026817321777,0.4705026817321776,0.4705026817321776
densenet121,concat_abs_diff,elasticnet,337,87,photos/top_view_images/P3120681.JPG,photos/side_view_images/P3121035.JPG,4.24,4.24,3.4682750701904297,-0.7717249298095705,0.7717249298095705
densenet121,concat_abs_diff,elasticnet,338,88,photos/top_view_images/P3120682.JPG,photos/side_view_images/P3121036.JPG,1.06,1.06,1.343721866607666,0.28372186660766596,0.28372186660766596
densenet121,concat_abs_diff,elasticnet,339,88,photos/top_view_images/P3120683.JPG,photos/side_view_images/P3121037.JPG,2.12,2.12,1.814410924911499,-0.3055890750885011,0.3055890750885011
densenet121,concat_abs_diff,elasticnet,340,88,photos/top_view_images/P3120684.JPG,photos/side_view_images/P3121038.JPG,3.18,3.18,3.12809157371521,-0.0519084262847902,0.0519084262847902
densenet121,concat_abs_diff,elasticnet,341,88,photos/top_view_images/P3120685.JPG,photos/side_view_images/P3121039.JPG,4.24,4.24,3.8088979721069336,-0.4311020278930666,0.4311020278930666
densenet121,concat_abs_diff,elasticnet,342,89,photos/top_view_images/P3120686.JPG,photos/side_view_images/P3121040.JPG,1.06,1.06,1.357285976409912,0.29728597640991206,0.29728597640991206
densenet121,concat_abs_diff,elasticnet,343,89,photos/top_view_images/P3120687.JPG,photos/side_view_images/P3121041.JPG,2.12,2.12,2.1326990127563477,0.01269901275634755,0.01269901275634755
densenet121,concat_abs_diff,elasticnet,344,89,photos/top_view_images/P3120688.JPG,photos/side_view_images/P3121042.JPG,3.18,3.18,3.4232213497161865,0.24322134971618636,0.24322134971618636
densenet121,concat_abs_diff,elasticnet,345,89,photos/top_view_images/P3120689.JPG,photos/side_view_images/P3121043.JPG,4.24,4.24,3.9047155380249023,-0.33528446197509787,0.33528446197509787
densenet121,concat_abs_diff,elasticnet,346,90,photos/top_view_images/P3120690.JPG,photos/side_view_images/P3121044.JPG,1.06,1.06,1.423666000366211,0.3636660003662109,0.3636660003662109
densenet121,concat_abs_diff,elasticnet,347,90,photos/top_view_images/P3120691.JPG,photos/side_view_images/P3121045.JPG,2.12,2.12,1.981083869934082,-0.13891613006591808,0.13891613006591808
densenet121,concat_abs_diff,elasticnet,348,90,photos/top_view_images/P3120692.JPG,photos/side_view_images/P3121046.JPG,3.18,3.18,3.4749045372009277,0.2949045372009276,0.2949045372009276
densenet121,concat_abs_diff,elasticnet,349,90,photos/top_view_images/P3120693.JPG,photos/side_view_images/P3121047.JPG,4.24,4.24,4.079373836517334,-0.16062616348266623,0.16062616348266623
densenet121,concat_abs_diff,elasticnet,350,91,photos/top_view_images/P3120694.JPG,photos/side_view_images/P3121048.JPG,1.06,1.06,1.36574387550354,0.30574387550354,0.30574387550354
densenet121,concat_abs_diff,elasticnet,351,91,photos/top_view_images/P3120695.JPG,photos/side_view_images/P3121049.JPG,2.12,2.12,1.6562902927398682,-0.46370970726013194,0.46370970726013194
densenet121,concat_abs_diff,elasticnet,352,91,photos/top_view_images/P3120696.JPG,photos/side_view_images/P3121050.JPG,3.18,3.18,3.15712571144104,-0.02287428855896012,0.02287428855896012
densenet121,concat_abs_diff,elasticnet,353,91,photos/top_view_images/P3120697.JPG,photos/side_view_images/P3121051.JPG,4.24,4.24,3.4625933170318604,-0.7774066829681399,0.7774066829681399
densenet121,concat_abs_diff,elasticnet,354,92,photos/top_view_images/P3120698.JPG,photos/side_view_images/P3121052.JPG,1.06,1.06,1.6798053979873657,0.6198053979873657,0.6198053979873657
densenet121,concat_abs_diff,elasticnet,355,92,photos/top_view_images/P3120699.JPG,photos/side_view_images/P3121053.JPG,2.12,2.12,2.432568311691284,0.3125683116912841,0.3125683116912841
densenet121,concat_abs_diff,elasticnet,356,92,photos/top_view_images/P3120700.JPG,photos/side_view_images/P3121054.JPG,3.18,3.18,3.5365068912506104,0.3565068912506102,0.3565068912506102
densenet121,concat_abs_diff,elasticnet,357,92,photos/top_view_images/P3120701.JPG,photos/side_view_images/P3121055.JPG,4.24,4.24,3.96260666847229,-0.2773933315277102,0.2773933315277102
densenet121,concat_abs_diff,elasticnet,358,93,photos/top_view_images/P3120702.JPG,photos/side_view_images/P3121056.JPG,1.06,1.06,1.775599718093872,0.715599718093872,0.715599718093872
densenet121,concat_abs_diff,elasticnet,359,93,photos/top_view_images/P3120703.JPG,photos/side_view_images/P3121057.JPG,2.12,2.12,1.9870519638061523,-0.13294803619384776,0.13294803619384776
densenet121,concat_abs_diff,elasticnet,360,93,photos/top_view_images/P3120704.JPG,photos/side_view_images/P3121058.JPG,3.18,3.18,3.3814258575439453,0.20142585754394515,0.20142585754394515
densenet121,concat_abs_diff,elasticnet,361,93,photos/top_view_images/P3120705.JPG,photos/side_view_images/P3121059.JPG,4.24,4.24,3.817234516143799,-0.4227654838562014,0.4227654838562014
densenet121,concat_abs_diff,elasticnet,362,94,photos/top_view_images/P3120706.JPG,photos/side_view_images/P3121060.JPG,1.06,1.06,1.6159573793411255,0.5559573793411254,0.5559573793411254
densenet121,concat_abs_diff,elasticnet,363,94,photos/top_view_images/P3120707.JPG,photos/side_view_images/P3121061.JPG,2.12,2.12,1.8971387147903442,-0.22286128520965587,0.22286128520965587
densenet121,concat_abs_diff,elasticnet,364,94,photos/top_view_images/P3120708.JPG,photos/side_view_images/P3121062.JPG,3.18,3.18,2.905224323272705,-0.2747756767272951,0.2747756767272951
densenet121,concat_abs_diff,elasticnet,365,94,photos/top_view_images/P3120709.JPG,photos/side_view_images/P3121063.JPG,4.24,4.24,3.717310905456543,-0.5226890945434572,0.5226890945434572
densenet121,concat_abs_diff,elasticnet,366,95,photos/top_view_images/P3120710.JPG,photos/side_view_images/P3121064.JPG,1.06,1.06,1.4211742877960205,0.36117428779602045,0.36117428779602045
densenet121,concat_abs_diff,elasticnet,367,95,photos/top_view_images/P3120711.JPG,photos/side_view_images/P3121065.JPG,2.12,2.12,2.1117758750915527,-0.008224124908447372,0.008224124908447372
densenet121,concat_abs_diff,elasticnet,368,95,photos/top_view_images/P3120712.JPG,photos/side_view_images/P3121066.JPG,3.18,3.18,3.447983980178833,0.26798398017883285,0.26798398017883285
densenet121,concat_abs_diff,elasticnet,369,95,photos/top_view_images/P3120713.JPG,photos/side_view_images/P3121067.JPG,4.24,4.24,4.082724571228027,-0.15727542877197287,0.15727542877197287
densenet121,concat_abs_diff,elasticnet,370,96,photos/top_view_images/P3130714.JPG,photos/side_view_images/P3131068.JPG,1.06,1.06,1.755104899406433,0.695104899406433,0.695104899406433
densenet121,concat_abs_diff,elasticnet,371,96,photos/top_view_images/P3130715.JPG,photos/side_view_images/P3131069.JPG,2.12,2.12,2.0714001655578613,-0.04859983444213878,0.04859983444213878
densenet121,concat_abs_diff,elasticnet,372,96,photos/top_view_images/P3130716.JPG,photos/side_view_images/P3131070.JPG,3.18,3.18,3.140347480773926,-0.03965251922607438,0.03965251922607438
densenet121,concat_abs_diff,elasticnet,373,96,photos/top_view_images/P3130717.JPG,photos/side_view_images/P3131071.JPG,4.24,4.24,4.322349548339844,0.08234954833984354,0.08234954833984354
densenet121,concat_abs_diff,elasticnet,374,97,photos/top_view_images/P3130718.JPG,photos/side_view_images/P3131072.JPG,1.06,1.06,1.6040375232696533,0.5440375232696533,0.5440375232696533
densenet121,concat_abs_diff,elasticnet,375,97,photos/top_view_images/P3130719.JPG,photos/side_view_images/P3131073.JPG,2.12,2.12,2.1953718662261963,0.07537186622619618,0.07537186622619618
densenet121,concat_abs_diff,elasticnet,376,97,photos/top_view_images/P3130720.JPG,photos/side_view_images/P3131074.JPG,3.18,3.18,3.6359057426452637,0.4559057426452635,0.4559057426452635
densenet121,concat_abs_diff,elasticnet,377,97,photos/top_view_images/P3130721.JPG,photos/side_view_images/P3131075.JPG,4.24,4.24,3.7229790687561035,-0.5170209312438967,0.5170209312438967
densenet121,concat_abs_diff,elasticnet,378,98,photos/top_view_images/P3130722.JPG,photos/side_view_images/P3131076.JPG,1.06,1.06,1.3738315105438232,0.3138315105438232,0.3138315105438232
densenet121,concat_abs_diff,elasticnet,379,98,photos/top_view_images/P3130723.JPG,photos/side_view_images/P3131077.JPG,2.12,2.12,1.8838847875595093,-0.23611521244049083,0.23611521244049083
densenet121,concat_abs_diff,elasticnet,380,98,photos/top_view_images/P3130724.JPG,photos/side_view_images/P3131078.JPG,3.18,3.18,2.6541647911071777,-0.5258352088928224,0.5258352088928224
densenet121,concat_abs_diff,elasticnet,381,98,photos/top_view_images/P3130725.JPG,photos/side_view_images/P3131079.JPG,4.24,4.24,3.5357208251953125,-0.7042791748046877,0.7042791748046877
densenet121,concat_abs_diff,elasticnet,382,99,photos/top_view_images/P3130726.JPG,photos/side_view_images/P3131080.JPG,1.06,1.06,1.4738296270370483,0.4138296270370483,0.4138296270370483
densenet121,concat_abs_diff,elasticnet,383,99,photos/top_view_images/P3130727.JPG,photos/side_view_images/P3131081.JPG,2.12,2.12,2.2631657123565674,0.14316571235656728,0.14316571235656728
densenet121,concat_abs_diff,elasticnet,384,99,photos/top_view_images/P3130728.JPG,photos/side_view_images/P3131082.JPG,3.18,3.18,2.983287811279297,-0.19671218872070328,0.19671218872070328
densenet121,concat_abs_diff,elasticnet,385,99,photos/top_view_images/P3130729.JPG,photos/side_view_images/P3131083.JPG,4.24,4.24,3.7662856578826904,-0.4737143421173098,0.4737143421173098
densenet121,concat_abs_diff,elasticnet,386,100,photos/top_view_images/P3130730.JPG,photos/side_view_images/P3131084.JPG,1.06,1.06,0.9006803035736084,-0.15931969642639165,0.15931969642639165
densenet121,concat_abs_diff,elasticnet,387,100,photos/top_view_images/P3130731.JPG,photos/side_view_images/P3131085.JPG,2.12,2.12,1.9938087463378906,-0.12619125366210948,0.12619125366210948
densenet121,concat_abs_diff,elasticnet,388,100,photos/top_view_images/P3130732.JPG,photos/side_view_images/P3131086.JPG,3.18,3.18,3.292276620864868,0.112276620864868,0.112276620864868
densenet121,concat_abs_diff,elasticnet,389,100,photos/top_view_images/P3130733.JPG,photos/side_view_images/P3131087.JPG,4.24,4.24,3.8086986541748047,-0.4313013458251955,0.4313013458251955
densenet121,concat_abs_diff,elasticnet,390,101,photos/top_view_images/P3130734.JPG,photos/side_view_images/P3131088.JPG,1.06,1.06,1.2247660160064697,0.16476601600646967,0.16476601600646967
densenet121,concat_abs_diff,elasticnet,391,101,photos/top_view_images/P3130735.JPG,photos/side_view_images/P3131089.JPG,2.12,2.12,2.573795795440674,0.4537957954406737,0.4537957954406737
densenet121,concat_abs_diff,elasticnet,392,101,photos/top_view_images/P3130736.JPG,photos/side_view_images/P3131090.JPG,3.18,3.18,3.0987348556518555,-0.08126514434814469,0.08126514434814469
densenet121,concat_abs_diff,elasticnet,393,102,photos/top_view_images/P3130737.JPG,photos/side_view_images/P3131091.JPG,1.06,1.06,1.197557806968689,0.1375578069686889,0.1375578069686889
densenet121,concat_abs_diff,elasticnet,394,102,photos/top_view_images/P3130738.JPG,photos/side_view_images/P3131092.JPG,2.12,2.12,2.148503541946411,0.028503541946411026,0.028503541946411026
densenet121,concat_abs_diff,elasticnet,395,102,photos/top_view_images/P3130739.JPG,photos/side_view_images/P3131093.JPG,3.18,3.18,2.906813621520996,-0.27318637847900407,0.27318637847900407
densenet121,concat_abs_diff,elasticnet,396,102,photos/top_view_images/P3130740.JPG,photos/side_view_images/P3131094.JPG,4.24,4.24,3.6982407569885254,-0.5417592430114748,0.5417592430114748
densenet121,concat_abs_diff,elasticnet,397,103,photos/top_view_images/P3130741.JPG,photos/side_view_images/P3131095.JPG,1.06,1.06,1.3678215742111206,0.30782157421112055,0.30782157421112055
densenet121,concat_abs_diff,elasticnet,398,103,photos/top_view_images/P3130742.JPG,photos/side_view_images/P3131096.JPG,2.12,2.12,1.6736005544662476,-0.44639944553375255,0.44639944553375255
densenet121,concat_abs_diff,elasticnet,399,103,photos/top_view_images/P3130743.JPG,photos/side_view_images/P3131097.JPG,3.18,3.18,2.968390941619873,-0.2116090583801271,0.2116090583801271
densenet121,concat_abs_diff,elasticnet,400,103,photos/top_view_images/P3130744.JPG,photos/side_view_images/P3131098.JPG,4.24,4.24,3.8323686122894287,-0.4076313877105715,0.4076313877105715
densenet121,concat_abs_diff,elasticnet,401,104,photos/top_view_images/P3130745.JPG,photos/side_view_images/P3131099.JPG,1.06,1.06,0.8849489688873291,-0.17505103111267095,0.17505103111267095
densenet121,concat_abs_diff,elasticnet,402,104,photos/top_view_images/P3130746.JPG,photos/side_view_images/P3131100.JPG,2.12,2.12,2.1045639514923096,-0.015436048507690536,0.015436048507690536
densenet121,concat_abs_diff,elasticnet,403,104,photos/top_view_images/P3130747.JPG,photos/side_view_images/P3131101.JPG,3.18,3.18,2.9838123321533203,-0.19618766784667985,0.19618766784667985
densenet121,concat_abs_diff,elasticnet,404,104,photos/top_view_images/P3130748.JPG,photos/side_view_images/P3131102.JPG,4.24,4.24,3.6931488513946533,-0.5468511486053469,0.5468511486053469
densenet121,concat_abs_diff,elasticnet,405,105,photos/top_view_images/P3130749.JPG,photos/side_view_images/P3131103.JPG,1.06,1.06,1.5173282623291016,0.4573282623291015,0.4573282623291015
densenet121,concat_abs_diff,elasticnet,406,105,photos/top_view_images/P3130750.JPG,photos/side_view_images/P3131104.JPG,2.12,2.12,2.456801652908325,0.3368016529083251,0.3368016529083251
densenet121,concat_abs_diff,elasticnet,407,105,photos/top_view_images/P3130751.JPG,photos/side_view_images/P3131105.JPG,3.18,3.18,3.4798192977905273,0.2998192977905272,0.2998192977905272
densenet121,concat_abs_diff,elasticnet,408,105,photos/top_view_images/P3130752.JPG,photos/side_view_images/P3131106.JPG,4.24,4.24,3.8423149585723877,-0.3976850414276125,0.3976850414276125
densenet121,concat_abs_diff,elasticnet,409,106,photos/top_view_images/P3130753.JPG,photos/side_view_images/P3131107.JPG,1.06,1.06,1.1001713275909424,0.04017132759094233,0.04017132759094233
densenet121,concat_abs_diff,elasticnet,410,106,photos/top_view_images/P3130754.JPG,photos/side_view_images/P3131108.JPG,2.12,2.12,2.2568399906158447,0.13683999061584462,0.13683999061584462
densenet121,concat_abs_diff,elasticnet,411,106,photos/top_view_images/P3130755.JPG,photos/side_view_images/P3131109.JPG,3.18,3.18,3.1738758087158203,-0.006124191284179847,0.006124191284179847
densenet121,concat_abs_diff,elasticnet,412,106,photos/top_view_images/P3130756.JPG,photos/side_view_images/P3131110.JPG,4.24,4.24,3.975645065307617,-0.264354934692383,0.264354934692383
densenet121,concat_abs_diff,elasticnet,413,107,photos/top_view_images/P3130757.JPG,photos/side_view_images/P3131111.JPG,1.06,1.06,1.2809641361236572,0.22096413612365717,0.22096413612365717
densenet121,concat_abs_diff,elasticnet,414,107,photos/top_view_images/P3130758.JPG,photos/side_view_images/P3131112.JPG,2.12,2.12,2.3128952980041504,0.19289529800415028,0.19289529800415028
densenet121,concat_abs_diff,elasticnet,415,107,photos/top_view_images/P3130759.JPG,photos/side_view_images/P3131113.JPG,3.18,3.18,3.53580904006958,0.3558090400695799,0.3558090400695799
densenet121,concat_abs_diff,elasticnet,416,107,photos/top_view_images/P3130760.JPG,photos/side_view_images/P3131114.JPG,4.24,4.24,3.7100794315338135,-0.5299205684661867,0.5299205684661867
densenet121,concat_abs_diff,elasticnet,417,108,photos/top_view_images/P2090065.JPG,photos/side_view_images/P2090150.JPG,0.0,0.0,0.9816420078277588,0.9816420078277588,0.9816420078277588
densenet121,concat_abs_diff,elasticnet,418,109,photos/top_view_images/P2160216.JPG,photos/side_view_images/P2160516.JPG,0.0,0.0,0.2226724624633789,0.2226724624633789,0.2226724624633789
densenet121,concat_abs_diff,elasticnet,419,110,photos/top_view_images/P3100642.JPG,photos/side_view_images/P2020002.JPG,0.0,0.0,0.15695977210998535,0.15695977210998535,0.15695977210998535
